batch_id,sample_id,clean_text,label,label_before_adjudication,label_after_adjudication,adjudication_applied,human_label,human_notes,adjudication_review_reason
001,label_sample_0001,belum selesai lomba di mbg sekarang udah di living,netral,netral,netral,True,netral,teks ambigu tanpa polaritas jelas,catatan menunjukkan konteks ambigu/informatif
001,label_sample_0002,good job polri rekrut gizi spesialis buat mbg makin mantap,positif,positif,positif,False,,,
001,label_sample_0003,dapoer ibu boyolali terus salurkan mbg untuk para siswa,positif,netral,positif,True,positif,seperti support mbg,catatan menunjukkan konteks ambigu/informatif
001,label_sample_0004,duitnya buat mbg ga bisa bayar artist lokal,negatif,negatif,negatif,False,,,
001,label_sample_0005,deket rumah udah ada simulasi makan bergizi gratis,netral,netral,netral,True,netral,informasi simulasi tanpa opini,catatan menunjukkan konteks ambigu/informatif
001,label_sample_0006,mbg tuh makan basi gratis kh,negatif,negatif,negatif,False,,,
001,label_sample_0007,mbg hari ini nasi thiwul bothok oseng ndeso tempe bacem,netral,netral,netral,True,netral,informasi menu tanpa opini,catatan menunjukkan konteks ambigu/informatif
001,label_sample_0008,kurang mahkotanya king,netral,netral,netral,True,netral,tidak relevan atau konteks tidak jelas,teks sangat pendek; catatan menunjukkan konteks ambigu/informatif
001,label_sample_0009,lagi pengen nempeleng orang pencetus program mbg,negatif,negatif,negatif,False,,,
001,label_sample_0010,makasih mbg njung,positif,positif,positif,True,positif,ucapan terima kasih terhadap mbg,teks sangat pendek
001,label_sample_0011,fifi masuka,netral,netral,netral,True,netral,tidak relevan atau konteks tidak jelas,teks sangat pendek; catatan menunjukkan konteks ambigu/informatif
001,label_sample_0012,sinii mam sma bayiku lebih bergizi dibanding mbg ntu,negatif,negatif,negatif,False,,,
001,label_sample_0013,indonesiagelap dibawah rezim ini demi mbg,negatif,negatif,negatif,False,,,
001,label_sample_0014,mbg solusi tepat naikin gizi pelajar,positif,positif,positif,False,,,
001,label_sample_0015,mbg resmi dimulai,netral,netral,netral,True,netral,informasi program dimulai,teks sangat pendek; catatan menunjukkan konteks ambigu/informatif
001,label_sample_0016,ini baru prestasi mbg makin diakui dan dikagumi,positif,positif,positif,False,,,
001,label_sample_0017,kl gua ketawa gua dikasi mbg ga,netral,netral,netral,True,netral,candaan tanpa polaritas jelas,catatan menunjukkan konteks ambigu/informatif
001,label_sample_0018,pusing tuh mikirin mbg sama danantara awowkwokwok,negatif,negatif,negatif,False,,,
001,label_sample_0019,bilahi kone ma nokk la,netral,netral,netral,True,netral,tidak relevan atau konteks tidak jelas,catatan menunjukkan konteks ambigu/informatif
001,label_sample_0020,mbg mabok bersama gibran,negatif,negatif,negatif,False,,,
001,label_sample_0021,makan bergizi gratis bikin anak makin sehat mantap,positif,positif,positif,False,,,
001,label_sample_0022,smpn surabaya mbg nya mirip adkesmah bagi takjil,netral,netral,netral,True,netral,perbandingan tanpa polaritas jelas,catatan menunjukkan konteks ambigu/informatif
001,label_sample_0023,idiih minjem motor siapa lagi si mbg,negatif,netral,negatif,True,negatif,sindiran,catatan menunjukkan konteks ambigu/informatif
001,label_sample_0024,inilah orang yg butuh mbg biar gak stunting,positif,positif,positif,False,,,
001,label_sample_0025,mbg mbg adek gw noh gak dapet,negatif,negatif,negatif,False,,,
001,label_sample_0026,ndeko,netral,netral,netral,True,netral,teks terlalu pendek atau tidak jelas,teks sangat pendek; catatan menunjukkan konteks ambigu/informatif
001,label_sample_0027,mbg upaya populis angkat kualitas sdm yang ancaman apbn,negatif,negatif,negatif,False,,,
001,label_sample_0028,kok makan bukanya gak pake makan siang bergizi gratis sih,netral,netral,netral,True,netral,pertanyaan tanpa polaritas jelas,catatan menunjukkan konteks ambigu/informatif
001,label_sample_0029,utk menyukseskan mbg asn perlu bekerja hari seminggu,negatif,netral,negatif,True,negatif,sindiran,catatan menunjukkan konteks ambigu/informatif; netral tetapi ada sinyal positif
001,label_sample_0030,mantap mbg dapat apresiasi sepenuh hati,positif,positif,positif,False,,,
001,label_sample_0031,makan bergizi gratis langkah brilian kemenrans bgn,positif,positif,positif,False,,,
001,label_sample_0032,next bio meat sebagai sumber protein mbg,netral,netral,netral,True,netral,saran atau topik bahan pangan tanpa opini jelas,catatan menunjukkan konteks ambigu/informatif
001,label_sample_0033,potret penting pendidikan lebih penting dari mbg catat,negatif,negatif,negatif,False,,,
001,label_sample_0034,mbg gak mangkrak masih terus berjalan sampai saat ini,positif,positif,positif,False,,,
001,label_sample_0035,program mbg diatur sama menteri apa yak,netral,netral,netral,True,netral,pertanyaan tanpa polaritas jelas,catatan menunjukkan konteks ambigu/informatif
001,label_sample_0036,iya sebenernya mbg kan makan berisi gula upsie,negatif,negatif,negatif,False,,,
001,label_sample_0037,urusin gas aja sono drpd mbg gjlss,negatif,negatif,negatif,False,,,
001,label_sample_0038,oo photobox di mbg paling gede,netral,netral,netral,True,netral,tidak relevan dengan program mbg,catatan menunjukkan konteks ambigu/informatif
001,label_sample_0039,tp mbg dan kcic surabaya jalan terus,netral,netral,netral,True,netral,pernyataan informatif tanpa opini jelas,catatan menunjukkan konteks ambigu/informatif
001,label_sample_0040,kalo pemerintah kan fokus mbg,netral,netral,netral,True,netral,pernyataan faktual tanpa polaritas jelas,catatan menunjukkan konteks ambigu/informatif
001,label_sample_0041,makan bergizi untuk anak bangsa mbg,positif,positif,positif,False,,,
001,label_sample_0042,negara membiarkan kemiskinan solusinya mbg,negatif,negatif,negatif,False,,,
001,label_sample_0043,qobul aamiin mbg apa itu,netral,netral,netral,True,netral,pertanyaan tanpa polaritas jelas,catatan menunjukkan konteks ambigu/informatif
001,label_sample_0044,untung mha coba mbg,netral,netral,netral,True,netral,teks ambigu tanpa polaritas jelas,catatan menunjukkan konteks ambigu/informatif
001,label_sample_0045,mbg b nya katanya bukan bergizi ya tp busuk basi berulat,negatif,negatif,negatif,False,,,
001,label_sample_0046,mbg biyokimya,netral,netral,netral,True,netral,tidak relevan atau konteks tidak jelas,teks sangat pendek; catatan menunjukkan konteks ambigu/informatif
001,label_sample_0047,surga itu makan bergizi gratis,positif,positif,positif,False,,,
001,label_sample_0048,kontol emang mbg makan tuh nasi berak,negatif,negatif,negatif,False,,,
001,label_sample_0049,zindagi,netral,netral,netral,True,netral,tidak relevan atau konteks tidak jelas,teks sangat pendek; catatan menunjukkan konteks ambigu/informatif
001,label_sample_0050,bersama mbg harapan cerah menyongsong masa depan emas di,positif,positif,positif,False,,,
002,label_sample_0051,betul program mbg,positif,netral,positif,True,positif,"struktur kalimat tidak jelas tapi kalau dirangkai ulang mungkin hasilnya ""program mbg bagus""",teks sangat pendek
002,label_sample_0052,tutor mbg ada di twitter regilios ndut,netral,netral,netral,False,,,
002,label_sample_0053,thiakhane rek,netral,netral,netral,True,netral,ok,teks sangat pendek
002,label_sample_0054,kenyang kagak bego iya indonesiagelap makansianggratis,netral,netral,netral,False,,,
002,label_sample_0055,coba di tawarin ke tim mbg,netral,netral,netral,False,,,
002,label_sample_0056,sir kasi mbg jg dong ini sir tolong,netral,netral,netral,False,,,
002,label_sample_0057,berasa mbg,netral,netral,netral,True,netral,ok,teks sangat pendek
002,label_sample_0058,mbg guys yokk,positif,netral,positif,True,positif,cukup clear,teks sangat pendek
002,label_sample_0059,wts tiket timnas vs jepang wajib cod jogjaa,netral,netral,netral,False,,,
002,label_sample_0060,pasti ini caranya dengan mbg ketebakk nihh,netral,netral,netral,False,,,
002,label_sample_0061,mbg perdana di kotim dinikmati pelajar,netral,netral,netral,False,,,
002,label_sample_0062,anggaran untuk minum anda lebih besar dari mbg,netral,netral,netral,False,,,
002,label_sample_0063,mbg ama bw juga nah itu doang kan yg rame,netral,netral,netral,False,,,
002,label_sample_0064,fawad khan s mbg,netral,netral,netral,False,,,
002,label_sample_0065,mbg said he hates halo,netral,netral,netral,False,,,
002,label_sample_0066,mbg sucks in general,netral,netral,netral,False,,,
002,label_sample_0067,apasih isi daging kampanyenya mbg doang bkn,netral,netral,netral,False,,,
002,label_sample_0068,indonesia sehat berawal dari mbg mari terus dukung,positif,positif,positif,False,,,
002,label_sample_0069,tapi better anjirt dari mbg,netral,netral,netral,False,,,
002,label_sample_0070,program mbg makin hits nigcelom banget untuk jutaan orang,netral,netral,netral,False,,,
002,label_sample_0071,bru baca yg mbg,netral,netral,netral,False,,,
002,label_sample_0072,kata gendis semangkane mbg kecut bisa diganti duku,netral,netral,netral,False,,,
002,label_sample_0073,nasib apple di ri terancam hingga mbg butuh tambahan dana,netral,netral,netral,False,,,
002,label_sample_0074,mbg itu makan batagor gratis rupanya hehe,netral,netral,netral,False,,,
002,label_sample_0075,kerby kerby kerby,netral,netral,netral,True,netral,ok,teks sangat pendek
002,label_sample_0076,apapun masalahnya solusinya mbg gitu hh lawak,positif,positif,positif,False,,,
002,label_sample_0077,simpel apun permasalah negara solusinyq adalah mbg,positif,positif,positif,False,,,
002,label_sample_0078,yg penting tweet nya ngenyangin birahi buzzer mbg,netral,netral,netral,False,,,
002,label_sample_0079,mantul dukungan gizi dari polri bikin mbg makin optimal,positif,positif,positif,False,,,
002,label_sample_0080,bnyk kali cakapmu kontol ini korban anak lg dr mbg,netral,netral,netral,False,,,
002,label_sample_0081,untuk mbg saja ngutang ngomong sebakul ampun,negatif,negatif,negatif,False,,,
002,label_sample_0082,wow program mbg prabowo emang keren abis,netral,netral,netral,False,,,
002,label_sample_0083,apa nanti ke mbg ya,netral,netral,netral,True,netral,ok,catatan menunjukkan konteks ambigu/informatif
002,label_sample_0084,mikirin mbg ga kelarâ kapan mau mikir yg lain,negatif,netral,negatif,True,negatif,"komen typo, maksudnya mikir mbg nggak selesai-selesai gmn mau mikir yang lain",catatan menunjukkan konteks ambigu/informatif
002,label_sample_0085,sekalian aja semua apbn buat mbg yg kalian banggain itu,netral,netral,netral,False,,,
002,label_sample_0086,sepertinya mas perlu dapat mbg supaya tidak stunting bu,netral,netral,netral,False,,,
002,label_sample_0087,mbg makan bergizi gratis ã mbg mall bali galeria,positif,positif,positif,False,,,
002,label_sample_0088,pati itu singkatan kepanjangannya pejabat tinggi cmiiw,netral,netral,netral,False,,,
002,label_sample_0089,semua kacau gara gara mbg,netral,netral,netral,False,,,
002,label_sample_0090,apaka intense seizecontroldlsu,netral,netral,netral,True,netral,ok,teks sangat pendek
002,label_sample_0091,batalkan program mbg,negatif,netral,negatif,True,negatif,"jelas, penolakan pada program",teks sangat pendek
002,label_sample_0092,duitnya udh habis bwt mbg,netral,netral,netral,False,,,
002,label_sample_0093,boonk dpt mbg,netral,netral,netral,True,netral,ok,teks sangat pendek
002,label_sample_0094,kepala batu orang butuh pendidikan gratiss wok ndasmu mbg,netral,netral,netral,False,,,
002,label_sample_0095,dukung penuh program program pendidikan kayak mbg ini,positif,positif,positif,False,,,
002,label_sample_0096,semua demi makan bergizi gratis yang gak bergizi amat itu,positif,positif,positif,False,,,
002,label_sample_0097,bayarkan dulu hak para sppg program mbg dari bulan januari,netral,netral,netral,False,,,
002,label_sample_0098,jauh kali pun dr mbg,netral,netral,netral,False,,,
002,label_sample_0099,keliatannya lebih bergizi dari mbg,positif,positif,positif,False,,,
002,label_sample_0100,makan bergizi gratis mgb,positif,positif,positif,False,,,
003,label_sample_0101,makan gratis bergizi demi anak indonesia berprestasi,positif,positif,positif,False,,,
003,label_sample_0102,miris ditengah program mbg,netral,netral,netral,False,,,
003,label_sample_0103,gpp ngotot aja terus gass mbg biar makin ambles,netral,netral,netral,False,,,
003,label_sample_0104,makan bergizi gratis bkin enerjik dan smangat trus,positif,positif,positif,False,,,
003,label_sample_0105,kasih mbg malah tambah letoy,netral,netral,netral,False,,,
003,label_sample_0106,mbg mall bringkits galleria,netral,netral,netral,False,,,
003,label_sample_0107,penampakan mbg kalau tidak dikorupsi kira kira seperti ini,negatif,negatif,negatif,False,,,
003,label_sample_0108,gktau tuh blm dapet samsek si mbg mbg itu,netral,netral,netral,False,,,
003,label_sample_0109,haha sponsor mbg ternyata wong tuwo ku dhewe,netral,netral,netral,False,,,
003,label_sample_0110,udah gitu masih maksa mbg hdehh,netral,netral,netral,False,,,
003,label_sample_0111,btul mbg di rumah selain itu gk seru,netral,netral,netral,False,,,
003,label_sample_0112,cobain menu mbg dong buat bukber,netral,netral,netral,False,,,
003,label_sample_0113,si mulisema tukubali watufinye instead tuwafinye,netral,netral,netral,False,,,
003,label_sample_0114,side dish mbg soon,netral,netral,netral,False,,,
003,label_sample_0115,eeh mpangi,netral,netral,netral,True,netral,teks tidak jelas; tidak ada sentimen ke MBG,teks sangat pendek
003,label_sample_0116,hebat gerakan mbg bikin dunia lebih peduli sama gizi,netral,netral,netral,False,,,
003,label_sample_0117,kalo sampe sekeren itu mbg bayar lah gaji staffnya ndut,netral,netral,netral,False,,,
003,label_sample_0118,mbg jadi mgb makan nggak bayar,netral,netral,netral,False,,,
003,label_sample_0119,hizo falta again mbg,netral,netral,netral,False,,,
003,label_sample_0120,ramadhan mbg tetap berjalan,netral,netral,netral,False,,,
003,label_sample_0121,mbg makan bayar gratis,netral,netral,netral,False,,,
003,label_sample_0122,udah isinya evaluasi mbg gelombang pertama,netral,netral,netral,False,,,
003,label_sample_0123,mbg tuh apa si makan bersama gratis,netral,netral,netral,True,netral,pertanyaan definisi tanpa polaritas,catatan menunjukkan konteks ambigu/informatif
003,label_sample_0124,mbg adek gweh lontonge basi lagi anjink,negatif,negatif,negatif,False,,,
003,label_sample_0125,terima kasih pak prabowo makanbergizigratis mbg papua,positif,positif,positif,False,,,
003,label_sample_0126,keren banget program mbg sukses besar dalam hari pertama,netral,netral,netral,False,,,
003,label_sample_0127,bubarin danantara sama stop mbg dlu baru dimaapin,netral,netral,netral,False,,,
003,label_sample_0128,mantapp mbg semoga makin lancarr,positif,positif,positif,False,,,
003,label_sample_0129,banyak negara ingin mencontoh mbg,netral,netral,netral,False,,,
003,label_sample_0130,yg deket mbg,netral,netral,netral,True,netral,teks pendek; konteks tidak cukup,teks sangat pendek
003,label_sample_0131,hii km dah dpt mbg brp kali,netral,netral,netral,False,,,
003,label_sample_0132,abis pada di kasih makan bergizi gratis,positif,positif,positif,False,,,
003,label_sample_0133,ndut santai vs ndut mbg,netral,netral,netral,False,,,
003,label_sample_0134,ogiaahh kalau duta mbg nanti kena tabox deddy botax,netral,netral,netral,False,,,
003,label_sample_0135,ya kan telat ga dapat mbg cuy,netral,netral,netral,False,,,
003,label_sample_0136,menu mbg dong harusnya pak biar kelihatan konsistensinya,netral,netral,netral,False,,,
003,label_sample_0137,dengan program mbg sehat untuk semua bukan lagi mimpi,positif,positif,positif,False,,,
003,label_sample_0138,mbg bukan,netral,netral,netral,True,netral,teks pendek; konteks tidak cukup,teks sangat pendek
003,label_sample_0139,lumayan dapet sisa mbg,netral,netral,netral,False,,,
003,label_sample_0140,nyiapin mbg untuk kenzo,netral,netral,netral,False,,,
003,label_sample_0141,ust abd somad kajian makan bergizi gratis,positif,positif,positif,False,,,
003,label_sample_0142,emang mbg masih ada,netral,netral,netral,False,,,
003,label_sample_0143,jangan dibuang kak sayang buat lauk mbg,negatif,negatif,negatif,False,,,
003,label_sample_0144,makansianggratis di london diperpanjang,netral,netral,netral,False,,,
003,label_sample_0145,trikot,netral,netral,netral,True,netral,tidak terkait jelas dengan MBG,teks sangat pendek
003,label_sample_0146,mbg aja diambil yg bukan jatahnya kocak lu semua,netral,netral,netral,False,,,
003,label_sample_0147,maaf bgt aku salah baca mgb jadi mbg,netral,netral,netral,False,,,
003,label_sample_0148,coba aja menu mbg gitu,netral,netral,netral,False,,,
003,label_sample_0149,endingnya plg makan bergizi gratis ga jalanw wkwk,positif,positif,positif,False,,,
003,label_sample_0150,oke mbg nan,netral,netral,netral,True,netral,ada kata oke tetapi konteks tidak cukup,teks sangat pendek
004,label_sample_0151,lah iya menunya gak kaya mbg,netral,netral,netral,False,,,
004,label_sample_0152,kebalikannya bang ipul kwkwkwk,netral,netral,netral,False,,,
004,label_sample_0153,katanya king indonesia kok gak masuk list,netral,netral,netral,False,,,
004,label_sample_0154,bolehkah makan bergizi gratis mbg di sekolah pilih menu,positif,positif,positif,False,,,
004,label_sample_0155,kok hampir semua kementrian pd ngotot mbg ada apa,negatif,netral,negatif,True,negatif,nada curiga terhadap dorongan kementerian pada MBG,catatan menunjukkan konteks ambigu/informatif
004,label_sample_0156,mending ini drpd mbg,netral,netral,netral,False,,,
004,label_sample_0157,ga salah sih mbg kan makanan beracun gratis,netral,netral,netral,False,,,
004,label_sample_0158,prabowo sukses angkat harapan rakyat mbg top,positif,positif,positif,False,,,
004,label_sample_0159,ompreng penjara mbg,negatif,netral,negatif,True,negatif,asosiasi ompreng penjara bernada merendahkan MBG,teks sangat pendek
004,label_sample_0160,demi mbg semua di korbankan,netral,netral,netral,False,,,
004,label_sample_0161,good job polri dukung terus program gizi mbg,positif,positif,positif,False,,,
004,label_sample_0162,degeul domram bi,netral,netral,netral,True,netral,teks tidak jelas; tidak ada sentimen ke MBG,teks sangat pendek
004,label_sample_0163,gawin kaya lagi makan makanan bergizi gratis,positif,positif,positif,False,,,
004,label_sample_0164,apapun masih mending dibanding mbg asu ini wkwkw,netral,netral,netral,False,,,
004,label_sample_0165,otw mbg,netral,netral,netral,True,netral,teks pendek; tidak ada polaritas jelas,teks sangat pendek
004,label_sample_0166,mbg opo,netral,netral,netral,True,netral,pertanyaan singkat tanpa polaritas,teks sangat pendek
004,label_sample_0167,pawankalyanbdaycelebrations adv hbd my man ï x f,netral,netral,netral,False,,,
004,label_sample_0168,mending gaji dpd aja yg dipake mbg,netral,netral,netral,False,,,
004,label_sample_0169,kemenkop fasilitasi gakoptindo jadi penyuplai program mbg,netral,netral,netral,False,,,
004,label_sample_0170,asosiasi minta program mbg berpihak pada peternak lokal,netral,netral,netral,False,,,
004,label_sample_0171,mbemba,netral,netral,netral,True,netral,teks tidak jelas; tidak ada sentimen ke MBG,teks sangat pendek
004,label_sample_0172,ora mangan mbg ora pateken,netral,netral,netral,False,,,
004,label_sample_0173,mbg sopo,netral,netral,netral,True,netral,pertanyaan singkat tanpa polaritas,teks sangat pendek
004,label_sample_0174,program mbg patut diacungi jempol inspiratif,netral,netral,netral,False,,,
004,label_sample_0175,tunjangan gaji lu pada aja dikurangin buat mbg gimana,netral,netral,netral,False,,,
004,label_sample_0176,kelompok knpb bawa semangat perjuangkan papua dari mbg,netral,netral,netral,False,,,
004,label_sample_0177,haish dasar hoax jelas jelas mbg bagus untuk rakyat,positif,positif,positif,False,,,
004,label_sample_0178,full untuk mbg,netral,netral,netral,True,netral,teks terlalu pendek; dukungan tidak eksplisit,teks sangat pendek
004,label_sample_0179,nggak perlu khawatir lagi kesehatan terjamin sama mbg,positif,positif,positif,False,,,
004,label_sample_0180,masakan nuna lebih enak padahaal timbang mbg wkwkw,netral,netral,netral,False,,,
004,label_sample_0181,mbg malak bapa gratis,netral,netral,netral,False,,,
004,label_sample_0182,mantap mbg sukses dukung kesejahteraan gizi bangsa,positif,positif,positif,False,,,
004,label_sample_0183,khan ada makan siang gratis,netral,netral,netral,False,,,
004,label_sample_0184,sangat bermanfaat semoga mbg makin meluas jangkauannya,positif,positif,positif,False,,,
004,label_sample_0185,skema makan bergizi gratis asa besar yang membebani umkm,positif,positif,positif,False,,,
004,label_sample_0186,mbg nj m,netral,netral,netral,True,netral,teks tidak jelas; tidak ada sentimen ke MBG,teks sangat pendek
004,label_sample_0187,gk liat aja vendor mbg kabur,netral,netral,netral,False,,,
004,label_sample_0188,wallah comp na wa vas y toi,netral,netral,netral,False,,,
004,label_sample_0189,mbg tu program pemerintah apa rakyat sebenernya,netral,netral,netral,True,netral,pertanyaan status program tanpa polaritas tegas,catatan menunjukkan konteks ambigu/informatif
004,label_sample_0190,di mbg aja kalau mau murmer ya erlangga kris a,netral,netral,netral,False,,,
004,label_sample_0191,budone senegal baniuni kou goor ki dako ligey ptdr,netral,netral,netral,False,,,
004,label_sample_0192,ya kan lucunya kemarin tuh smpet bahas mbg,netral,netral,netral,False,,,
004,label_sample_0193,wacha kucheka sana mtu wa mjengo asituskie,netral,netral,netral,False,,,
004,label_sample_0194,muka kebanyakan mbg ceking kucel ngomong tak jelas,netral,netral,netral,False,,,
004,label_sample_0195,janganâ yang ngirim si jelmaan napoleon dr animal farm,netral,netral,netral,False,,,
004,label_sample_0196,mbg dorong sdm unggul untuk sambut dengan senyuman,netral,netral,netral,False,,,
004,label_sample_0197,itu mah mbg cuy,netral,netral,netral,False,,,
004,label_sample_0198,mbg tuh apa ya kak makanan babi gendut kahh,negatif,netral,negatif,True,negatif,candaan/ejekan terhadap istilah MBG,catatan menunjukkan konteks ambigu/informatif
004,label_sample_0199,setidaknya biar jelas maunya apa mbg,negatif,netral,negatif,True,negatif,menyiratkan ketidakjelasan arah MBG,catatan menunjukkan konteks ambigu/informatif
004,label_sample_0200,dia ngomong apa emang ttg mbg ikn,netral,netral,netral,True,netral,pertanyaan konteks pembicaraan tanpa sentimen,catatan menunjukkan konteks ambigu/informatif
005,label_sample_0201,mbg tai emang,negatif,netral,negatif,True,negatif,umpatan langsung terhadap MBG,teks sangat pendek
005,label_sample_0202,mbg untuk indonesia lebih baik guys,positif,positif,positif,False,,,
005,label_sample_0203,kalau ada mbg ekonomi udah aman vibes mbgdorongekonomi,netral,netral,netral,False,,,
005,label_sample_0204,yok dukung program makan bergizi gratis,positif,positif,positif,False,,,
005,label_sample_0205,dengan mbg nggak ada lagi yang bingung soal makan sehat makanbergizibangunnegeri,positif,positif,positif,False,,,
005,label_sample_0206,personil polsek muara batang gadis melaksanakan patroli siang di desa singkuang i,netral,netral,netral,False,,,
005,label_sample_0207,salut buat pemerintah dukung rakyat lewat program makan bergizi gratis,positif,positif,positif,False,,,
005,label_sample_0208,dpr sesalkan komentar keras deddy corbuzier terhadap siswa yang komplain mbg,netral,netral,netral,False,,,
005,label_sample_0209,tokoh agama papua apresiasi mbg mari kita ikut serta bantu anak anak,positif,positif,positif,False,,,
005,label_sample_0210,pemkab temanggung alokasikan rp miliar untuk pendampingan program mbg,netral,netral,netral,False,,,
005,label_sample_0211,bangga donk presiden masih memikirkan gizi anak anak indonesia melalui program mbg,netral,netral,netral,False,,,
005,label_sample_0212,tapi kan di sana nggak ada makan bergizi gratis kalah dong sama mas wowok,positif,positif,positif,False,,,
005,label_sample_0213,bagusny dari gaji tunjangan biaya perjalanan pejabat tinggi dipotong untuk mbg,positif,positif,positif,False,,,
005,label_sample_0214,program mbg buktiin pemerintah emang perhatian ke rakyat kecil harikerjanyata,netral,netral,netral,False,,,
005,label_sample_0215,lewat mbg umkm lebih kuat dan nutrisi anak makin diperhatikan mbgdorongekonomi,netral,netral,netral,False,,,
005,label_sample_0216,presiden jaga program mbg tetep lancar buat semua yang terkena banjir,netral,netral,netral,False,,,
005,label_sample_0217,asli salut sama umkm yang sukses dukung program mbg umkmdukungmbg,positif,positif,positif,False,,,
005,label_sample_0218,kembali lagi knp kita butuh pendidikan gratis dan bukan mbg,netral,netral,netral,False,,,
005,label_sample_0219,sinergi rakyat dan tokoh agama papua dalam program mbg bikin kita makin bangga,netral,netral,netral,False,,,
005,label_sample_0220,dukung program mbg dewan adat bamus betawi bermanfaat bagi masyarakat,positif,positif,positif,False,,,
005,label_sample_0221,vendor mbg pada ngundurin diri silahkan cari beritanya gitu dibilang efek positif,netral,netral,netral,False,,,
005,label_sample_0222,program mbg ajak kita kenal lebih dekat dengan adat papua mbgpapua,netral,netral,netral,False,,,
005,label_sample_0223,jadwal teratur buat mbg di papua pegunungan lancar jaya deh,netral,netral,netral,False,,,
005,label_sample_0224,kita bersatu buat satu tujuan program mbg bakal sukses banget,netral,netral,netral,False,,,
005,label_sample_0225,dilarang tuh habis ini sob mbg di sebagian daerah udah di stop sama phk juga,netral,netral,netral,False,,,
005,label_sample_0226,emang si di omong dedy iku salah ta nang vt ne seng mbahas mbg,netral,netral,netral,False,,,
005,label_sample_0227,program mbg keren banget bisa jadi solusi buat adik adik di papua biar makin maju,positif,positif,positif,False,,,
005,label_sample_0228,kalo disuruh pilih makanan kantin atau mbg aku pilih makanan kantin,netral,netral,netral,False,,,
005,label_sample_0229,mbg bawa kesempatan baru agar umkm tumbuh lebih besar mbgdorongekonomi,netral,netral,netral,False,,,
005,label_sample_0230,bro coba deh cari jejak digital si budiman sujatmiko bilang mbg cukup,netral,netral,netral,False,,,
005,label_sample_0231,diantara semua menu mbg menu ini yang paling sadfood wkwkwk,netral,netral,netral,False,,,
005,label_sample_0232,no need worry soal gizi umkm sediakan program makan bergizi gratis umkmdukungmbg,positif,positif,positif,False,,,
005,label_sample_0233,keren banget pemerintah program mbg bikin masa depan pendidikan indonesia cerah,netral,netral,netral,False,,,
005,label_sample_0234,menu sayur mbg di purworejo kedapatan basi telur rusak lewat,negatif,negatif,negatif,False,,,
005,label_sample_0235,kita bisa lihat masa depan lebih cerah dengan program seperti mbg,netral,netral,netral,False,,,
005,label_sample_0236,babinsa sorong kota bantu pendistribusian makan bergizi gratis,positif,positif,positif,False,,,
005,label_sample_0237,menteri komdigi ngepost video promosi mbg hasil ai wkwkkwwk,netral,netral,netral,False,,,
005,label_sample_0238,mbg adalah program pembodohan bukan makanan bergizi tapi makanan pengotor gigi,positif,positif,positif,False,,,
005,label_sample_0239,mbg diutamain yg harusnya kerja malah joget y preaidennya joget,netral,netral,netral,False,,,
005,label_sample_0240,masyarakat sehat lapangan kerja bertambah semua untung dengan mbg,positif,positif,positif,False,,,
005,label_sample_0241,bersama tokoh agama mari kita dukung mbg untuk anak papua sehat,positif,positif,positif,False,,,
005,label_sample_0242,video peran dpr agar rp triliun di program mbg prabowo gak sia sia,netral,netral,netral,False,,,
005,label_sample_0243,mbg versiku meskipun ga tiap hari sebulan sekali pun aku bersyukur sekali,netral,netral,netral,False,,,
005,label_sample_0244,apakah semua siswa siswi sekolah di indonesia bisa merasakan mbg,netral,netral,netral,False,,,
005,label_sample_0245,bentar lgi restoran hotel ikutan tender supplier mbg wkwkkw,netral,netral,netral,False,,,
005,label_sample_0246,tetep top dengan evaluasi gratis mbg makin superb mbgselektifdanhigienis,netral,netral,netral,False,,,
005,label_sample_0247,hah maksudnya apa sih meninjau mbg kok malah bagi skincare woy kerja yang bener,negatif,netral,negatif,True,negatif,kritik terhadap kegiatan peninjauan MBG,catatan menunjukkan konteks ambigu/informatif
005,label_sample_0248,papua menanti program mbg jadi kenyataan di seluruh daerah mbgpapua,netral,netral,netral,False,,,
005,label_sample_0249,kantin sekolah jadi tempat seru yang penuh nutrisi bareng program mbg,netral,netral,netral,False,,,
005,label_sample_0250,dengan mbg sumbar bantu juta orang sehat dan kuat hadapi hari,positif,positif,positif,False,,,
006,label_sample_0251,mbg adalah booster buat umkm pangan supaya bisa bersinar mbgdorongekonomi,netral,netral,netral,False,,,
006,label_sample_0252,tebak nama grup wa yang isinya tsamara deddy dkk utk melawan kritik mbg,netral,netral,netral,False,,,
006,label_sample_0253,makan bergizi gratis ini bikin anak anak lebih bahagia dan bertenaga,positif,positif,positif,False,,,
006,label_sample_0254,ahli gizi mbg dan stafnya bisa tersenyum lebaran ini gaji cair sebelum waktunya,netral,netral,netral,False,,,
006,label_sample_0255,salah gambarnya di mana sih ada mbg yg sayur dan lauknya sebanyak itu,negatif,netral,negatif,True,negatif,skeptis terhadap kualitas/menu MBG,catatan menunjukkan konteks ambigu/informatif
006,label_sample_0256,engga bu kan lagi efisiensi mungkin pake uangnya prabowo seperti mbg,netral,netral,netral,False,,,
006,label_sample_0257,program makan bergizi gratis jadi nyata berkat dukungan umkm umkmdukungmbg,positif,positif,positif,False,,,
006,label_sample_0258,prabowo respons wacana dana zakat digunakan untuk program mbg ini penjelasannya,netral,netral,netral,False,,,
006,label_sample_0259,udah dibilang dari awal mbg ini cuma sebagai sarana buat korupsi,negatif,negatif,negatif,False,,,
006,label_sample_0260,tolak mbg minta pendidikan gratis begitu dikirim guru malah di bantai,netral,netral,netral,False,,,
006,label_sample_0261,bukannya buat ningkatin kualitas mbg malah dipake bayar buzzer,netral,netral,netral,False,,,
006,label_sample_0262,program mbg mendukung percepatan perkembangan ekonomi negara,positif,positif,positif,False,,,
006,label_sample_0263,koramil umbulharjo sukseskan program makan bergizi gratis di wilayah binaan,positif,positif,positif,False,,,
006,label_sample_0264,no wonder anakuoneanga kijana shika adabu na adabu ikushike mshikamane,netral,netral,netral,False,,,
006,label_sample_0265,pemprov kalbar siap luncurkan program makan bergizi gratis untuk pelajar bnetwork,positif,positif,positif,False,,,
006,label_sample_0266,kalo negara belom siap jalankan program mbg mending ditunda dulu atau dibatalkan,netral,netral,netral,False,,,
006,label_sample_0267,semakin banyak dukungan semakin sukses program mbg buat papua,positif,positif,positif,False,,,
006,label_sample_0268,bertemu pm ishiba shigeru presiden prabowo pastikan jepang bantu program mbg,netral,netral,netral,False,,,
006,label_sample_0269,bakti untuk negeri babinsa serui bahagia terlibat langsung distribusi mbg,netral,netral,netral,False,,,
006,label_sample_0270,diperlukan dapur sehat mbg untuk melayani ribu pelajar di gunungkidul,positif,positif,positif,False,,,
006,label_sample_0271,program mbg bangkitkan ekonomi lokal lewat produk susu keren,netral,netral,netral,False,,,
006,label_sample_0272,bersama dukung makan bergizi gratis cegah stunting biar anak sekolah tambah sehat,positif,positif,positif,False,,,
006,label_sample_0273,biar gak nongol terus bisa gak aguz dikasih program makan bergizi gratis biar diem,positif,positif,positif,False,,,
006,label_sample_0274,presiden udah siapin rencana buat program mbg tetap jalan walau ada banjir,netral,netral,netral,False,,,
006,label_sample_0275,sukseskan makan bergizi gratis makanbergizigratis mbg papua,positif,positif,positif,False,,,
006,label_sample_0276,w dah bosen bebeh bgt tiap matkul bahasannya mbg mulu apalagi susu ikan,netral,netral,netral,False,,,
006,label_sample_0277,program mbg di magelang tetap berjalan saat ramadan begini menu dan distribusinya,netral,netral,netral,False,,,
006,label_sample_0278,apakah program makan bergizi gratis prabowo buruk bagi perekonomian,positif,positif,positif,False,,,
006,label_sample_0279,distribusi program mbg tetap dijalankan meski ada banjir dari presiden,netral,netral,netral,False,,,
006,label_sample_0280,umkm give full support untuk program mbg demi masyarakat sehat umkmdukungmbg,positif,positif,positif,False,,,
006,label_sample_0281,lebaran lebih seru kalo gaji udah aman di rekening terima kasih buat staf gizi mbg,positif,positif,positif,False,,,
006,label_sample_0282,program makan bergizi gratis gerakan perekonomian lokal penuhigiziindonesia,positif,positif,positif,False,,,
006,label_sample_0283,lebih dari sekedar gerakan mbg adalah gaya hidup sehat dengan produk lokal,positif,positif,positif,False,,,
006,label_sample_0284,bangga jadi bagian dari perubahan positif ini program mbg emang juara,netral,netral,netral,False,,,
006,label_sample_0285,hilang cerita makan bergizi gratis anak sekolah sudah puasa siap tu libur panjang,positif,positif,positif,False,,,
006,label_sample_0286,nasi kotak buat artis pasti budgetnya k up gak sih lah mbg berapa,negatif,netral,negatif,True,negatif,membandingkan anggaran MBG secara kritis,catatan menunjukkan konteks ambigu/informatif
006,label_sample_0287,program mbg salah satu solusi terbaik untuk anak papua kita dukung yuk,positif,positif,positif,False,,,
006,label_sample_0288,mbg jalan harga pangan naik gk pak kmi gk trimakasih nambah beban rakyat aj,positif,positif,positif,False,,,
006,label_sample_0289,ikutan mbg biar tubuh lebih fit dan petani lokal makin dipanggil pahlawan,netral,netral,netral,False,,,
006,label_sample_0290,langkah besar dari mbg buat pendidikan papua jadi makin terjangkau dan fleksibel,netral,netral,netral,False,,,
006,label_sample_0291,walau sebenarnya makan bergizi gratis itu ga benar benar gratis,positif,positif,positif,False,,,
006,label_sample_0292,keren upaya pemerintah dan militer buat dukung pendidikan lewat program mbg,positif,positif,positif,False,,,
006,label_sample_0293,pemerintah pastikan mbg buat juta jiwa langkah optimis dan keren abis,netral,netral,netral,False,,,
006,label_sample_0294,presiden totalitas pastikan lintas aliran mbg tetap sampai di setiap daerah banjir,netral,netral,netral,False,,,
006,label_sample_0295,sekolah di papua akan diberdayakan menjadi dapur makan bergizi gratis,positif,positif,positif,False,,,
006,label_sample_0296,di balik generasi sehat ada juta penerima mbg di sumbar salute for a better future,positif,positif,positif,False,,,
006,label_sample_0297,video pro kontra susu ikan vs susu sapi di program mbg prabowo,netral,netral,netral,False,,,
006,label_sample_0298,meski banjir tak kunjung usai presiden pastikan program mbg berlanjut,netral,netral,netral,False,,,
006,label_sample_0299,kompak bener semua mendukung mbg ekonomi rakyat jadi prioritas,positif,positif,positif,False,,,
006,label_sample_0300,kepedulian sumbar layak dicontoh program mbg bawa dampak positif untuk banyak orang,netral,netral,netral,False,,,
007,label_sample_0301,dana mbg hadir pendidikan tetap adem sinergimencerdaskanbangsa,netral,netral,netral,False,,,
007,label_sample_0302,kebijakan mbg di papua diapresiasi warga harap dampaknya bisa jauh ke depan,positif,positif,positif,False,,,
007,label_sample_0303,makan bergizi gratis mantap jiwa semua bisa dapat makanan sehat makanbergiziponpes,positif,positif,positif,False,,,
007,label_sample_0304,siswa sd di sukoharjo keracunan mbg dpr jangan digeneralisir jadi sebuah kegagalan,netral,netral,netral,False,,,
007,label_sample_0305,mbok uwess ah mbg teroos negara genting kayak gini masih aja mbg,netral,netral,netral,False,,,
007,label_sample_0306,sudah kudugem makan bergizi gratis bakalan ada kasus keracunan tipikal konoha,positif,positif,positif,False,,,
007,label_sample_0307,sok peduli anak global dulu aja bikin program mbg bt anak indonesia diejekk,netral,netral,netral,False,,,
007,label_sample_0308,ragil gojo lihat dengar pahami sabrina siang makan bergizi gratis,positif,positif,positif,False,,,
007,label_sample_0309,generasi sehat dimulai dari dukungan kita semua untuk papua barat daya dengan mbg,positif,positif,positif,False,,,
007,label_sample_0310,perancis suruh lihat menu mbg yg minimalis kalau nggak nangis,netral,netral,netral,False,,,
007,label_sample_0311,kalo anggaran mbg dipotong bisa bisa jatah makannya cuman ribu rupiah dong,netral,netral,netral,False,,,
007,label_sample_0312,keberhasilan mbg bergantung pada integritas dan akuntabilitas,netral,netral,netral,False,,,
007,label_sample_0313,anggota dpr dorong pemerintah kuatkan pengawasan makanan dalam mbg,netral,netral,netral,False,,,
007,label_sample_0314,makan bergizi gratis itu jadi taktik perang dagang dgn amrik tak tik apaan tuh,positif,positif,positif,False,,,
007,label_sample_0315,langkah prabowo dengan makan bergizi gratis adalah solusi hebat,positif,positif,positif,False,,,
007,label_sample_0316,pokoknya tim mbg dan umkm bikin hidup sehat itu jadi lebih realistis umkmdukungmbg,positif,positif,positif,False,,,
007,label_sample_0317,muncul usulan makan bergizi gratis minta dibiayai zakat pan berikan respon,positif,positif,positif,False,,,
007,label_sample_0318,kali aja jadi staf khusus buat nakut in anak yg gak mau makan mbg,netral,netral,netral,False,,,
007,label_sample_0319,program makan bergizi gratis menurunkan angka stunting di papua papuasejahtera,positif,positif,positif,False,,,
007,label_sample_0320,wakil presiden terpilih uji coba program mbg di kota tangerang,netral,netral,netral,False,,,
007,label_sample_0321,generasi sehat bukan sekedar wacana dengan adanya program makan bergizi gratis ini,positif,positif,positif,False,,,
007,label_sample_0322,mbg memicu perkembangan pesat anak papua ke arah lebih baik,positif,positif,positif,False,,,
007,label_sample_0323,bukan soal modal tapi strategi mbg kasih insight nya mbgdorongekonomi,netral,netral,netral,False,,,
007,label_sample_0324,puasaa yuk dengan makan bergizi gratis ayo dukung agar tetap jalan,positif,positif,positif,False,,,
007,label_sample_0325,program makan bergizi gratis untuk anak anak indonesia penuhigiziindonesia,positif,positif,positif,False,,,
007,label_sample_0326,ã ã pada baik bgtt full dpt makan enakk dan bneran gratiss rill mbg,positif,positif,positif,False,,,
007,label_sample_0327,presiden yakinkan program mbg tersalur meski banjir melanda,netral,netral,netral,False,,,
007,label_sample_0328,jubir kepresidenan menu susu di mbg diprioritaskan bagi daerah penghasil,netral,netral,netral,False,,,
007,label_sample_0329,keracunan usai konsumsi mbg belasan murid sd di takalar dilarikan ke puskesmas,netral,netral,netral,False,,,
007,label_sample_0330,kodim oku panen sayur dukung program makan bergizi gratis untuk masyarakat,positif,positif,positif,False,,,
007,label_sample_0331,ya kali udh dukung mbg sampe berani keluar kata tabok ga diangkat,positif,positif,positif,False,,,
007,label_sample_0332,iya kan pak kasih lah mereka ini makan bergizi gratis biar ga stunting otaknya,positif,positif,positif,False,,,
007,label_sample_0333,daripada bayar buzzer bot mending cairin gaji pegawai mbg ya min,netral,netral,netral,False,,,
007,label_sample_0334,mbg lebih parah daripada pandemi covid waktu covid aja tetep cair,netral,netral,netral,False,,,
007,label_sample_0335,umkm ngeluarin peran penting untuk bantu makan bergizi gratis umkmdukungmbg,positif,positif,positif,False,,,
007,label_sample_0336,intip menu makan bergizi gratis hingga proses pembagiannya ke siswa di makassar,positif,positif,positif,False,,,
007,label_sample_0337,mirip siapa gitu yaa digencarkan program mbg ketimbang pendidikan gratis lagulama,negatif,netral,negatif,True,negatif,mengkritik prioritas MBG dibanding pendidikan gratis,catatan menunjukkan konteks ambigu/informatif
007,label_sample_0338,presiden ambil tindakan nyata agar mbg tetap ada di masa banjir,netral,netral,netral,False,,,
007,label_sample_0339,almuniza banda aceh siap laksanakan program makan bergizi gratis,positif,positif,positif,False,,,
007,label_sample_0340,ketua bgn ungkap faktor kunci sukses program makan bergizi gratis,positif,positif,positif,False,,,
007,label_sample_0341,gerakan program mbg papua barat bawa angin segar untuk masa depan sehat,positif,positif,positif,False,,,
007,label_sample_0342,potensi mo di betak untuk kemana lagi si untuk mbg yang ga seberapa itu,netral,netral,netral,False,,,
007,label_sample_0343,program mbg jadi makin ciamik berkat kontribusi cerdas dari umkm umkmdukungmbg,positif,positif,positif,False,,,
007,label_sample_0344,mbg makan bergizi gratis ï x f makan bersyukur gratis ï x f,positif,positif,positif,False,,,
007,label_sample_0345,presiden punya tindak lanjut pastikan mbg di wilayah banjir,netral,netral,netral,False,,,
007,label_sample_0346,berarti makan siang gratis harusnya gak rb ya per porsi biar dpt yg bergizi,positif,positif,positif,False,,,
007,label_sample_0347,atau mbg yang t hr pdhl mbg seminggu bisa buat beli vaksin setahun,netral,netral,netral,False,,,
007,label_sample_0348,mbg bantu umkm capai potensi maksimalnya tanpa batas mbgdorongekonomi,netral,netral,netral,False,,,
007,label_sample_0349,salut buat semua yang udah saling support untuk kesuksesan mbg papua,netral,netral,netral,False,,,
007,label_sample_0350,politik gak ngaruh ke kehidupan kita makan noh mbg minyak oplosan dll,netral,netral,netral,False,,,
008,label_sample_0351,umkm maju dengan program makan gratis bergizi ini mbgdorongekonomi,positif,positif,positif,False,,,
008,label_sample_0352,nah itu dia pake pengurangan anggaran yg katanya buat mbg ternyata buat dana,netral,netral,netral,False,,,
008,label_sample_0353,weekend produktif dirjen agung gandeng peternak olah susu lokal untuk mbg,netral,netral,netral,False,,,
008,label_sample_0354,yauda hapus aja program mbg sm danantara dananya dialihin buat hapus kemiskinan,netral,netral,netral,False,,,
008,label_sample_0355,tantangan program makan bergizi gratis di malang masih minim libatkan masyarakat,positif,positif,positif,False,,,
008,label_sample_0356,sama seperti yg dimaksudkan pemerintah serangga akan di jadikan menu mbg,netral,netral,netral,False,,,
008,label_sample_0357,wilayah banjir tetap perhatian presiden pastiin program mbg atur terus sampe beres,netral,netral,netral,False,,,
008,label_sample_0358,dikasih pilihan pendidikan gratis malah pilih makan bergizi gratis aja udh aneh,positif,positif,positif,False,,,
008,label_sample_0359,pemerintah perhatikan surat kaleng dari anak anak dalam program mbg,netral,netral,netral,False,,,
008,label_sample_0360,mantap banget mbg ini peluang buat setiap umkm buat bersinar mbgdorongekonomi,positif,positif,positif,False,,,
008,label_sample_0361,program mbg bikin kita yakin masa depan anak bangsa ada di jalur yang tepat,positif,positif,positif,False,,,
008,label_sample_0362,bgn pertimbangkan ulat sagu hingga belalang jadi menu program makan bergizi gratis,positif,positif,positif,False,,,
008,label_sample_0363,kemarin aku bilang ke temenku kalau mbg itu kurang efektif tapi responnya,netral,netral,netral,False,,,
008,label_sample_0364,penginisiasi bagus nih dari program mbg sinergikan peternak lokal dengan gizi sehat,positif,positif,positif,False,,,
008,label_sample_0365,kerjasama umkm sunda sama mbg bikin pangan sehat makin dikenal luas umkmdukungmbg,positif,positif,positif,False,,,
008,label_sample_0366,setiap baca mbg yang muncul dipikiran aku mall bali galeria,netral,netral,netral,False,,,
008,label_sample_0367,program mbg di papua pegunungan emang keren banget dengan dukungan kita semua,positif,positif,positif,False,,,
008,label_sample_0368,super mbg buktiin kalau kesejahteraan dimulai dari anak dan ibu,netral,netral,netral,False,,,
008,label_sample_0369,lombok timur dukung mbg dengan memanfaatkan teknologi bioflok,positif,positif,positif,False,,,
008,label_sample_0370,owalah mending daptar di dapur mbg aja dan digaji sesuai ump,netral,netral,netral,False,,,
008,label_sample_0371,mampus lo indon makin diinjek yabg penting kenyang mbg omke gas omke gas,netral,netral,netral,False,,,
008,label_sample_0372,dinkes kotim pastikan menu mbg penuhi standar kecukupan gizi,netral,netral,netral,False,,,
008,label_sample_0373,semua semangat buat masa depan pendidikan program mbg bukti nyata kita bisa,netral,netral,netral,False,,,
008,label_sample_0374,trus kenapa harus maksain mbg kita juga paham kalo emang program itu ga diterusin,netral,netral,netral,False,,,
008,label_sample_0375,apresiasi penting dari warga papua untuk kebijakan mbg jadi bukti keberhasilan,positif,positif,positif,False,,,
008,label_sample_0376,ayo ikuti langkah pemuda papua dalam program makan bergizi gratis,positif,positif,positif,False,,,
008,label_sample_0377,program mbg bisa jadi solusi untuk stabilitas harga dan ketahanan pangan,positif,positif,positif,False,,,
008,label_sample_0378,dan pemerintah dunia pengen belajar mbg dr indonesia dengan dikasih batagor,netral,netral,netral,False,,,
008,label_sample_0379,terlihat dari aksi knpb penolakan mbg di papua makin bertenaga,netral,netral,netral,False,,,
008,label_sample_0380,deddy cahyadi masalah perawan dan anak kecil mengenai mbg mau dipukul,netral,netral,netral,False,,,
008,label_sample_0381,salut buat pemerintah dan pangdam kasuari program mbg beneran oke,netral,netral,netral,False,,,
008,label_sample_0382,cintai lokal dengan program mbg yang luncurkan susu jadi solusi gizi,positif,positif,positif,False,,,
008,label_sample_0383,makanan dari mbg bulan puasa ini bikin semangat beda menunya tetap sehat,positif,positif,positif,False,,,
008,label_sample_0384,bpjs lbh penting dr mbg pmerintah udh salah fatal dlm mengambil prioritas,netral,netral,netral,False,,,
008,label_sample_0385,iya yg saya heran tuh kata merata maksudnya apa sih sdh merata semua daerah dpt mbg,negatif,netral,negatif,True,negatif,mempertanyakan pemerataan MBG secara kritis,catatan menunjukkan konteks ambigu/informatif
008,label_sample_0386,solaria di mbg ni pindah apa gimana sii udh muter tetep gak nemu,netral,netral,netral,True,netral,kemungkinan merujuk lokasi/mal; tidak terkait program MBG,catatan menunjukkan konteks ambigu/informatif
008,label_sample_0387,papua yang sejahtera tercermin dari anak anak yang terdidik berkat program mbg,netral,netral,netral,False,,,
008,label_sample_0388,berisik bgt kayak bakal diangkat status aje kurawa dedy chef mbg,netral,netral,netral,False,,,
008,label_sample_0389,turu sebelum wowo dateng nyuapin mbg kematian em em em bege,netral,netral,netral,False,,,
008,label_sample_0390,coba tanya dana buat mbg nya sebagian kemana sampe nasinya basi wkwkwk,negatif,negatif,negatif,False,,,
008,label_sample_0391,what if prabowo sengaja bikin mbg prioritas krn gamau duit nya dipaksa buat ikn,netral,netral,netral,False,,,
008,label_sample_0392,pangdam udayana apresiasi bupati jembrana laksanakan makan bergizi gratis mbg,positif,positif,positif,False,,,
008,label_sample_0393,keluar juga cecunguknya ngebelain statemen serangga jadi menu mbg,netral,netral,netral,False,,,
008,label_sample_0394,program mbg bikin makan sehat jadi seru dan gampang makanbergizibangunnegeri,positif,positif,positif,False,,,
008,label_sample_0395,yaallah makan gratis bergizi dari mana gue yg liatnya aja gak nafsu apalagi anak,negatif,netral,negatif,True,negatif,menilai makanan MBG tidak menggugah selera,catatan menunjukkan konteks ambigu/informatif
008,label_sample_0396,dapur umum mbg bantul memungkinkan digelar di pondok pesantren,netral,netral,netral,False,,,
008,label_sample_0397,permintaan meningkat produksi umkm pangan makin greget dibantu mbg mbgdorongekonomi,netral,netral,netral,False,,,
008,label_sample_0398,dukung mbg yuk biar setiap lapisan masyarakat dapet berkah dari program kerennya,positif,positif,positif,False,,,
008,label_sample_0399,selama kita kompak dukung mbg masa depan pendidikan anak bangsa lebih cerah,positif,positif,positif,False,,,
008,label_sample_0400,dana otsus dan mbg berikan pendidikan berkualitas dan hidup sehat untuk papua,positif,positif,positif,False,,,
009,label_sample_0401,ketua komisi xi pro penghematan anggaran dan mbg adem senyap kl soal coretax,netral,netral,netral,False,,,
009,label_sample_0402,program kian berkualitas lewat evaluasi gratis mbg yg intens mbgselektifdanhigienis,netral,netral,netral,False,,,
009,label_sample_0403,papua siap sambut laju mbg dengan target juta penerima pada tahun,netral,netral,netral,False,,,
009,label_sample_0404,mbg kan mau didanain mereka dgn syarat ambil barang dari mereka jg jadi yg bego siapa,negatif,netral,negatif,True,negatif,menyindir skema pendanaan/pengadaan MBG,catatan menunjukkan konteks ambigu/informatif
009,label_sample_0405,salut buat mbg yang di bulan puasa ini tetap boosts kita dengan menu beragam dan sehat,positif,positif,positif,False,,,
009,label_sample_0406,pemanfaatan dana mbg buat sekolah bisa bikin generasi cerdas makin kreatif kolaborasitingkatkanpendidikan,netral,netral,netral,False,,,
009,label_sample_0407,program makan bergizi gratis di papua dapet dukungan penuh semoga makin banyak anak sehat dan ceria,positif,positif,positif,False,,,
009,label_sample_0408,pelajar di papua kembali berdemo menolak makanbergizigratis keqnya cuma anies yang paham beginian,positif,positif,positif,False,,,
009,label_sample_0409,usul supaya gaji dpr dpd dan pejabat negara yg besarnya diatas jt dipotong buat nyumbang mbg,netral,netral,netral,False,,,
009,label_sample_0410,indonesia kalo diajak diskusi nanti ga nyambung prabowo masi bingung mbg sama danantara,netral,netral,netral,False,,,
009,label_sample_0411,mbg makin seru aparat terus kawal keamanan sekolah di papua biar semua bisa belajar dengan tenang,netral,netral,netral,False,,,
009,label_sample_0412,pemerintah akan menindak opm secara tegas apabila mbg papua menjadi target teror papua,netral,netral,netral,False,,,
009,label_sample_0413,solusi makan gratis itu sederhana dan gampang banget sisa komfers mbg di hapus dari program prioritas selesai clear,positif,positif,positif,False,,,
009,label_sample_0414,dan banyak prorgram yang bisa lebih sustainable daripada mbg mbg ini yang bakal gitu terus sampe kapanpun,netral,netral,netral,False,,,
009,label_sample_0415,anakã mau dibuat pinter dengan dikasih makan gratis how lagian sampe sekarang aja adek gue belom dapet tuh mbg,netral,netral,netral,False,,,
009,label_sample_0416,salut sama pm jepang yang concern sama isu makan bergizi gratis semoga berkelanjutan sinergiindonesiajepang,positif,positif,positif,False,,,
009,label_sample_0417,pemerintah gercep buat pastikan masyarakat dapet gizi terbaik mbg penuhi gizi penuhigiziindonesia,positif,positif,positif,False,,,
009,label_sample_0418,jgn merendah kang gw melihat seni mengatur mie bisa pada lurus rapih gitu jgn disamain sama mbg,netral,netral,netral,False,,,
009,label_sample_0419,gabungan kekuatan yusen tabuni dan mbg papua bawa semangat baru ke pembangunan daerah,netral,netral,netral,False,,,
009,label_sample_0420,peran umkm dalam mbg jadi contoh baik untuk menciptakan akses pangan sehat bagi semua kalangan umkmdukungmbg,positif,positif,positif,False,,,
009,label_sample_0421,kalo bukan karena umkm mungkin sistem mbg tidak akan seterkenal hari ini umkmdukungmbg,positif,positif,positif,False,,,
009,label_sample_0422,jir hahaha kayaknya dulu pernah viral prediksi akhir feb maret bakalan bnyk kasus keracunann mbg beneran dongg,netral,netral,netral,False,,,
009,label_sample_0423,anggaran rb siswa u satu minggu seminggu hari sekolah jadi sehari rb mirip mbg di konoha,netral,netral,netral,False,,,
009,label_sample_0424,yuk fasilitasi sekolah dengan lebih baik lewat program mbg demi pembelajaran maksimal kolaborasitingkatkanpendidikan,positif,positif,positif,False,,,
009,label_sample_0425,volvo cars zeekr maersk dcb iib bmw mz lge stla vw trtn rbl jks cs mbg nsan hd lha sj din arw hpe pvh ph usfb sat,netral,netral,netral,False,,,
009,label_sample_0426,lawan stunting dengan program mbg karena anak sehat adalah harapan bangsa yang wajib kita jaga,positif,positif,positif,False,,,
009,label_sample_0427,umkm terus bergerak wujudkan makan bergizi gratis mbg demi kesehatan dan kesejahteraan masyarakat umkmdukungmbg,positif,positif,positif,False,,,
009,label_sample_0428,comparing mbg sama nasi kotak aja udah aneh yakali nasi kotak artis budgetnya cuma k box,netral,netral,netral,False,,,
009,label_sample_0429,papua tak lagi gundah soal gizi dengan hadirnya mbg makanbergiziuntukindonesia makanbergizigratisbantuumkm,positif,positif,positif,False,,,
009,label_sample_0430,nonton berita speechless sekali program mbg susah sampai ada usulan pakai duit zakat kacau memang,netral,netral,netral,False,,,
009,label_sample_0431,penduduk indonesia masih mbg makan bergizi gratis mbg meramaikan berbagai media berita,positif,positif,positif,False,,,
009,label_sample_0432,demi kesehatan bersama yuk ramein umkm yang support makan bergizi gratis umkmdukungmbg,positif,positif,positif,False,,,
009,label_sample_0433,prabowo buat fasilitas sekolah jadi prioritas lewat kebijakan mbg kolaborasitingkatkanpendidikan,netral,netral,netral,False,,,
009,label_sample_0434,nih duo sama sama dongo gitu lho yg satu ujug ujug ai ai yg ini mbg mbg mbg berdarah kuping gua,netral,netral,netral,False,,,
009,label_sample_0435,workshop pengelolaan sampah sisa makan bergizi gratis kamis makanbergizigratis kemenagjombang humaskemenagjombang,positif,positif,positif,False,,,
009,label_sample_0436,seandainya ente omon gini sebelum kepikiran mbg ye seandainya pendidikan lebih penting daripada makan gratis ndut,netral,netral,netral,False,,,
009,label_sample_0437,mbg memberikan peluang bagi pengusaha dan masyarakat lokal untuk berperan aktif dalam perekonomian,netral,netral,netral,False,,,
009,label_sample_0438,papua bakal lebih sehat dan pintar dengan makan bergizi gratis berkat support penuh dari masyarakat indonesia,positif,positif,positif,False,,,
009,label_sample_0439,kontribusi kecil perubahan besar bantu pelaksanaan makan bergizi gratis kolaborasitingkatkanpendidikan,positif,positif,positif,False,,,
009,label_sample_0440,buat aja programnya entah bisa di realisasikan atau tidak urusan belakangan makansianggratis,netral,netral,netral,False,,,
009,label_sample_0441,banyak yang peduli salah satunya umkm yang kasih support buat makan bergizi gratis umkmdukungmbg,positif,positif,positif,False,,,
009,label_sample_0442,teman bus yg lintas kota malah dialihin ke apbd tapi mbg di handle semua dari pusat kan aneh ya,netral,netral,netral,False,,,
009,label_sample_0443,pangan berkualitas jadi prioritas utama buat kesejahteraan rakyat mbg penuhi gizi penuhigiziindonesia,netral,netral,netral,False,,,
009,label_sample_0444,gak heran lh mereka kerja kan gotong royong gak apa lah toh urusan mbg menteri hutan jg ikut kok,negatif,netral,negatif,True,negatif,sindiran terhadap koordinasi/gotong royong urusan MBG,catatan menunjukkan konteks ambigu/informatif
009,label_sample_0445,bravo kmp r mendukung mbg di tanah papua adlh langkah besar membawa perubahan positif sukses slalu,positif,positif,positif,False,,,
009,label_sample_0446,baru mulai udah minta agar dana zakat infak dan sodakoh digunakan utk bantu mbg beda tipis ama taktik jokowi,netral,netral,netral,False,,,
009,label_sample_0447,knpb biadab mereka menghasut dan mengancam pelajar supaya ikut aksi menolak makan bergizi gratis,positif,positif,positif,False,,,
009,label_sample_0448,program mbg jadi semangat baru umkm dalam hadirkan pangan sehat kini dan nanti umkmdukungmbg,positif,positif,positif,False,,,
009,label_sample_0449,yaelah kaum iq dibagi sekolam minta tuh junjungan lu jelasin kaitan mbg dan hilirisasi dengan tarif impor as,netral,netral,netral,False,,,
009,label_sample_0450,gaya hidup sehat makin berasa dengan makan bergizi gratis selama ramadhan yuk bantu dukung program ini,positif,positif,positif,False,,,
010,label_sample_0451,fakta di sini adalah bahwa dia belum merasakan manfaat program makan bergizi gratis bukan yg lain,positif,positif,positif,False,,,
010,label_sample_0452,indonesia dan jepang bersinergi demi menciptakan program makan bergizi gratis yang membangun masa depan cerah,positif,positif,positif,False,,,
010,label_sample_0453,harapan pemuda papua program mbg bisa secepatnya beroperasi di seluruh daerah mbgpapua,positif,positif,positif,False,,,
010,label_sample_0454,duh ada siswa dipungut uang tambahan untuk makan bergizi gratis di sekolah istana respons begini,positif,positif,positif,False,,,
010,label_sample_0455,makan bergizi gratis mendukung anak anak untuk belajar lebih fokus dan sehat kolaborasitingkatkanpendidikan,positif,positif,positif,False,,,
010,label_sample_0456,kalau di fikir buanyak yg blm dapat mbg tp gk ada yg protes ibu ini aja yg mau jadi pahlawan,netral,netral,netral,False,,,
010,label_sample_0457,pangan sehat jadi mudah didapat berkat umkm yang konsisten mendukung mbg di berbagai daerah umkmdukungmbg,positif,positif,positif,False,,,
010,label_sample_0458,tingkatkan kualitas program mbg lewat evaluasi gratis yang konsisten mbgselektifdanhigienis,netral,netral,netral,False,,,
010,label_sample_0459,kelihatannya pemerintah sedang kelabakan soal anggaran untuk mbg tunda saja dulu sampai keuangannya sehat,positif,positif,positif,False,,,
010,label_sample_0460,tolong bu beritahu pak wowo kalo zakat haram utk mbg kalo gak mampu batalin aja janjinya,netral,netral,netral,False,,,
010,label_sample_0461,siapa sih yg ngeyakinin dia program mbg bisa nguntungin dia eh salah nguntungin rakyat,negatif,netral,negatif,True,negatif,sarkasme soal manfaat MBG bagi rakyat,catatan menunjukkan konteks ambigu/informatif
010,label_sample_0462,aktivitas belajar di banjarmasin dimulai hari ini siswa belum dapat jatah makan siang program mbg lewat,netral,netral,netral,False,,,
010,label_sample_0463,itu cuma t bisa ngilangin kemiskinan abosolut lha itu mbg t mending buat kemiskian tp tidak dilakukan xixixi,netral,netral,netral,False,,,
010,label_sample_0464,dua wna iran sekap dan rampok rekan senegaranya di gianyar mayorteddy makanbergizigratis danantara pesanala juun,positif,positif,positif,False,,,
010,label_sample_0465,dangay meun diay graw aussi mais ngay wakh ak goor mounane mako fa am al dafa khere mom rombal,netral,netral,netral,False,,,
010,label_sample_0466,program makan bergizi gratis adalah bukti nyata perhatian pemerintah terhadap masa depan bangsa,positif,positif,positif,False,,,
010,label_sample_0467,kalo kritik deddy corbuzier ke anak anak yang complain tentang mbg itu masuknya yang mana bang,netral,netral,netral,True,netral,pertanyaan tentang kritik pihak lain,catatan menunjukkan konteks ambigu/informatif
010,label_sample_0468,yuk kita bareng bareng maju bersama lewat dukungan penuh pada program mbg mbgdorongekonomi,positif,positif,positif,False,,,
010,label_sample_0469,dengan dukungan tni polri program mbg dan swasembada pangan makin mantap sinergitasuntukbangsa,positif,positif,positif,False,,,
010,label_sample_0470,kadin bantu pertumbuhan ekonomi ri melalui program makan bergizi gratis pertumbuhanekonomiri,positif,positif,positif,False,,,
010,label_sample_0471,hal ini lantaran mbg direncanakan akan memanfaatkan telur sebagai salah satu menunya,netral,netral,netral,False,,,
010,label_sample_0472,ilmu kimiyabe galiwudç x d â x ù ù ø ø â x â kr â â x ø ù ø â x â mt â â x ù ù ù â x â sn â mbg,netral,netral,netral,False,,,
010,label_sample_0473,apaan dah utang membengkak penambahan kementerian wamen ada stafsus pula mbg buat cover ikn lu nanggepinnya gimana,negatif,negatif,negatif,False,,,
010,label_sample_0474,dalam setiap gigitan program mbg pastikan makanan gratis bebas risiko mbgselektifdanhigienis,netral,netral,netral,False,,,
010,label_sample_0475,ini meal plannya pas gw join dietela ya jd dibikin sama legit ahli gizi mbg disupervise sama ahli gizi ga,netral,netral,netral,False,,,
010,label_sample_0476,dengan mbg fasilitas sekolah jadi saksi perubahan positif kolaborasitingkatkanpendidikan,netral,netral,netral,False,,,
010,label_sample_0477,dukung mbg untuk kita agar setiap lapisan masyarakat bisa mengakses makanan bergizi untuk hidup lebih sehat,positif,positif,positif,False,,,
010,label_sample_0478,itu gak bijak pak takutnya ada yg menggoreng kalo rakyat utang budi mbg sm pak ps maaf pak,negatif,negatif,negatif,False,,,
010,label_sample_0479,dana zis nyang dari kelompok pbnu aja yang buat mbg termasuk dana nyang dari pemerintah,netral,netral,netral,False,,,
010,label_sample_0480,makan bergizi gratis untuk ibu hamil mulai januari ini bedanya dengan mbg anak sekolah,positif,positif,positif,False,,,
010,label_sample_0481,mbg hadir untuk membuat anak keracunan ironi sekali ortunya bayar pajak untuk membuat anaknya sendiri keracunan,netral,netral,netral,False,,,
010,label_sample_0482,ini langkah baik dari jepang kerja sama makan bergizi gratis bakal banyak manfaatnya sinergiindonesiajepang,positif,positif,positif,False,,,
010,label_sample_0483,terus pantau evaluasi agar program mbg mampu bawa pangan higienis dan berkualitas mbgselektifdanhigienis,netral,netral,netral,False,,,
010,label_sample_0484,kalo t bisa hilangkan kemiskinan ekstrim kenapa gak pake uang itu aja daripada bikin mbg,netral,netral,netral,False,,,
010,label_sample_0485,john jonga berpendapat mbg langkah baik untuk papua yuk bantu kabar baik ini menyebar,positif,positif,positif,False,,,
010,label_sample_0486,tmn gue guru kmren nyobain menu mbg katanya kaya makanan d penjarabjir ky yg udh nyobain makanan penjara aje,netral,netral,netral,False,,,
010,label_sample_0487,banggar nilai anggaran makan bergizi gratis rp triliun masuk akal banggardpr saidabdullah makanbergizigratis,positif,positif,positif,False,,,
010,label_sample_0488,mbg membawa perubahan besar dari dukungan kecil untuk ekonomi dan generasi sehat mbgdorongekonomi,positif,positif,positif,False,,,
010,label_sample_0489,mning klo mbg nya kali sehari makanannya bnrn bergizi semua rakyat kebagian tanpa terkecuali,positif,positif,positif,False,,,
010,label_sample_0490,program makan bergizi gratis adalah langkah nyata untuk menciptakan generasi emas indonesia wujudkangenerasiemas,positif,positif,positif,False,,,
010,label_sample_0491,dengan partisipasi umkm mbg lancarkan misi besarnya untuk kesehatan lewat pangan berkualitas umkmdukungmbg,positif,positif,positif,False,,,
010,label_sample_0492,makin bervisi makin ke depan dengan program makan bergizi gratis generasi sehat makin di depan,positif,positif,positif,False,,,
010,label_sample_0493,tapi emang sih keliatan nya kalau intensitas nya tinggi gini mainin dia kayanya kurang cocok,netral,netral,netral,False,,,
010,label_sample_0494,nikmati makan bergizi gratis bareng siswa ksal kalau tidak enak saya protes ke komandan,positif,positif,positif,False,,,
010,label_sample_0495,dukung anak anak meraih bintang dengan makan bergizi gratis kolaborasitingkatkanpendidikan,positif,positif,positif,False,,,
010,label_sample_0496,mafia ada aja idenya berdalih mbg padahal import emang mbg sepuluh ribu pakai daging,netral,netral,netral,False,,,
010,label_sample_0497,tinjau mbg di sleman kepala kantor komunikasi kepresidenan sebut anak anak sudah mulai terbiasa makan sehat,positif,positif,positif,False,,,
010,label_sample_0498,makan bergizi gratis bawa angin segar buat kesehatan anak indonesia yuk kita dukung bareng bareng,positif,positif,positif,False,,,
010,label_sample_0499,tas skolah gitu dibagiin sebelum mbg katanya wkwkwk pantes boncos banget apbn kita ini hahaha,netral,netral,netral,False,,,
010,label_sample_0500,jenderal tb hasanuddin sebut deddy corbuzier bisa dipidana militer buntut ucapan ke anak anak soal mbg,netral,netral,netral,False,,,
011,label_sample_0501,program mbg bantu cegah stunting di indonesia mari beri dukungan kita agar gizi seimbang terwujud,positif,positif,positif,False,,,
011,label_sample_0502,program makan bergizi gratis penuhi gizi anak anak menuju indonesia emas makanbergizigratis,positif,positif,positif,False,,,
011,label_sample_0503,kamu tahu mbg adalah kunci untuk generasi sehat dan kuat mari kirim apresiasi kita untuk program ini,positif,positif,positif,False,,,
011,label_sample_0504,makan bergizi gratis hari ini wilayah jakarta utara sma awasimbg makanbergizigratis awasimbg,positif,positif,positif,False,,,
011,label_sample_0505,kontribusi umkm bikin program mbg jadi perhatian masyarakat sehat makin terjamin umkmdukungmbg,positif,positif,positif,False,,,
011,label_sample_0506,anak sekolah loh mereka objek sebenarnya dari proker mbg ini dan mereka nolak kurang jelas apa lagi,negatif,netral,negatif,True,negatif,menekankan penolakan siswa terhadap MBG,catatan menunjukkan konteks ambigu/informatif
011,label_sample_0507,kunjungan pm jepang fokus ke makan bergizi gratis yuk sambut positif sinergiindonesiajepang,positif,positif,positif,False,,,
011,label_sample_0508,dan mbg pun ga mau ketinggalan renovasi mbg dan dfs sekarang disatukan dibuat jalan tembus dari ace,netral,netral,netral,False,,,
011,label_sample_0509,makasn siang gratis mulu kntl apaan si goblok negara lagi ancur mikirin makan siang gratis,netral,netral,netral,False,,,
011,label_sample_0510,dengan program mbg mari kita bawa perubahan berarti pada umkm dan gizi anak mbgdorongekonomi,netral,netral,netral,False,,,
011,label_sample_0511,tolong nih tuntaskan gizi mbg pemain ya jgn lupa ajak fufufafa beserta para para maniac gemoy cheerleaders nya,netral,netral,netral,False,,,
011,label_sample_0512,suruh pejabat pusat mpe daerah yg makan menu mbg anak makan jatah pejabat yg uang makannya aja x lipat dari mbg,netral,netral,netral,False,,,
011,label_sample_0513,sebagai program unggulan presiden bhw mbg ini harusnya dijamin tepat sasaran tepat jumlah tepat mutu dan tepat waktu,positif,positif,positif,False,,,
011,label_sample_0514,program makan bergizi gratis bener bener ngefek banget bikin anak sekolah dan bumil makin sehat harikerjanyata,positif,positif,positif,False,,,
011,label_sample_0515,markup data kaya gini denger rahasia umum juga ya min dengan berbagai cara di dunia saham,netral,netral,netral,False,,,
011,label_sample_0516,pemerintah realisasikan program mbg sebagai langkah strategis memperkuat gizi masyarakat plnuntukindonesia,netral,netral,netral,False,,,
011,label_sample_0517,bgn gandeng kpk untuk turut serta mengawal dan mengawasi program makan bergizi gratis,positif,positif,positif,False,,,
011,label_sample_0518,ikuti langkah berkilau program mbg bakal memberi warna baru bagi adat papua mbgpapua,netral,netral,netral,False,,,
011,label_sample_0519,program mbg bantu anak papua jadi lebih kuat dan cerdas tokoh agama anjurkan kita untuk kontribusi,netral,netral,netral,False,,,
011,label_sample_0520,plus program mbg itu program apaan gess bisa nya kalian menangkan dg program kek gitu,netral,netral,netral,False,,,
011,label_sample_0521,kayanya di hack deh gw kemaren juga gitu ada akun yg fotonya si apon tapi tweetnya bahas makan bergizi gratis,positif,positif,positif,False,,,
011,label_sample_0522,bakalan kena juga kalo program mbg ini mulai banyak masalahnya soalnya mbg ini kan yang sering wara wiri si wakilnya,netral,netral,netral,False,,,
011,label_sample_0523,program mbg adalah upaya kolektif untuk memastikan anak anak mendapatkan nutrisi yang mereka butuhkan umkmdukungmbg,positif,positif,positif,False,,,
011,label_sample_0524,umkm bersama mbg berikan jaminan masyarakat terima pangan sehat dan berkualitas untuk kesejahteraan umkmdukungmbg,positif,positif,positif,False,,,
011,label_sample_0525,pelajar makin semangat belajar berkat program mbg yuk dukung terus program keren ini,positif,positif,positif,False,,,
011,label_sample_0526,fasilitas oke bikin perbedaan dukung mbg untuk sekolah yang lebih baik kolaborasitingkatkanpendidikan,positif,positif,positif,False,,,
011,label_sample_0527,umkm semakin terbantu dalam menghadapi tantangan pasar berkat adanya program makan bergizi gratis mbgdorongekonomi,positif,positif,positif,False,,,
011,label_sample_0528,generasi kita berhak sehat dengan program makan bergizi gratis pemerintah hadir nyata buat rakyat,positif,positif,positif,False,,,
011,label_sample_0529,wapres gibran tegaskan makan bergizi gratis investasi untuk masa depan news viral fyp,positif,positif,positif,False,,,
011,label_sample_0530,kalau mbg diganti jadi pendidikan gratis infrastruktur pendukung di masa depan lebih banyak yg terbangun,positif,positif,positif,False,,,
011,label_sample_0531,lebih banyak mudharatnya anjrit ini makan siang gratis udh mah kaga bergizi bener lu ya,positif,positif,positif,False,,,
011,label_sample_0532,makanâ bergiziâ gratis program ini berusaha menciptakan masyarakat yang tangguh dan kreatif untuk anak kita,positif,positif,positif,False,,,
011,label_sample_0533,mbg tidak sepenuhnya sukses namun melumpuhkan banyak lini vital fungsi negara let s see,netral,netral,netral,False,,,
011,label_sample_0534,sinergitas kuat tni polri tak hanya amankan mudik tapi juga program mbg sinergitasuntukbangsa,netral,netral,netral,False,,,
011,label_sample_0535,lalu cpns gmn danantara yg bikin saham sampe di pause pagar laut mbg bermasalah come on guys sadar,netral,netral,netral,False,,,
011,label_sample_0536,wamendag dyah roro esti meninjau program makan bergizi gratis di slb negeri slipi jakarta seperti apa,netral,netral,netral,True,netral,informasi/pertanyaan berita tanpa opini,catatan menunjukkan konteks ambigu/informatif
011,label_sample_0537,penting penampakan nya dulu gizi nomer sekian biar dilihatnya bagus dan dapat meningkatkan nilai mbg berhasil,positif,positif,positif,False,,,
011,label_sample_0538,bangkit bareng sama program mbg masyarakat sejahtera ketahanan pangan terjaga peluang melimpah,netral,netral,netral,False,,,
011,label_sample_0539,tni polri kompak amankan program prabowo dari mbg hingga swasembada pangan sinergitasuntukbangsa,netral,netral,netral,False,,,
011,label_sample_0540,program makan bergizi gratis jadi peluang emas buat umkm di sektor pangan meroket mbgdorongekonomi,positif,positif,positif,False,,,
011,label_sample_0541,template jawaban wowo kita ini negara kuat dan besar kita harus berdikari mandiri asing mbg lanjutin,netral,netral,netral,False,,,
011,label_sample_0542,berikan sekolah terbaik dengan fasilitas memadai dukung program mbg kolaborasitingkatkanpendidikan,positif,positif,positif,False,,,
011,label_sample_0543,hii jgn lauk ayam yg mengandung telur larva belatung masuk n lolos di salah satu menu mbg atuutt,netral,netral,netral,False,,,
011,label_sample_0544,program makan bergizi gratis berkontribusi pada terciptanya peluang ekonomi yang lebih adil,positif,positif,positif,False,,,
011,label_sample_0545,demi mbg anggaran bmkg dipotong dan akibatnya bisa jadi peringatan gempa dan tsunami terlambat,netral,netral,netral,False,,,
011,label_sample_0546,umkm bikin pelaksanaan mbg jadi lebih efektif dengan produk pangan sehat yang accessible umkmdukungmbg,positif,positif,positif,False,,,
011,label_sample_0547,dana otsus dan mbg kolaborasi top pendidikan dan gizi papua bersatu untuk perubahan besar,netral,netral,netral,False,,,
011,label_sample_0548,gizi sehat papua maju dukung terus program makan bergizi gratis untuk kesehatan anak anak papua mbguntukpapua,positif,positif,positif,False,,,
011,label_sample_0549,dukung kerja sama makan bergizi gratis antara indonesia dan jepang semoga rakyat makin sehat sinergiindonesiajepang,positif,positif,positif,False,,,
011,label_sample_0550,bersama umkm kita bisa wujudkan program makan bergizi gratis yang lebih masif umkmdukungmbg,positif,positif,positif,False,,,
012,label_sample_0551,wajar costnya terlalu gede hampir semua kementerian cost cutting kok dialihin buat biaya mbg,netral,netral,netral,False,,,
012,label_sample_0552,dengan mbg kita hadirkan lebih banyak gizi berkualitas untuk anak anak mbgdorongekonomi,netral,netral,netral,False,,,
012,label_sample_0553,terlalu mayora diduga kuasai mbg ramadhan makan bergizi hanya omon omon gulanya berlebih perfect liners mayora mbg,positif,positif,positif,False,,,
012,label_sample_0554,pemimpin dunia mana yang mau belajar mbg dari indonesia cepat kau kasih tau mana siapa yeuu kocak,negatif,netral,negatif,True,negatif,mengejek klaim dunia belajar MBG,catatan menunjukkan konteks ambigu/informatif
012,label_sample_0555,mbg adalah proyek besar ada cuan besar yang menanti diproyek ini itulah kenapa prabowo ngotot,netral,netral,netral,False,,,
012,label_sample_0556,bersama makan bergizi gratis kita bangun generasi sehat dan berilmu kolaborasitingkatkanpendidikan,positif,positif,positif,False,,,
012,label_sample_0557,program makan bergizi gratis langkah kecil dengan dampak besar dari pemerintah untuk generasi,positif,positif,positif,False,,,
012,label_sample_0558,kepala bgn upayakan modal mbg mbg makanbergizigratis makansianggratis mbguntukmasadepan,positif,positif,positif,False,,,
012,label_sample_0559,makan bergizi gratis adalah wujud kepedulian pemerintah terhadap anak anak indonesia kolaborasitingkatkanpendidikan,positif,positif,positif,False,,,
012,label_sample_0560,dengan dukungan dari pemerintah dan industri kreatif program makan bergizi gratis makin meyakinkan,positif,positif,positif,False,,,
012,label_sample_0561,setiap porsi bergizi dari umkm untuk mbg selangkah lebih dekat ke harapan umkmdukungmbg,positif,positif,positif,False,,,
012,label_sample_0562,kami percaya dan berdo a semoga program mbg akan menjangkau seluruh daerah indonesia dari sumbawa sampai raja ampat,netral,netral,netral,False,,,
012,label_sample_0563,mang program mbg ini tidak boleh dari sumbangan rakyat cukup gaji tunjangan anggota dpr yg orng ini dipotong utk mbg,netral,netral,netral,False,,,
012,label_sample_0564,makan gratis bergizi lebih mendesak daripada lapangan pekerjaan makanan bergizi yg dimaksud,positif,positif,positif,False,,,
012,label_sample_0565,dengan dukungan kuat mbg siap pacu ekonomi indonesia lebih dari seperti harapan prabowo,positif,positif,positif,False,,,
012,label_sample_0566,ketika gizi tersebar harapan pun bertumbuh terima kasih buat semua yang terlibat di program mbg,positif,positif,positif,False,,,
012,label_sample_0567,pemerintah kasih perhatian besar buat kesejahteraan masyarakat mbg penuhi gizi penuhigiziindonesia,netral,netral,netral,False,,,
012,label_sample_0568,makan bergizi gratis by prabowo solusi mantap turunkan stunting naikkan kualitas sdm kolaborasitingkatkanpendidikan,positif,positif,positif,False,,,
012,label_sample_0569,protein lokal itu penting indonesiaemas programpresiden presidenprabowo makansianggratis kesehatangratisuntuksemua,positif,positif,positif,False,,,
012,label_sample_0570,stopp program mbg yg ga ada pengaruhnya bwt rkyt mending alokasikan ke dana pendidikan,netral,netral,netral,False,,,
012,label_sample_0571,seneng deh liatnya mereka pasti seneng bisa dapat makan bergizi gratis ini makasih byk mbg d kediri yaa koncokulo mbg,positif,positif,positif,False,,,
012,label_sample_0572,serangga itu makanan bergizi dan biasa dimakan warga kita tapi kurang berotak kalau disarankan untuk mbg,positif,positif,positif,False,,,
012,label_sample_0573,dpr ri dan mbg menggelar sosialisasi program makan bergizi gratis untuk mewujudkan generasi sehat indonesia,positif,positif,positif,False,,,
012,label_sample_0574,mari kita lihat siapa ajah investornya boleh spill dan ihsg anjlok karena invest ke mbg ups,negatif,netral,negatif,True,negatif,mengaitkan MBG dengan investor/IHSG secara sinis,catatan menunjukkan konteks ambigu/informatif
012,label_sample_0575,mbg sebenernya bisa pertimbangkan di handle sama warteg bahari secara sekarang udah outlet wkwk,netral,netral,netral,False,,,
012,label_sample_0576,semua bisa terlibat sama mbg dari petani sampai ahli gizi tambah berkat buat ekonomi daerah,netral,netral,netral,False,,,
012,label_sample_0577,dunia salut karena mbg berani sajikan ke anak sd makanan basi makanan ada lalat n ulat gk ada didunia yg seperti ini,negatif,negatif,negatif,False,,,
012,label_sample_0578,pemprov dki komitmen dukung program makanan bergizi gratis di jakarta pemprovdkijakarta mbg makanbergizigratis,positif,positif,positif,False,,,
012,label_sample_0579,papua lebih baik bersama john jonga yang menyampaikan pesan mengenai pentingnya program mbg,positif,positif,positif,False,,,
012,label_sample_0580,inovasi berkelanjutan jadi andalan umkm pangan berkat mbg pasarnya makin luas mbgdorongekonomi,netral,netral,netral,False,,,
012,label_sample_0581,ga usah bayar thr dan gaji tahun ini buat cpns dan asn baru lumayan meuren danantara dan mbg effect,netral,netral,netral,False,,,
012,label_sample_0582,wah program makan bergizi gratis ini keren banget anak anak jadi bisa tumbuh sehat dan cerdas semangat mendukung,positif,positif,positif,False,,,
012,label_sample_0583,fasilitas prima adalah kunci pendidikan hebat mari dukung program mbg untuk perbaikan kolaborasitingkatkanpendidikan,positif,positif,positif,False,,,
012,label_sample_0584,program mbg bikin tingkat gizi naik sambil bantu ekonomi lokal jalan bareng yuk dukung bareng bareng mbg,positif,positif,positif,False,,,
012,label_sample_0585,ga nyambung anjir respon nya yg dipermasalahkan itu makian nya bukan mbg nya dalah capek,netral,netral,netral,False,,,
012,label_sample_0586,this is why kenapa mbg di bikin ribut gas dibikin ribut supaya ini berjalan mulus dan rakyat terlambat sadar,netral,netral,netral,False,,,
012,label_sample_0587,mbg adalah program pemerintah dalam rangka meningkatkan kualitas gizi anak di papua mbg,netral,netral,netral,False,,,
012,label_sample_0588,papua semarak penuh harapan dengan program mbg makanbergiziuntukindonesia makanbergizigratisbantuumkm,positif,positif,positif,False,,,
012,label_sample_0589,makan bergizi gratis memperkuat rantai pasok pangan dari hulu ke hilir mbgdorongekonomi,positif,positif,positif,False,,,
012,label_sample_0590,personil polsek muara batang gadis melaksanakan giat patroli siang di desa singkuang ii,netral,netral,netral,False,,,
012,label_sample_0591,makan bergizi gratis dari prabowo punya misi besar buat stunting kalah telak kolaborasitingkatkanpendidikan,positif,positif,positif,False,,,
012,label_sample_0592,program mbg hadir berkat umkm yang semangat bikin makanan sehat bisa dinikmati lebih banyak orang hebat umkmdukungmbg,positif,positif,positif,False,,,
012,label_sample_0593,tuntutan bem si dalam aksi indonesia gelap evaluasi makan bergisi gratis mbg hingga minta tukin dosen asn dicairkan,netral,netral,netral,False,,,
012,label_sample_0594,bisa ga sih pejabat disuruh makan siang sama persis kyk menu mbg biar ngerti kalo ini tuh ga layak anj,netral,netral,netral,False,,,
012,label_sample_0595,lagi kepikiran kan yg dapet mbg kan anak sekolah ya trs yg ga sekolah ttp dapet apa ga ya,negatif,netral,negatif,True,negatif,mempertanyakan cakupan penerima di luar anak sekolah,catatan menunjukkan konteks ambigu/informatif
012,label_sample_0596,rumusan ekonominya bagaimana bosse anaknya dikasi mbg satu kali orang tuanya kena phk,netral,netral,netral,False,,,
012,label_sample_0597,mamam tu anak usia thn yg rata all in jg nunggu dpt mbg tau lulus aja blm dpt mbg mamam tu,netral,netral,netral,False,,,
012,label_sample_0598,ini cwek gue menyalaa mbg bluu karina superbeing teaser karina armageddon teaser karina,netral,netral,netral,False,,,
012,label_sample_0599,dana mbg bantu sekolah berkembang yuk optimalkan buat generasi unggul kolaborasitingkatkanpendidikan,netral,netral,netral,False,,,
012,label_sample_0600,berharap semua daerah bisa punya program kayak mbg ini makanbergiziuntukindonesia makanbergizigratisbantuumkm,positif,positif,positif,False,,,
013,label_sample_0601,wujudkan indonesia yang lebih sehat dan sukses bareng program mbg yuk jadi bagian dari perubahan,positif,positif,positif,False,,,
013,label_sample_0602,makan bergizi gratis ini adalah langkah yang luar biasa untuk menciptakan generasi yang lebih sehat teruskan,positif,positif,positif,False,,,
013,label_sample_0603,bersama tni polri keamanan mudik lebaran aman papua damai mbg lancar buat pembangunan yang merata sinergitasuntukbangsa,netral,netral,netral,False,,,
013,label_sample_0604,udh mending mbg distop ae trs duitnya buat boost pendidikan kesehatan ama buka lapangan kerja ngapain ttp prioritasin program yg dr hulu ke hilir aja tidak feasible dan struktural,positif,positif,positif,False,,,
013,label_sample_0605,pernyataan hasan itu merespons terhadap aksi penolakan mbg oleh aliansi sejumlah pelajar di wilayah papua dan kaitannya dengan potensi ancaman kelompok kriminal bersenjata kkb di dalamnya,negatif,negatif,negatif,False,,,
013,label_sample_0606,gizi berkualitas dengan produk lokal indonesiaemas programpresiden presidenprabowo makansianggratis kesehatangratisuntuksemua,positif,positif,positif,False,,,
013,label_sample_0607,program makan bergizi gratis mbg bertujuan mengurangi angka malnutrisi dan stunting di indonesia cekfakta makanbergizigratis dukungmbg,positif,positif,positif,False,,,
013,label_sample_0608,apa kabar mbg ada yang melontarkan wacana ambil dana zakat jika dana mbg tidak cukup khilafahajaranislam islamkaffah nisa khilafah,netral,netral,netral,True,netral,informasi/wacana dana zakat tanpa sentimen jelas,catatan menunjukkan konteks ambigu/informatif
013,label_sample_0609,kalau kritiknya untuk kebaikan kan gapapa dan untuk saat ini pun mbg juga masih dalam tahap proses agar kedepannya lebih baik lagi dalam menyeimbangkan gizi anak,positif,positif,positif,False,,,
013,label_sample_0610,kl sekedar stunting banyak program yg bisa dikerjakan tidak perlu mbg jgn gara mbg tidak ada skolahan jalan dll hmm aneh buzzer nya,netral,netral,netral,False,,,
013,label_sample_0611,bahkan sampe skrg adek gue kagaa ada dpt mbg gas juga masih lancar minyak masih jaya alhamdulillah gatau dah kalau guenya yg kaga tau,netral,netral,netral,False,,,
013,label_sample_0612,makanya kam dibuka loker relawan mbg update tu di website pemerintah lagi buka loker itu kan usaha untuk menambah sdm yg kerja bagian itu,netral,netral,netral,False,,,
013,label_sample_0613,wkwkwk ngakak sejadi jadinya gw temen temen gw masuk ig sekretariat wapres karena tadi siang sekolahnya didatengin gibran buat mbg lucu bgt,netral,netral,netral,False,,,
013,label_sample_0614,kayak elo tau aja tong tong duit efisiensi anggaran itu buat ape selain utk mbg utk ape lagi tong tong ndasmu botak ndasmu,netral,netral,netral,False,,,
013,label_sample_0615,dukung penuh inisiatif pm jepang soal makan bergizi gratis bantu anak anak indonesia tumbuh sehat dan cerdas sinergiindonesiajepang,positif,positif,positif,False,,,
013,label_sample_0616,bergerak bersama membangun papua sehat dengan dukungan program mbg makanbergiziuntukindonesia makanbergizigratisbantuumkm,positif,positif,positif,False,,,
013,label_sample_0617,pak sekarang saja uang untuk belanja jasa dan barang disetiap kementerian sudah di potong untuk mbg sulit rasa untuk dapat pertumbuhan ekonomi meningkat,netral,netral,netral,False,,,
013,label_sample_0618,ini para pns gak mau demo apa udah kerjaannya mau diambil tni sekarang ketambahan efisiensi buat gaji koruptor mbg yg gak jelas,negatif,negatif,negatif,False,,,
013,label_sample_0619,dari awal muncul haus validasi bawa bawa status ilmuan dan profesornya mulu keblinger dan gak napak tanah karena dukung mbg sama aja kayak yang lain tipikal yes man,positif,positif,positif,False,,,
013,label_sample_0620,kalo kita rakyat kan juga boleh usul untuk membantu dana mbg gimana kalo dpd mpr dibubarin trus anggarannya dialihkan ke mbg,netral,netral,netral,False,,,
013,label_sample_0621,mahasiswa yg ketangkep ngaku ikutan demo karena di iming i k pelajar yg demo mbg di papua juga bayaran parah gila tolol banged pada mau di benturin sama aparad cuman karena imbalan segitu,netral,netral,netral,False,,,
013,label_sample_0622,menkeu efisiensi kementerian yang potensial termasuk pendidikan dan kesehatan tapi isolop dan menhan ngga demi naikin anggaran program mbg toh wo wo,positif,positif,positif,False,,,
013,label_sample_0623,refocusing anggaran mbg dan ikn stop total aja sih alihkan ke perputaran ekonomi kerakyatan dulu gw lebih respect kalau mbg dibatalkan siap mendukung penuh dan jadi buzzer gratis pak prabowo,positif,positif,positif,False,,,
013,label_sample_0624,sasa harshtag inafaa kuwa fagiawote ile kiburi imejaa na hawa wajinga only a totally new breed of parliamentarians will fix it,netral,netral,netral,False,,,
013,label_sample_0625,program terbesar di dunia mbg mu itu bahkan belum nyampe sama sekali ke daerah saya ga ngarep juga sih karena cuma omon omon belaka,netral,netral,netral,False,,,
013,label_sample_0626,dukungan umkm pada makan bergizi gratis sediakan pangan sehat demi tingkatkan kesehatan dan kesejahteraan masyarakat umkmdukungmbg,positif,positif,positif,False,,,
013,label_sample_0627,pak sudah tempat memilih ketua badan gizi nasional ini orgnya sangat terbuka malah menyerukan agar memfoto video menu makanan mbg,netral,netral,netral,False,,,
013,label_sample_0628,salut buat kmp r dukungan kalian untuk program mbg di papua pasti akan membawa dampak positif bagi masyarakat setempat semoga inisiatif ini terus berlanjut dan memberikan manfaat nyata,positif,positif,positif,False,,,
013,label_sample_0629,dengan foto mbg yg beredar kira gizi yg ditargetkan tuh tercapai gak belum lagi yg beredar katanya masakan mentah belum matang gitu kira bergizinya dari aspek yg gimana,positif,positif,positif,False,,,
013,label_sample_0630,program makan bergizi gratis dari pemerintah keren banget sih makin aman dan terjamin deh pekerja di ekosistem mbg soalnya ada bpjs ketenagakerjaan juga,positif,positif,positif,False,,,
013,label_sample_0631,menpora dito ariotedjo bandingkan komposisi gizi makan bergizi gratis dengan asupan atlet olimpiade bahlillahadalia kuningkeren golkarindonesia partaigolkar golkarpedia,positif,positif,positif,False,,,
013,label_sample_0632,setuju di lanjutin asal jgn pake apbn pake dana investor asing yg kata presiden ke investor udah pada ngantri apbn khusus utk mbg investor asing khusus ikn,netral,netral,netral,False,,,
013,label_sample_0633,wamenperin faisol riza meninjau program makan bergizi gratis di jakarta timur memberikan gizi untuk anak anak di paud dan sd,positif,positif,positif,False,,,
013,label_sample_0634,istana anggap usulan makan bergizi gratis dibiayai zakat memalukan klik untuk baca kompascom baca berita tanpa iklan download aplikasi,positif,positif,positif,False,,,
013,label_sample_0635,nih ya gaes yg nyari videonya tak cariin karena ini rillmin herannya yg gini ada yg milih dan menang jd gak usah heran next apapun itu doi bantuin mbg pokoknya mah wkwkwk,netral,netral,netral,False,,,
013,label_sample_0636,ulat haram dalam islam kok bisa nya mau kasih makanan haram ke anak muslim lagian walau bukan muslim rakyat bisa cari ulat sendiri di pohon ga perlu ada program mbg,netral,netral,netral,False,,,
013,label_sample_0637,investasi dalam generasi sehat indonesiaemas programpresiden presidenprabowo makansianggratis kesehatangratisuntuksemua,positif,positif,positif,False,,,
013,label_sample_0638,makan bergizi gratis membuka peluang peningkatan ekonomi dengan mendorong sektor pertanian peternakan dan industri pangan yang lebih berkelanjutan,positif,positif,positif,False,,,
013,label_sample_0639,usulan airlangga program makan siang gratis pakai dana bos ditolak perhimpunan guru dan fraksi pks makansianggratis airlangga danabos pks guru lewat,netral,netral,netral,False,,,
013,label_sample_0640,dalam beberapa kasus program makan bergizi gratis juga menyediakan makanan untuk mereka yang baru saja menjalani operasi atau perawatan medis umkmdukungmbg,positif,positif,positif,False,,,
013,label_sample_0641,erasi cerdas dimulai dari sekolah yang layak gunakan anggaran mbg demi pendidikan berkualitas kolaborasitingkatkanpendidikan,netral,netral,netral,False,,,
013,label_sample_0642,program mbg benar benar memberi harapan baru bagi anak anak papua yang penuh semangat makanbergiziuntukindonesia makanbergizigratisbantuumkm,positif,positif,positif,False,,,
013,label_sample_0643,pertanyaannya bagaimana sistemnya apbn apbd itu mengalir ke masyarakat sedangkan uang hasil efisiensi masih di tampung di danantara dan mbg,netral,netral,netral,False,,,
013,label_sample_0644,kenapa mbg tidak di fokuskan dulu di daerah t jadi tidak terlalu membebani anggaran di awal yang berdampak kemana mana sekolah dengan reputasi orang kaya dapet mbg seakan akan menjadi sia sia,negatif,netral,negatif,True,negatif,kritik fokus dan beban anggaran MBG,catatan menunjukkan konteks ambigu/informatif
013,label_sample_0645,pemprov dki jakarta menyatakan kesiapannya apabila diminta memberikan kontribusi dalam mendukung anggaran program makan bergizi gratis mbg,positif,positif,positif,False,,,
013,label_sample_0646,gizi baik hari cerah dengan program makan bergizi gratis kita pastikan setiap anak indonesia tumbuh sehat dan penuh energi penuhigiziindonesia sehatitupenting,positif,positif,positif,False,,,
013,label_sample_0647,ya berhentikan saja itu mbg nya susah amat sih bermanfaat juga kagak secara fakta di lapangan bergizi apanya bikin bengkak anggaran iya bikin apbn bego iya,positif,positif,positif,False,,,
013,label_sample_0648,dalam sesi ceramah di masjid kampus ugm anies menerima beberapa pertanyaan dari jemaah salah satunya mengenai program makan bergizi gratis mbg anies ugm,positif,positif,positif,False,,,
013,label_sample_0649,ihsg anjlok ya karena emang mau dibikin anjlok aja kalo prabowo tetap memberantas korupsi dan tetap menjalankan program makan bergizi gratis begitu kamerad yg paling berkorban,netral,netral,netral,True,netral,teks ambigu; tidak cukup jelas mendukung atau menolak,catatan menunjukkan konteks ambigu/informatif
013,label_sample_0650,program makan bergizi gratis adalah langkah nyata dalam menciptakan masyarakat yang sehat dan produktif mari kita dukung bersama,positif,positif,positif,False,,,
014,label_sample_0651,udah deh makan bergizi gratis itu mending ditiadakan saja anggarannya bisa dialihkan untuk jaminan kesehatan masyarakat,positif,positif,positif,False,,,
014,label_sample_0652,adik aku berekspektasi mbg yang diberikan bakal kaya di kantin kantin korea yang banyak org korea nge buat videonya lunch part sekian gituu adik kamu sangat naif,netral,netral,netral,False,,,
014,label_sample_0653,ada buzzer pemerintah yang digaji pakai uang pajak rakyat menjelaskan soal makan bergizi gratis tak komentar sedikit ya,positif,positif,positif,False,,,
014,label_sample_0654,mungkin ini implementasi dari sumber protein alternatif ibu ibu di surabaya protes temukan ulat dan lalat di menu makan bergizi gratis anaknya via,positif,positif,positif,False,,,
014,label_sample_0655,mbg itu diambil dari ppn yg naik jadi dari pph org tua mereka yg dipotong dari gajinya tiap bulan makin besar pendapatannya pph nya juga makin besar so stop nyamain mbg sm charity,netral,netral,netral,False,,,
014,label_sample_0656,blunder ppn mbg pada gamau mikir dampak lainnya giliran dikasih lihat fakta di lapangan malah cuci tangan mana pendukungnya pada tolol lagi masih aja ngebelain,negatif,netral,negatif,True,negatif,menyebut blunder dan menyerang pembela MBG,catatan menunjukkan konteks ambigu/informatif
014,label_sample_0657,baru banget kmrn diceritain temen kalau dana mbg dikorupsi sama suppliernya alias udah dana nya ga banyak dikorupsi pulaa,negatif,negatif,negatif,False,,,
014,label_sample_0658,kan ga semua butuh mbg bisa kan diberikan kepada yang butuh aja di data juga bisa mana anak orang mampu mana yang kagak jadi ga buang buang anggaran sama makanan,negatif,negatif,negatif,False,,,
014,label_sample_0659,wooee zakat itu dibagikan kepada fakir miskin atau orang fisabilillah bukan untuk mbg yang mana sebagian besar masih mampu makan di rumah ojo ngawur bambaang,negatif,netral,negatif,True,negatif,menolak penggunaan zakat untuk MBG,catatan menunjukkan konteks ambigu/informatif
014,label_sample_0660,ini pemerintah sama legislatif kok kayak amatiran ya apa gak dipikir imbasnya apa banyak yg gak bisa menafkahi keluarga dan jadi pengangguran apa karena mbg jadi menghemat sampai segitunya,negatif,netral,negatif,True,negatif,mengkritik pemerintah/legislatif terkait dampak MBG,catatan menunjukkan konteks ambigu/informatif
014,label_sample_0661,melalui program makan bergizi gratis pemerintah berupaya untuk memenuhi gizi pada anak anak seluruh indonesia mbg makanbergizigratis dukungmbg,positif,positif,positif,False,,,
014,label_sample_0662,dan pemerintah masih insist kalo mbg membuka lapangan pekerjaan dan menurunkan kemiskinan ï x f program gak rasional ya allah kenapa masih bersikeras,netral,netral,netral,False,,,
014,label_sample_0663,heheheh mari kita tunggu realisasinya gimana ges fyp fyp prabowo prabowosubianto makansianggratis proker explore explorepage,netral,netral,netral,False,,,
014,label_sample_0664,ps kanit samapta polsek muara batang gadis melaksanakan giat sambang sekaligus menyampaikan pesan pesan kamtibmas kepada masyarakat desa singkuang i,netral,netral,netral,False,,,
014,label_sample_0665,harusnya sesuai tujuannya makan bergizi gratis untuk mengatasi stunting klo trrnyata makananya ga bergizi gmn mencapai tujuan awal mengatasi stunting,positif,positif,positif,False,,,
014,label_sample_0666,nah betul del orang yg duduk di kursi empuk harus sama menu y dngn menu mbg ulat belalang dasar yg ngasih ide y stres tidak smua anak suka mkn ulat sama belalang,netral,netral,netral,False,,,
014,label_sample_0667,wujudkan sekolah impian dengan fasilitas terbaik mari optimalkan anggaran lewat program mbg demi pendidikan mumpuni kolaborasitingkatkanpendidikan,positif,positif,positif,False,,,
014,label_sample_0668,juta rumah ga ada juta lapangan pekerjaan malah makin banyak phk mbg menunya mau diganti pake batagor jadi ini rezim kerjanya ngapain sih,netral,netral,netral,False,,,
014,label_sample_0669,alhamdulillah bisa makan bergizi gratis tanpa mikirin harga sayur naik lagi semoga yang butuh beneran dapat ya jangan malah disikat oknum,positif,positif,positif,False,,,
014,label_sample_0670,di mbg extension lantai sudah ada store baru nih yukk mampir cek siapa tau ada kebutuhan perlengkapan olahraga fashion yg kamu butuhkan malbaligaleria familymall mbgextension,netral,netral,netral,True,netral,promosi lokasi MBG extension/mal; bukan program,catatan menunjukkan konteks ambigu/informatif
014,label_sample_0671,ia membantah bahwa dalam pertemuan itu ada pembicaraan soal tawaran menteri termasuk soal program makan bergizi gratis mbg,positif,positif,positif,False,,,
014,label_sample_0672,enggak kagetlah dia berjasa sudah memarahi anak sd yg protes mbg udah capek gedein badan gak pake baju biar anak sd pd takut,netral,netral,netral,False,,,
014,label_sample_0673,segala macam kasus menutupi kasus sebelumnya occrp mbg pagar laut penembakan efisiensi danantara pertamina timah dan lain lain,netral,netral,netral,False,,,
014,label_sample_0674,panyabungan startnews bupati mandailing natal madina hm jafar sukhairi nasution menyambut baik program makanan bergizi gratis mbg yang digalakkan pemerintah untuk pelajar,positif,positif,positif,False,,,
014,label_sample_0675,langkah inovatif prabowo dengan mbg sinergikan gizi optimal dan pendidikan plus untuk masa depan hebat kolaborasitingkatkanpendidikan,netral,netral,netral,False,,,
014,label_sample_0676,program mbg ini bukti nyata niat baik pemerintah buat peduli kesehatan masyarakat semoga makin banyak yang terbantu harikerjanyata,positif,positif,positif,False,,,
014,label_sample_0677,makanan mbg prabowo gibran yg keliatan makanannya proper kayakny cmn buzzer imposter yg ngaku ngaku dari subang kemaren oke gas,netral,netral,netral,False,,,
014,label_sample_0678,juru bicara jubir kantor komunikasi kepresidenan pco dedek prayudi menegaskan bahwa program makan bergizi gratis mbg tidak memangkas anggaran lainnya,positif,positif,positif,False,,,
014,label_sample_0679,mempersilakan apa minta nih banyak kegiatan apbd yg dipending nunggu juknis kemenkeu denger denger utk sharing biaya mbg emang hasyu kalian ini siapa berbuat siapa yg ikut tanggungjawab,negatif,netral,negatif,True,negatif,kritik sharing biaya dan tanggung jawab MBG,catatan menunjukkan konteks ambigu/informatif
014,label_sample_0680,iya iya suka mu aja iyain aja deh di atas ngarang kalaupun iya ga mengubah fakta lapangan jika mbg ini berdampak negatif terhadap umkm satu karangan cerita tidak bisa mengubah fakta lapangan kan,netral,netral,netral,False,,,
014,label_sample_0681,horas dusanakmido kantor imigrasi kelas ii tpi sibolga bekerja sama dengan bank bri cabang sibolga menghadirkan kegiatan makan bergizi gratis di sd muhammadiyah plus sibuluan indah kamis januari,positif,positif,positif,False,,,
014,label_sample_0682,budi mengutarakan rencananya untuk mewujudkan kop hub untuk menyuplai kebutuhan mbg budiariesetiadi menkop budiarie menteri mbg,netral,netral,netral,False,,,
014,label_sample_0683,contohnya waktu kesehatan dan pendidikan ga dijadiin prioritas tapi yang malah dipush itu mbg katanya buat ningkatin gizi anak dan bantu umkm tapi eksekusinya berantakan total,positif,positif,positif,False,,,
014,label_sample_0684,mbg di papua harusnya bukan prioritas di papua lbh butuh pendidikan dan kesehatan kampung yg dekat dng ibukota kabupaten kota msh bnyk yg blm bisa akses kedua hal tsb,positif,positif,positif,False,,,
014,label_sample_0685,tapera bpjs kelangkaan gas melon mbg berujung efisiensi pagar laut danatara ada yg mau nambahin ini baru jalan berapa bulan udah blunder banget pemerintah,negatif,netral,negatif,True,negatif,mengaitkan MBG dengan efisiensi dan blunder pemerintah,catatan menunjukkan konteks ambigu/informatif
014,label_sample_0686,semangat bakti wujudkan kebaikan polri mendukung penuh program makan bergizi gratis memastikan supaya masyarakat mendapatkan asupan gizi yang layak makanbergizigratis,positif,positif,positif,False,,,
014,label_sample_0687,jumlah pelajar di indonesia juta orang x harga porsi makan bergizi gratis mbg rp rp miliar artinya negara butuh uang rp miliar x hari rp trilyun per bulan untuk program mbg sebulan,positif,positif,positif,False,,,
014,label_sample_0688,pak mohon agar pemain bola nasional diikutkan ke program makan bergizi gratis mbg agar mereka tidak kurang gizi lagi seperti klaim dari kepala badan gizi nasional terima kasih,positif,positif,positif,False,,,
014,label_sample_0689,mari kita dukung program makan bergizi gratis untuk menciptakan masa depan indonesia yang lebih sehat dan lebih sejahtera makanbergizibangunnegeri,positif,positif,positif,False,,,
014,label_sample_0690,presiden prabowo subianto disebut menggunakan dana pribadi dalam program makan bergizi gratis mbg karena penerapannya masih dalam tahap uji coba dan belum dibiayai apbn simak selengkapnya,positif,positif,positif,False,,,
014,label_sample_0691,center for strategic and international studies csis nilai program makan bergizi gratis memiliki banyak manfaat positif prabowo presidenprabowo makananbergizigratis mbg astacita,positif,positif,positif,False,,,
014,label_sample_0692,ketua dewan ekonomi nasional luhut binsar pandjaitan bilang kalau program makan bergizi gratis mbg punya dampak luar biasa buat ekonomi indonesia,positif,positif,positif,False,,,
014,label_sample_0693,otak mereka kopong nder baru ke isi pas jam makan bergizi gratis percuma debat sama orang budeg mah nggak mau kalah yg ada,positif,positif,positif,False,,,
014,label_sample_0694,setiap sendok makanan bergizi adalah investasi bagi masa depan bangsa mari kita dukung program makan bergizi gratis untuk anak anak indonesia giziuntukanak makanbergizigratis,positif,positif,positif,False,,,
014,label_sample_0695,mbg hari kedua nggak dimakan sama ghifari catering dari sekolah biasanya kemakan walau kadang nggak habis tapi ini nggak disentuh pusing bangett besok blg apa sama prof mei,negatif,negatif,negatif,False,,,
014,label_sample_0696,saya jujur masih bingung program makan bergizi gratis mbg setiap sekolah itu tiap hari atau bulan sekali atau tahun sekali pak dikasihnya,positif,positif,positif,False,,,
014,label_sample_0697,mbg makan beracun gratis pelajar sdn kasipute di kab bombana sulawesi tenggara muntah usai menerima makan siang bergizi rabu min siapa yg bisa dituntut dg kasus spt ini,negatif,netral,negatif,True,negatif,menyebut MBG sebagai makan beracun gratis,catatan menunjukkan konteks ambigu/informatif
014,label_sample_0698,kontras pemikiran exmertua dengan ps project mbg hasilnya tai kata exmertua bagaimana turunkan harga pangan jika utang ln hanya jadi tai mimpi disiang bolong,negatif,negatif,negatif,False,,,
014,label_sample_0699,kan yg masih banyak yg ga sekolah karena ga mampu miskin yg berarti gabisa ikut merasakan fasilitas mbg itu orang penyalurannya aja lewat sekolah hadeuhh,netral,netral,netral,False,,,
014,label_sample_0700,bang jangan tersinggung lho ya tapi jawaban elu selalu positif tentang mbg ini elu salah satu warga yang all in all in joget joget ok gas ya,netral,netral,netral,False,,,
015,label_sample_0701,seluruh kepala daerah se sumut bersama tujuh kementerian segera bahas inflasi ketahanan pangan dan makan bergizi gratis,positif,positif,positif,False,,,
015,label_sample_0702,betul makanan basi atau ada anak keracunan saat mbg aja yg disalahkan anaknya yg merekam bukan mengubah sistemnya sehingga tidak terjadi hal seperti itu lagi,negatif,negatif,negatif,False,,,
015,label_sample_0703,pln hadir mendukung program makan bergizi gratis memastikan energi listrik tak pernah padam demi kesejahteraan rakyat plnuntukindonesia,positif,positif,positif,False,,,
015,label_sample_0704,tp didunia kan mereka senangâ walaupun rakyat yg diperas dgn pajak dan ada yg minta sumbangan utk mbg kebijakanâ yg jelas membebani rakyat,netral,netral,netral,False,,,
015,label_sample_0705,mungkin di jam tertentu mereka dikumpulin di kelas ga boleh keluar buat mbg karena ga dateng ya wajar anak sekolah kelaparan,netral,netral,netral,False,,,
015,label_sample_0706,menteri abdul kadir karding dan pilar tinjau langsung makan bergizi gratis di tangsel menu makanan dan distribusi rapih abudlkadirkarding makanbergizigratis pilarsagaichsan,positif,positif,positif,False,,,
015,label_sample_0707,di sisi lain syarifah soraya seorang praktisi gizi dari mgia menyoroti manfaat program mbg terhadap kesehatan generasi muda,positif,positif,positif,False,,,
015,label_sample_0708,prabowo nih lucu banget dana pendidikan penelitian aja dipangkas buat mbg lah sekarang bilang iptek kita kalah jadi realistis aja bikin tkdn lah alias diturunin diganti instentif aja lah,netral,netral,netral,False,,,
015,label_sample_0709,program mbg rawan segala sebaiknya diganti sekolah gratis dan anggarannya untuk melengkapi sarana prasarana sekolah mbg thn per thn rp sanggup tercapai sasaran dll,positif,positif,positif,False,,,
015,label_sample_0710,mereka tuh kenapa sih bisa kecintaan bgt sama wowook heran padahal bukti udah terpampang jelas dari mbg yg ancur ancuran,netral,netral,netral,False,,,
015,label_sample_0711,ganti aja nama program makan bergizi gratis mbg jadi makan bersyukur gratis gaboleh komplain mbggk bro pikir hebat bisa mengolok olok anak kecil dengan bertelanjang dada,positif,positif,positif,False,,,
015,label_sample_0712,gimana mau puas gebrakan awal janji mbg aja ribet antara anggaran dg pelaksanaan ujung tombak pendidik generasi penerus malah dicabut tukinnya pajak malah tambah naik apalagi tuh,netral,netral,netral,False,,,
015,label_sample_0713,kesehatan sm pendidikan jd prioritas pendukung wkwkkwkwkw pdhl kl pendidikan kesehatannya jd prio utama makan bergizi gratis bisa diapus tujuan awal mbg untuk mencegah stunting kan,positif,positif,positif,False,,,
015,label_sample_0714,melalui program makan bergizi gratis indonesia maju mbg makanbergizigratis makanbergiziuntukindonesi anaksehatbangsahebat gizigratisuntuknegeri ekonomimaju indonesiaemas,positif,positif,positif,False,,,
015,label_sample_0715,waktu liat diminta efisiensi aja tanpa hal lainnya yang kepikiran cuma ga ada duitnya atau buat program mbg time will tell,netral,netral,netral,False,,,
015,label_sample_0716,terlalu banyak masalah yang harus diselesaikan tapi makan bergizi gratis adalah langkah pertama untuk pastikan semua orang sehat dan bisa berpikir jernih nggak cuma masalah ekonomi,positif,positif,positif,False,,,
015,label_sample_0717,alasan pemerintah lagi cekak tunda sampai tidak ada batas efek domino mbg duit pemerintah ludes dalam bulan dan sebagian di korupsi,negatif,negatif,negatif,False,,,
015,label_sample_0718,poin omongan lu kemana manaa gua liat si mas pangeran solo itu dari dulu juga ga bisa tuh ngomong depan publik dengan lugas dan terstruktur barusan aja ditanya mbg aja jawabnya malah puskesmas,netral,netral,netral,False,,,
015,label_sample_0719,yg aku inget umay shahab krn dulu dibully habis habisan pas komentarin program mbg wkwk kalo yg aku notis kittendust ofc panutanku hehe,netral,netral,netral,False,,,
015,label_sample_0720,gw masih gak ngerti sasaran program makan bergizi gratis ini buat siapa sih sebenarnya gw yg tolol apa emang berubah ubah sasarannya makansianggratis prabowogibran,negatif,netral,negatif,True,negatif,mengkritik sasaran program MBG yang tidak jelas,catatan menunjukkan konteks ambigu/informatif
015,label_sample_0721,mbg apakah sangat urgent harus sekarang dilaksanakan emang dulu sebelum janji kagak dihitung dan dipikir dulu ya jd semakin pesimis kedepannya,netral,netral,netral,False,,,
015,label_sample_0722,ngapain bayar bujer bison telmi program mbg pragib raih jt suara pemilu program mbg jt anak paud sd sma ibu hamil warga rentan dll suara murid ortu kakek dll jt,netral,netral,netral,False,,,
015,label_sample_0723,kalo gitu minta satu tiap hari menu mbg itu dimakan opung tiap siang di depan jurnalis dong bisa kenyang dan mau terus makan ga tuh opung,netral,netral,netral,False,,,
015,label_sample_0724,menurut alifudin usulan yang menuai pro dan kontra itu harus dipertimbangkan dengan cermat agar tidak menimbulkan dampak negatif bagi masyarakat terutama anak anak serangga makanbergizigratis dpr,positif,positif,positif,False,,,
015,label_sample_0725,penjabat bupati langkat h m faisal hasrimy ap m ap menghadiri rapat koordinasi program makanan bergizi gratis mbg bersama badan gizi nasional bgn di ruang pola kantor bupati langkat senin,positif,positif,positif,False,,,
015,label_sample_0726,makan tuh program makan bergizi gratis yang gak jelas dibalik program itu banyak sektor yang anggarannya dipangkas banyak yang nangis program jelek dipertahankan karena ego bodoh,negatif,netral,negatif,True,negatif,menyebut program tidak jelas dan jelek,catatan menunjukkan konteks ambigu/informatif
015,label_sample_0727,dorong pemdes di kukar buat makan bergizi gratis tiap desa bakal ada penyertaan modal kukar mbgdorongekonomi mbg kalimantantimur update kaltim money indonesia,positif,positif,positif,False,,,
015,label_sample_0728,kepala badan gizi nasional dadan hindayana mengatakan serangga seperti belalang hingga ulat sagu bisa menjadi bagian dari menu protein untuk program makan bergizi gratis n serangga protein mbg,positif,positif,positif,False,,,
015,label_sample_0729,harusnya digimanain didiemin aja gitu ya biar menyebar virus homoseksual nya bang hewan mah kalau mau nyuri mau zina mau buang kotoran dimana aja ya gakan dihukum lah bang gimana si mikirnya aneh,negatif,negatif,negatif,False,,,
015,label_sample_0730,program pekarangan pangan lestari dilaksanakan dalam rangka mendukung ketahanan pangan dan program makan bergizi gratis poldametrojaya polrestangsel bhayangkaritangsel pekaranganpanganlestari,positif,positif,positif,False,,,
015,label_sample_0731,sinergi banget nih pm jepang ke indo salah satu agendanya nge backup program makan bergizi gratis sinergiindonesiajepang,positif,positif,positif,False,,,
015,label_sample_0732,seandainya pemerintah mau mengalokasikan dana mbg langsung kepada orangtua siswa resiko seperti ini mungkin akan sangat minim,netral,netral,netral,False,,,
015,label_sample_0733,terlepas dari hoaks atau tidaknya alasan beberapa vendor mbg mundur kita sama sama tau lah siapa yang memegang kendali media dialah yang mengendalikan fakta cc,netral,netral,netral,True,netral,isu media/vendor; sentimen ke MBG tidak eksplisit,catatan menunjukkan konteks ambigu/informatif
015,label_sample_0734,da riil omon omon baru nerapin mbg bbrp bulan aja kok dah kayak selevel dengan jepang dan korsel dahlah pakk mending ngurusin pendidikan buat anak aja dlu diberesin,netral,netral,netral,False,,,
015,label_sample_0735,masa depan papua dimulai dari gizi yang baik program makan bergizi gratis hadir untuk anak anak yang lebih sehat dan bahagia giziuntukanak papuabangkit,positif,positif,positif,False,,,
015,label_sample_0736,setelah usulan kelor buat mbg muncul wacana serangga buat lawuhnya lama lama nanti ada usulan ubur ubur ikan lele meskipun kzl tetep jogedin aje,netral,netral,netral,False,,,
015,label_sample_0737,terimakasih pak prabowo atas program makan bergizi gratis mbg makanbergizigratis makanbergiziuntukindonesi anaksehatbangsahebat gizigratisuntuknegeri ekonomimaju indonesiaemas,positif,positif,positif,False,,,
015,label_sample_0738,udah udah urusan pribadi orang ini urusan kita adalah uu tni mbg pemimpin goblok dan banyak hal lain jangan terpengaruh pengalihan isu murahan,netral,netral,netral,False,,,
015,label_sample_0739,program pendidikan dan makan bergizi gratis adalah bentuk nyata pemerintah dalam menciptakan keadilan sosial kolaborasitingkatkanpendidikan,positif,positif,positif,False,,,
015,label_sample_0740,orang tau ga sih sekolah yang dapet mbg tu ga semuanya dan ga setiap hari i mean bisa jadi seminggu sekali atau bahkan sebulan sekali baru dapet makan sing gratis otak nya uouo tololl,netral,netral,netral,False,,,
015,label_sample_0741,mbg program abal abal sedot pangkas anggaran k l pemda berakibat programnya lumpuh hanya utk ngambil hati rakyat manjain rakyat sekalian pembodohan era pemerintahan omon omon,negatif,negatif,negatif,False,,,
015,label_sample_0742,mbg dan umkm kerjasama apik yang mengantarkan kita pada masyarakat yang lebih peduli akan kesehatan dan gizi umkmdukungmbg,positif,positif,positif,False,,,
015,label_sample_0743,makan bergizi gratis saat ramadan tetap ada di bulan ramadhan dan bisa dibawa pulang makanbergizigratis indonesiasehat,positif,positif,positif,False,,,
015,label_sample_0744,program kocag mbg nya khusus sekolahâ favorit yg ortu nya orng kaya semua wkkwwk ditunggu mbg buat sekolah angkasa sekalian,netral,netral,netral,False,,,
015,label_sample_0745,empati tuh ke negara yang emang baik aja baru empati kalau ke negara yang emang mau menguasai dunia mau ngerusak dunia dengan ikutan perang dimana gimana kita bisa empati,positif,positif,positif,False,,,
015,label_sample_0746,noh panutan lu padaa bersyukur gk kalian dikasi bansos rebuan thn sekali mbg rb banyak keracunan lagi wahh sangat bersyukur,netral,netral,netral,False,,,
015,label_sample_0747,hati bumil jgn ikut mkn mbg tar ikut keracunan prabowo mengungkap ada profesor nyinyir mengkritik program makan bergizi gratis mbg ia berkelakar agar profesor itu belajar dengan ustaz adi hidayat,positif,positif,positif,False,,,
015,label_sample_0748,kualitas hidup jadi lebih baik gara gara kolaborasi makan bergizi gratis antara jepang dan indonesia keren sinergiindonesiajepang,positif,positif,positif,False,,,
015,label_sample_0749,knapasi berita yg dari indonesia ni kalo bukan kucheng ngeliatin duel tikus buaya puraâ tenggelam sambil dadahâ ya program makan siang gratis yang ternyata basi dan tidak bergizi,negatif,netral,negatif,True,negatif,menilai program basi dan tidak bergizi,catatan menunjukkan konteks ambigu/informatif; netral tetapi ada sinyal negatif
015,label_sample_0750,kenapa gak dana pejabat saja yang digunakan untuk membantu mbg ini sih selalu saja rakyat dan anak anak yg diatur sana sini,netral,netral,netral,False,,,
016,label_sample_0751,pemerintah resmi meningkatkan anggaran untuk program makan bergizi gratis mbg menjadi rp triliun pada tahun demi meningkatkan kualitas gizi anak anak indonesia,positif,positif,positif,False,,,
016,label_sample_0752,bikin kebijakan cuma buat buang buang duit hal sepele aja mbg banyak masalah kontol emang makin kesini otak pemerintah,negatif,negatif,negatif,False,,,
016,label_sample_0753,pakk di jakarta aja belum semua sdn dapat program mbg apalagi di daerah pakk negara mana pakk yg mau belajar program mbg,negatif,netral,negatif,True,negatif,kritik pemerataan dan klaim program MBG,catatan menunjukkan konteks ambigu/informatif
016,label_sample_0754,hahahaha ini salah satu narasi yg pernah aku dpt ketika berkomentar di ig diserbu warga ig intinya mbg lebih realistis dibanding lainnya boomm,netral,netral,netral,False,,,
016,label_sample_0755,yaelah voters masih aja tone deaf mana tuh yang koar koar siapapun presiden nya kita bakalan gini gini aja kasih makan tuh otak lo pake makanan gratis yang katanya bergizi itu fuck you all,negatif,netral,negatif,True,negatif,nada marah/sarkastik terkait makanan gratis bergizi,catatan menunjukkan konteks ambigu/informatif
016,label_sample_0756,dengan makanan bergizi kita wujudkan generasi cerdas dan sehat langkah kecil hari ini dampak besar di masa depan penuhigiziindonesia makansianggratis kalbarpeduli generasisehat kalbar,positif,positif,positif,False,,,
016,label_sample_0757,program makan bergizi gratis mbg adalah langkah strategis pemerintah dalam mengurangi angka kemiskinan dengan memastikan anak anak mendapatkan gizi yang baik sejak dini makanbergizigratis mbg,positif,positif,positif,False,,,
016,label_sample_0758,mudahnya hidup sehat dan bahagia dengan program makan bergizi gratis di papua makanbergiziuntukindonesia makanbergizigratisbantuumkm,positif,positif,positif,False,,,
016,label_sample_0759,dukung program makan bergizi gratis untuk anak anak agar mereka bisa tumbuh sehat dan kuat setiap anak berhak mendapatkan gizi yang seimbang demi masa depan yang lebih baik mbg,positif,positif,positif,False,,,
016,label_sample_0760,beneran penasaran seberapa jauh pemerintah bakalan obrak abrik anggaran lain yang lebih penting demi program mbg ini dan berapa lama jg nih program akan bertahan,negatif,netral,negatif,True,negatif,khawatir anggaran penting dikorbankan demi MBG,catatan menunjukkan konteks ambigu/informatif
016,label_sample_0761,stress masalahnya apa solusinya apa muak banget rasanya sama pemerintah dikira mbg bisa nyegah banjir kali ya gara gara mbg noh semuanya jdi bermasalah pgn berkata kasar tp dah puasa,negatif,netral,negatif,True,negatif,muak dan mengaitkan MBG dengan berbagai masalah,catatan menunjukkan konteks ambigu/informatif
016,label_sample_0762,blm lagi kali dirinci ada yg belanja pegawai lebih apbd kalo dukung mbg pasti yg dikurangi sektor lain bukan belpeg nya,positif,positif,positif,False,,,
016,label_sample_0763,generasi penerus bangsa palestina numpang makan dan berak di indonesia untuk sementara pak ga sia sia program makan bergizi gratis,negatif,netral,negatif,True,negatif,sarkasme terhadap manfaat program MBG,catatan menunjukkan konteks ambigu/informatif
016,label_sample_0764,program mbg gimana kalau buat tingkatkan fasilitas sekolah pendidikan yang top masa depan lebih cerah kolaborasitingkatkanpendidikan,netral,netral,netral,False,,,
016,label_sample_0765,kepala badan gizi nasional bgn dadan hindayana memberikan tanggapan terkait viralnya laporan menu makanan bergizi gratis mbg yang belum matang di media sosial,positif,positif,positif,False,,,
016,label_sample_0766,mbg menunjukkan komitmen nyata pemerintah dalam memberikan akses gizi yang baik bagi masyarakat yang membutuhkan di papua makanbergiziuntukindonesia makanbergizigratisbantuumkm,positif,positif,positif,False,,,
016,label_sample_0767,apa itu makan bergizi gratis yuuk sahabat sehat simak info lengkapnya pada slide diatas mbg makanbergizigratis dinkesklaten dinkeskabklaten,netral,netral,netral,True,netral,ajakan membaca informasi; tidak ada opini eksplisit,catatan menunjukkan konteks ambigu/informatif; netral tetapi ada sinyal positif
016,label_sample_0768,program makan siang gratis dari pemerintah baru bapanas turun tangan langsung yuk dukung bersama makansianggratis prabowogibran makananbergizigratis indonesia makananbergizi,positif,positif,positif,False,,,
016,label_sample_0769,pak menteri jalan lintas di kab musi rawas rusak parah apakah balai hanya diam tidak berbuat apa krn anggaran nya sdh dipake danantara dan mbg indonesiagelap,negatif,netral,negatif,True,negatif,mengaitkan anggaran MBG dengan jalan rusak,catatan menunjukkan konteks ambigu/informatif
016,label_sample_0770,prabowo gibran siap wujudkan program makan siang gratis bagi juta anak sekolah dan santri indonesiaemas programpresiden presidenprabowo makansianggratis kesehatangratisuntuksemua,positif,positif,positif,False,,,
016,label_sample_0771,kamis agitsni m u luhkan kab skbmi koordinasi dengan sdn selajambe dan mi selajambe untuk mbg makan bergizi gratis dari kkp giatluhkansatmingkalbogor sukabumi aktivitas makanbergizi gemarikan,positif,positif,positif,False,,,
016,label_sample_0772,program makan bergizi gratis tingkatkan kemampuan akademis generasi muda menuju indonesia emas programmbg makanbergizigratis dukungmbg indonesiaemas,positif,positif,positif,False,,,
016,label_sample_0773,padahal kalo ortu anak ga di phk juga gizinya bisa lebih baik dari yg mereka kasih dasarnya mendesak karena di desak untuk menggaji yg ngurusin mbg tapi udh terlanjur di korup,positif,positif,positif,False,,,
016,label_sample_0774,pendidikan keren itu dimulai dari sekolah yang nyaman ayo manfaatkan anggaran mbg buat benahin fasilitas sekolah kita kolaborasitingkatkanpendidikan,netral,netral,netral,False,,,
016,label_sample_0775,pemerintah akan mendorong penggunaan anggaran pendapatan dan belanja daerah apbd untuk mendukung pelaksanaan program makan bergizi gratis mbg,positif,positif,positif,False,,,
016,label_sample_0776,media asing aja udah kata andalan sdm rendah yg udh berasa paling keras dan kritis untung ada mbg skrg otaknya bisa berkembang untuk menerima pendidikan scr maksimal,netral,netral,netral,False,,,
016,label_sample_0777,di adakan progam mbg ini sudah bagus apalagi progam ini langsung di awasi di setiap sekolah tambah bagus lagi tak merugikan siswa yg dapet mbg tadi,positif,positif,positif,False,,,
016,label_sample_0778,efisiensi anggaran bukan berarti mengorbankan pendidikan program mbg dan pendidikan tetap berjalan untuk membangun generasi unggul pendidikanuntukbangsa efisiensiberkualitas,netral,netral,netral,False,,,
016,label_sample_0779,udah lama banget bahkan gak inget kapan terakhir kesana pokoknya waktu gramedia yang masih di bagian dalam jadi sekalian keliling mengitari mbg sambil nunggu kak merry dateng,netral,netral,netral,True,netral,kemungkinan merujuk tempat/mal; bukan program MBG,catatan menunjukkan konteks ambigu/informatif
016,label_sample_0780,nih awas ketuker dah mgb sama mbg by the way bantu aku buat bisa hype jossgawin if u see this let s be moots guys mygoldenblood jossgawin,netral,netral,netral,False,,,
016,label_sample_0781,kabar baik buat anak anak indonesia anggaran makan bergizi gratis jadi triliun rupiah mari kita ciptakan generasi sehat dan kuat mbgdorongekonomi,positif,positif,positif,False,,,
016,label_sample_0782,mbg memajukan umkm menumbuhkan ekonomi menciptakan generasi yang sehat fyp swasembadaenergi astacita mbgdorongekonomi peringatansuperdarurat pak bowo ciawi,positif,positif,positif,False,,,
016,label_sample_0783,sumber video sekretariat presiden presidenprabowo prabowo prabowosubianto makansianggratis makansiang makansiangbergizi sidangkabinet makanbergizi,positif,positif,positif,False,,,
016,label_sample_0784,lah kemaren ada yg makan ulet sagu dikasianin makanya pd seneng ada mbg biar ga makan itu skrg malah mau dikasih ulet sagu,netral,netral,netral,False,,,
016,label_sample_0785,dear pemerintah konoha drpd jalanin mbg yg ga efisien dan ngorbanin banyak hal mendingan hapus dulu dah persyaratan daftar kerja yg ngeberatin khususnya batasan usia,netral,netral,netral,False,,,
016,label_sample_0786,istana anggaran kemenham sebenarnya t hanya saja untuk efisiensi anggaran efektif hanya miliar saja prioritas utama kami mbg program ham hanya prioritas cadangan,netral,netral,netral,False,,,
016,label_sample_0787,kaga penting urusin noh keluarga yang kena phk urusin hutan yang mau di gunduli urusin masalah stunting di pelosok program mbg mu ga guna pak,netral,netral,netral,False,,,
016,label_sample_0788,program pendidikan dan makan bergizi gratis adalah bukti nyata komitmen pemerintah untuk kesejahteraan anak anak indonesia kolaborasitingkatkanpendidikan,positif,positif,positif,False,,,
016,label_sample_0789,tadi pas jalan di mbg i see something ada bapak bapak jualan minuman i guess soalnya dia ada nyebutin yakult ngerasa terharu sama bersalah aja sih krn ga mampir buat sekedar liat menu beliau,netral,netral,netral,False,,,
016,label_sample_0790,bersyukurlah karena sekarang ada makan bergizi gratis pemerintah sudah lama bikin aturan sekolah negeri gratis jadi kalo sekolah negeri bayar maka itu artinya gurunya jahat,positif,positif,positif,False,,,
016,label_sample_0791,pov nya kemiskinan merajalela sekarang pengangguran korupsi pesta anggaran pejabat dan kalian dengan mbg berlagak seperti pahlawan,negatif,negatif,negatif,False,,,
016,label_sample_0792,mbg tuh gimmick pengalih isu alesan efisiensi faktor utama pemerintah bikin kebijakan efisiensi tuh bukan mbg tpi untuk danantara mbg yg bukan faktor utama dijadiin kambing hitam,netral,netral,netral,False,,,
016,label_sample_0793,di tempat saya gak ada makan bergizi gratis tetap hidup anakâ sekolah gak ada dampaknya ya palingâ kebutuhan pokpk semakin mahal krn naiknya ppn dan pajak utk membiayai mbg ini,negatif,netral,negatif,True,negatif,menyatakan MBG tidak berdampak dan membebani biaya,catatan menunjukkan konteks ambigu/informatif
016,label_sample_0794,dengan mbg fasilitas sekolah jadi prioritas untuk direnovasi demi kenyamanan belajar banyak orang kolaborasitingkatkanpendidikan,netral,netral,netral,False,,,
016,label_sample_0795,makanan sehat tubuh kuat pikiran cerdas ï x f program mbg membantu membangun kebiasaan makan sehat sejak dini apakah kamu sudah menerapkan pola makan sehat hari ini sehatbersamambg,positif,positif,positif,False,,,
016,label_sample_0796,ekspose mbg malah sdh dinikmati siswa yg terlihat byk dr kelompok yg cukup gizi tdk atunting bahkan konon sebagian org tuanya sebenarnya lbh suka diberikannkpd yg membutuhkan,netral,netral,netral,False,,,
016,label_sample_0797,bhabinkamtibmas polsek muara batang gadis melaksanakan giat patroli pilar di desa tabuyung sekaligus menyampaikan pesan pesan kamtibmas kepada masyarakat desa tabuyung,netral,netral,netral,False,,,
016,label_sample_0798,prabowo memastikan pembaruan di bidang pendidikan dan kesehatan dapat melalui inisiatif mbg kolaborasitingkatkanpendidikan,positif,positif,positif,False,,,
016,label_sample_0799,wokwowok nyokap gue nyumpah nyumpahin prabski karna mbg kata nyokap itu dia ntar dikudeta tuh tinggal nunggu waktu aja,netral,netral,netral,False,,,
016,label_sample_0800,ayo optimalkan anggaran mbg untuk sekolah yang sehat dan mendukung kreativitas anak anak kolaborasitingkatkanpendidikan,positif,positif,positif,False,,,
017,label_sample_0801,ternyata presiden indonesia saat ini sangat pro rakyat ya sampai memikirkan tentang gizi anak anak setiap hari makanbergizi mbg,positif,positif,positif,False,,,
017,label_sample_0802,suatu bangsa harus bersatu padu bareng garong benur untuk dijual ke vietnam dan ingpestasi di vietnam sekolah tinggi tinggi cuman tahunya jual yang ada bukan mengelola menjadi nilai lebih pantes manut aja buat mbg ternyata emang g punya otak semua,netral,netral,netral,False,,,
017,label_sample_0803,sama kak kayak ibuku cuman baru engeh efeknya sekarang ini kak sebelumnya selalu bilang bagus dong dikasih makan dulu g ada yg ngasih pas program mbg baru mulai tapi ama adekku rutin dicengcengin sekarang,positif,positif,positif,False,,,
017,label_sample_0804,hanya ibu yg tau apa yg terbaik unk anaknya baik gizinya kualitasnya maupun menu makanannya sekali lagi ahok benar semoga ga terjadi lg kasian mereka pelajarannya jadi terganggu geger makan bergizi gratis berujung keracunan massal di sukoharjo,negatif,netral,negatif,True,negatif,keracunan massal dan gangguan belajar terkait MBG,catatan menunjukkan konteks ambigu/informatif
017,label_sample_0805,ko diem aja to min pak prabowo juga mbok ya buka suara apa ya ga kasian sama pegawai yg pada dirumahkan mbok ya punya hati sedikit gitu lho alasan buat makan bergizi gratis tapi dg cara ngebuat anak lain sekeluarga gabisa makan karna bapak tulang punggungnya dipecat,negatif,netral,negatif,True,negatif,kritik PHK/efisiensi demi MBG,catatan menunjukkan konteks ambigu/informatif
017,label_sample_0806,mak gue cerita ketemu kang sate ngeluh dikit yg beli krn mbg nyesel katanya milih mak gua ketawa renyah blg alhamdulillah sadar bang saya mah untungnya ga pilih mereka tuh untung kgk ditusuk lidi sate,netral,netral,netral,False,,,
017,label_sample_0807,dalam aksi tersebut terdapat beberapa isu yang dibawakan mulai dari program makan bergizi gratis hingga kabinet gemuk baca selengkapnya penulis zaffar nur hakim hasna kamilah penanggung jawab zaffar nur hakim,positif,positif,positif,False,,,
017,label_sample_0808,panglima tni mengerahkan komando distrik militer kodim pangkalan utama tni angkatan laut lantamal dan pangkalan tni angkatan udara lanud untuk mendukung program makan bergizi gratis mbg tni berkomitmen penuh untuk mendukung keberhasilan program presiden ri,positif,positif,positif,False,,,
017,label_sample_0809,mereka akan bikin kita semua miskin tapi tidak lapar on point program kayak mbg bansos udah jelas banget implementasinya dan terbukti ampuh belum lagi mayoritas orang indo punya mentalitas kalo dikasih makan harus manut alhasil segan untuk jadi kritis dan mengkritik,netral,netral,netral,False,,,
017,label_sample_0810,menkop budi arie tinjau peternakan ayam petelur di bantul untuk persiapkan pasokan mbg koperasi petelur akan dibentuk dukung program presiden prabowo radar jogja budi arie setiadi budiariesetiadi koperasi prabowo u lewatberanda trending,positif,positif,positif,False,,,
017,label_sample_0811,makan siang gratis di sekolah memastikan anak anak mendapatkan gizi yang cukup untuk tumbuh sehat dan cerdas indonesiaemas programpresiden presidenprabowo makansianggratis kesehatangratisuntuksemua,positif,positif,positif,False,,,
017,label_sample_0812,huru hara yang terkumpul masalah ppn gas elpiji yg menumbalkan korban makan bergizi gratis yg g bergizi dan g gratis presiden yang arogan gak mau menerima kritik menganggap rakyat ini hanya anak kecil pagar di laut yg gk diadili dg jelas cont indonesiagelap,positif,positif,positif,False,,,
017,label_sample_0813,yg berhak bilang mewakili rakyat ya memang orang yg sudah dapat mandat prabowo bisa bilang dia didukung rakyat karena punya suara kalau dia bilang rakyat setuju dengan mbg karena itu janji kampanyenya tapi ya sampai di situ aja kalau yg lain ya kek kamu juga klaim,positif,positif,positif,False,,,
017,label_sample_0814,mbg udh dijalanin pr skrg dr pemerintah itu ngubah sifat anti kritik yg dibangun mulyono orang ngekritik itu berarti peduli kritikannya harus diterima dulu dan diakui klo memang ternyata masih ada kekurangan,netral,netral,netral,False,,,
017,label_sample_0815,tingkat kepuasan publik terhadap kinerja prabowo gibran menurut salah satu lembaga survey mencapai persen di hari kerja apa yang perlu dievaluasi dari program program prabowo gibran yang sudah berjalan seperti program mbg talk pengamat komunikasi politik dr,netral,netral,netral,True,netral,konten survei/evaluasi tanpa sikap jelas,catatan menunjukkan konteks ambigu/informatif
017,label_sample_0816,kagak ada tuh dikomen gue juga yg blg mbg ala kadarnya terus gara gue bilang yg penting ada dulu katanya gak apa nasi pungut dijalan klw buat org bermobil emang ala kadarnya kali yah gue yg pernah di garis depan pendidikan aja miris makanya dukung mbg,positif,netral,positif,True,positif,secara eksplisit menyatakan dukung MBG,catatan menunjukkan konteks ambigu/informatif
017,label_sample_0817,ketika ditanya itu saya pun jawab pak sebenarnya indonesia seharusnya terlebih dahulu terimbas krisis daripada thailand ekonomi kita rapuh pak jadi bapak selama ini dibohongi apalagi adanya soal mbg danantara dan juga liga korupsi indonesia serta mundurnya smi,negatif,negatif,negatif,False,,,
017,label_sample_0818,siapa sih orang tua yg g mau anaknya makan makanan bergizi sy yakin g ada cuma keadaan aja yg membuat orang tua memberi makanan seadanya kalau sy boleh ususl mending alihkan saja mbg jadi program wajib belajar thn pastika biayanya gratis sy jamin ini investasi yg tepat,negatif,netral,negatif,True,negatif,mengusulkan pengalihan MBG ke wajib belajar,catatan menunjukkan konteks ambigu/informatif
017,label_sample_0819,sampean alergi telur tp ndakpapa jg sih krn trget mbg ini kn ank skolah bumil bkn bpk alergi itu slh satu kndala kndala yg mdh dmitigasi drpd program trilyunn jd mbadzir krn menunya tlr dadar ikn kring sarden dll blm lg resiko keracunan krn downgrade bahanbaku,netral,netral,netral,False,,,
017,label_sample_0820,kalau orang tua bilang aku dulu tapi ngga ngerti esensi mbg udah gausah didengerin baca ngga dia rkp kalau mbg itu prioritas nasional ke bukan pribadi atau individu tercantum kok kalorinya jelly drink berapa kkal,positif,netral,positif,True,positif,membela esensi dan prioritas nasional MBG,catatan menunjukkan konteks ambigu/informatif
017,label_sample_0821,bacoot aja lo yg di gedein otak lo kecilin kalau orang mengkritik tuh program tandanya itu orang kepengen tuh program bisa berjalan dengan baik sesuai janji kampanye yang di gaung kan dulu dan makan bergizi gratis yg di janjikan sesuai kebutuhan para siswa yg menerima,positif,positif,positif,False,,,
017,label_sample_0822,itu titipan bu menku yang ribet kesana kemari mencari tambahan kas negara demi nuruti keinginan sang presiden minta mbg jalan terus dan desakan sang mantan presiden minta ikn dilanjutkan bu menku telp pak menkes pak menkes wa dirut bpjs pokoknya naik pak menbumn senyum,netral,netral,netral,False,,,
017,label_sample_0823,cukup besar harga yang harus di bayar rakyat dalam degelan negeri pak inilah yang kami sebut dengan indonesiagelap ada mbg untuk sebagian kecil anak indonesia tapi ada puluhan ribu bapak anak indonesia tak ada pekerjaan terus harus penuhi kebutuhan gizi dng apa pak,negatif,netral,negatif,True,negatif,kritik biaya sosial MBG dan pengangguran,catatan menunjukkan konteks ambigu/informatif
017,label_sample_0824,ini habit petinggi yg dari dulu gua g srek tidak meneruskan sesuatu dari pemimpin sebelumnya proyek mbg wes gagal total gagal kalau mau berjalan solusi yg bagus berdayakan kantin canangkan program bersih alat makan setelah dipakai daripada jadiin proyek lahan basah oknum,positif,positif,positif,False,,,
017,label_sample_0825,hasan nasbi mengatakan program makan bergizi gratis mbg yang diluncurkan pemerintah tidak hanya sekadar menyediakan makanan sehat bagi anak anak tetapi juga membawa dampak positif dalam pembentukan perilaku dan kebiasaan mereka,positif,positif,positif,False,,,
017,label_sample_0826,masalah gizi dan stunting masih menjadi tantangan di indonesia program makan siang gratis di sekolah membantu memastikan setiap anak mendapatkan makanan bergizi yang mereka butuhkan untuk tumbuh optimal dan berprestasi indonesiaemas presidenprabowo makansianggratis,positif,positif,positif,False,,,
017,label_sample_0827,program mbg itu bukan yg paling urgent lebih mendesak menambah lapangan kerja gaji untuk hidup baik menurunkan harga barang dan menegakkan supremasi hukum tapi akiâ gemoy ngga suka dikasih masukan mindsetnya jelek anda bersama saya atau anda melawan saya kusut jadinya,positif,positif,positif,False,,,
017,label_sample_0828,pake dibandingin sama azka kalo ikut syuting dia gak komplen pas makan nasi kotak kan kocak mbg kan tiap hari kalo suka terjadi yg disajikan kurang layak gimana itu poinnya pak deddy nasi kotak azka juga pasti proper dan relatif yg oke kalo memungkinkan,netral,netral,netral,False,,,
017,label_sample_0829,katanya sudah merdeka tapi mau kuliah kok biayanya seperti waktu di jaman penjajahan hanya anak pejabat dan pengusaha kaya yang bisa kuliah rakyat jelata cukup dikasih mbg saja kata sujiwo tesdo jancok,netral,netral,netral,False,,,
017,label_sample_0830,mbg di seluruh indonesia kenyataannya di kabupaten tempat kami belum ada itu makan gratis begitu juga di ibukota provinsi lampung jarang sekolah yang ada mbg gabungnya seolah di seluruh sekolah telah ada mbg nyatanya jarang,netral,netral,netral,False,,,
017,label_sample_0831,ini pemerintah an maunya apaan sih bener ga tahan gw sm gobloknya udah tau kurikulum kagak bener libur ditambah terus ortu blm mulai cuti anak udah libur ortu udah mulai masuk kerja anak masih libur biar mbg ngurang situ yg bikin program ga pake otak ortu yg jd korban,netral,netral,netral,False,,,
017,label_sample_0832,program makan bergizi gratis oleh pemerintahan prabowo gibran memiliki sejumlah manfaat yaitu terpenuhinya gizi anak turunnya angka defisiensi makronutrien prabowogibran prabowo gibran quickwin makanbergizigratis indonesiasehat indonesiamaju kerjanyata merakyat,positif,positif,positif,False,,,
017,label_sample_0833,polres jember polda jatim melaksanakan program dari presiden bapak prabowo subianto yaitu membagikan makan siang bergizi gratis untuk anak sekolah kegiatan membagikan makan siang bergizi bertujuan untuk menambah atau memberikan asupan gizi yang lebih baik kepada anak anak,positif,positif,positif,False,,,
017,label_sample_0834,tentu tidak murah karena itu dunia usaha turut berpartisipasi selengkapnya jawaban saya mengenai mbg gotong royong silahkan disimak di video berikut ini yuk tanya apa lagi tulis di kolom komentar dengan hastag tanyanin mbg makanbergizigratis mbggotongroyong kadin,positif,netral,positif,True,positif,mendorong partisipasi dunia usaha untuk MBG,catatan menunjukkan konteks ambigu/informatif
017,label_sample_0835,kepala kantor komunikasi kepresidenan hasan nasbi menanggapi ancaman dari organisasi papua merdeka opm yang mengancam akan membakar sekolah sekolah penerima mbg dengan menyatakan bahwa siapa pun yang mencoba menghalangi program ini akan berhadapan dengan tni polri,negatif,negatif,negatif,False,,,
017,label_sample_0836,elu terlalu positif ngeliat pemerintah nyet jadi tujuannya itu buat cuma makan gratis makan bergizi cegah stunting atau apa udah bandingin belom sama janji kampanyenya bangun woi baru keluar dari goa apa gimane apa kerjaan lu emang nyebokin program ngaco,negatif,netral,negatif,True,negatif,menyebut program ngaco dan menyerang pembela MBG,catatan menunjukkan konteks ambigu/informatif
017,label_sample_0837,mulai terasa efek bagi bagi jabatan mbg dan iikn plus hutang negara herannya yg dipangkas selalu yg berbau subsidi rakyat padahal penyakit kronis negara ini dari dulu kanker korupsi pejabat dan hasil sda yang menguap ok gaass kanlah,negatif,negatif,negatif,False,,,
017,label_sample_0838,bodoh banget udh mah ga tepat sasaran ga bergizi ga bernutrisi juga tidak ada urgensi nya mbg ini ga sepenting itu untuk diprioritaskan sekolah juga ga semuanya dapet bahkan di daerah kabupaten yang dapet malah sekolah percontohan yg emg udh bagus,positif,positif,positif,False,,,
017,label_sample_0839,lebih lanjut stafsus lenis kogoya mengajak seluruh elemen masyarakat untuk mendukung program ini demi masa depan yang lebih baik bagi generasi muda papua stafsusleniskogoya kemhan kemhanri programmakanbergizigratis mbg,positif,positif,positif,False,,,
017,label_sample_0840,mbg bukanlah bantuan karena ia dianggarkan dari dana apbn yang berasal dari pajak rakyat dan oleh sebab itu rakyat tak perlu bersyukur maupun berterima kasih kepada pemerintah letkol deddy corbuzier tak mampu memahami hal ini ulasan abil arqam,positif,positif,positif,False,,,
017,label_sample_0841,sudah ada gak ya evaluasi dari makan bergizi gratis yang sudah jalan beberapa bulan coba cek apakah ada kenaikan skor iq dari sebelum atau setelah makan bergizi gratis atau malah ga ada data evaluasinya utk mengukur seberapa efektif program ini,positif,positif,positif,False,,,
017,label_sample_0842,hi foters kalian masih ingatkan program makan siang gratis yang berubah menjadi makan bergizi gratis kita akan bahas malam ini dalam fokus terkini manfaat program makan gizi gratis apa ya foters fokusterkini tvrinasional makanbergizigratis,netral,netral,netral,True,netral,promosi diskusi/manfaat MBG tanpa opini pribadi,catatan menunjukkan konteks ambigu/informatif
017,label_sample_0843,gw pernah jd extras dan dapet makan siang dr mereka enak anjir bandingin sm mbg ya jauh wajar si azka masih mau makan isinya ada ayam telor kadang dapet daging lah lu liat mbg noh kek apaan tahu bentukannya coba azka suruh makan mbg,netral,netral,netral,False,,,
017,label_sample_0844,halo program makan bergizi gratis mbg nggak bermasalah langsung meski ada tarif negatif trump ke impor ri pemerintah ri prioritaskan mbg rp t buat sdm lawan stunting tarif bisa tekan ekonomi tapi diplomasi ke as jaga stabilitas mbg tetap krusial apalagi,positif,positif,positif,False,,,
017,label_sample_0845,gak paham isi uud isi pancasila cuma beri makan ikan mbg sembako warga jika paham beri pancingan jaring kapal memadai hingga dpt ikan banyak bagi rata masyarakat hasil dijual hingga export bikin peluang usaha yg profit mampu bayar pajak devisa kembali pemasukan negara,netral,netral,netral,False,,,
017,label_sample_0846,intinya evaluasi masalahnya uang itu dipaksain dengan asal potong aggaran imo bakal lebih bagus tahapannya bikin fasilitasi tiap daerah buat sembada pangan baru bisa bilang mbg kalo caranya gitu biayanya bisa lebih murah petani dan pekerja muda yg lo bilang engga ilang,positif,positif,positif,False,,,
017,label_sample_0847,rasional saja mitra catering mbg dengan paket menu makan anggaran rata rata sepuluhriburp dapat apa dapat apa dipahami kemitraan yg sehat yg makan kenyang bergizi dan tidak terancam keracunan tekanan memenuhi paket mbg menjadi buntung,negatif,netral,negatif,True,negatif,"kritik anggaran katering, risiko keracunan, dan kerugian mitra",catatan menunjukkan konteks ambigu/informatif; netral tetapi ada sinyal positif
017,label_sample_0848,wuih keren nih pemerintah jepang undang pemerintah indonesia buat diskusi soal program makan bergizi gratis jepang mempersilakan pemerintah indonesia untuk bisa pelajari program makan gratis di jepang programpemerintah makanbergizigratis programmakansianggratis jepang,positif,positif,positif,False,,,
017,label_sample_0849,kenapa mbg di tuduh kpk di media ada pengurangan harga coba utk oknum pejabat yg sdh pernah dipanggil kpk spt kasus migor dn bnyak lagi tp di diamkan saja berani utk mrk tdk punya backing emang dulunya dibentuk kpk krna polri dn kejaksaan melempem tp skrg terpilih dr polisi juga,netral,netral,netral,False,,,
017,label_sample_0850,yth presidenku bapak salam hormat ijin usul pak sebaiknya yg diberi bantuan makan bergizi gratis yg membutuhkan saja sekolah mengusulkan nama anak yg membutuhkan dikandung maksud agar efektif dan efisien terima kasih,positif,positif,positif,False,,,
018,label_sample_0851,kpk temukan dugaan pengurangan anggaran dalam program makan bergizi gratis yang berpotensi memengaruhi kualitas makanan masyarakat pengawasan ketat terus dilakukan baca lebih lanjut di bawah ini idncitizen promedia,positif,positif,positif,False,,,
018,label_sample_0852,mengenai program makan bergizi gratis kalian termasuk yg mana a tidak setuju dengan programnya b setuju dengan programnya tapi implementasi harus tetap dievaluasi c tidak setuju dengan penyelenggara tapi kalau diselenggarakan oleh kubu kami sih otomatis akan setuju,netral,netral,netral,True,netral,pertanyaan/polling opini publik,catatan menunjukkan konteks ambigu/informatif
018,label_sample_0853,iyakann asli yg voters ini otak nya dangkal dangkal bngt bahkan aku pun bilang mbg itu program aneh ga ada yg namanya makan siang gratis klo sampe ada itu bakalan chaos bngt karna org cuma mikirin soal makan aja ga ada yg mikir buat nyari makan karna udh d suapin,netral,netral,netral,False,,,
018,label_sample_0854,masyarakat yg sejahtera adalah yg bisa makan bergizi gratis di saat banyak mahasiswa yg kuliah di ln lebih milih dpt ilmu yg mumpuni tp rela sehari makan sekali atau di kasus aku seminggu hari makan mi hari bru makan nasi biar hemat pendidikan tuh hrsnya prioritas,positif,positif,positif,False,,,
018,label_sample_0855,burhan pun meminta pemberantasan korupsi kpk kejaksaan agung dan polri turut membantu pemerintah mengawasi program mbg agar tidak dikorupsi karena besar sekali warga yang mengat menyatakan tidak percaya pelaksana mbg ini bebas korupsi ujarnya,negatif,negatif,negatif,False,,,
018,label_sample_0856,mulai maret makan bergizi gratis bakal habiskan anggaran rp triliun per bulan jika jumlah penerima mbg meningkat menjadi juta maka anggaran yang diperlukan bakal menjadi rp triliun per bulan kata kepala bgn dadan hindayana,positif,positif,positif,False,,,
018,label_sample_0857,gue gk suka sih sama mbg ini tapi tapi pak prabs udah terlanjur blunder kan bawa program ini pas kampanye dan psti ditagih dong dan skrg programnya udah jalan nih mau realisasinya buruk tp kan at least ke deliver kan wkwwkkw tipikal pemerintah kita bgt kan so no wonder la,netral,netral,netral,False,,,
018,label_sample_0858,kasau tinjau program ketahanan pangan dan makan bergizi gratis di lanud sulaiman kepala staf angkatan udara kasau marsekal tni m tonny harjono s e m m meninjau langsung program ketahanan pangan dan pelaksanaan program makan bergizi gratis mbg di lanud sulaiman dalam,positif,positif,positif,False,,,
018,label_sample_0859,rl assaamualaikum bray hahahahay selamat sore selamat sigma alpha beta izin kenalan ketua gua sedang mencari teman teman tongkrongan timeline butuh banget syarat nafas makan minum sendiri bukan mbg mengakui gw pacar hantaesan homophobe dni sawrry,netral,netral,netral,False,,,
018,label_sample_0860,oke katakan proyek ikn ini memang distop dulu karena mmg mau revisi anggaran yang perlu dipikirkan termasuk kau juga mikir jelek jeleknya si owo mau fokus proyek mbg ini yang berujung anggaran ikn dipotong ikn setengah jadi apa gak hancur kita duit rakyat itu loh wak,negatif,netral,negatif,True,negatif,kritik pengalihan anggaran IKN ke MBG,catatan menunjukkan konteks ambigu/informatif
018,label_sample_0861,pemerintah mulai merealisasikan program makan bergizi gratis mbg program ini diluncurkan untuk mendukung salah satu dari delapan misi asta cita yaitu memperkuat pembangunan sumber daya manusia sdm swasembadaenergi astacitapemerintah makanbergizigratis anakgenerasiemas,positif,positif,positif,False,,,
018,label_sample_0862,program gak guna lahan korupsi baru mending gratiskan sekolah subsidi uang kuliah transportasi murah sembako murah lapangan kerja mudah untuk rakyat ri kasih makan rakyat aja ribet amat dah gitu dicekik dgn pajak yg tinggi gak guna itu mbg,negatif,negatif,negatif,False,,,
018,label_sample_0863,penjabat gubernur jabar bey machmudin memastikan menganggarkan rp triliun untuk melaksanakan program makan bergizi gratis mbg di seluruh kota kabupaten se jabar selama setahun tvonenews programmakanbergizigratis jabar jawabarat anggaranmgb,positif,positif,positif,False,,,
018,label_sample_0864,yaudah biayain aja itu mbg pake uangmu ya pak pdhl udh jelas mbg dari pajak pajak darimana dari rakyat yg banting tulang kerja keras dulu janjinya mau buka lapangan kerja seluas luasnya eh trnyt lapangan kerja nya cuma buat circle nya doang,netral,netral,netral,False,,,
018,label_sample_0865,kali ini aku kurang setuju meneruskan produk seperti itu hanya akan membuat siklus persaingan dagang yang sama kurang sehatnya tolong elaborasi lagi contoh diversifikasi ekonomi yang bisa diterapkan untuk indonesia selain yang berkaitan dengan mbg,positif,positif,positif,False,,,
018,label_sample_0866,komisi pemberantasan korupsi kpk akan membuat kajian pencegahan rasuah dalam program makan siang gratis proyek itu harus dipantau ketat karena membutuhkan anggaran yang besar kpk makansianggratis medcomid,negatif,negatif,negatif,False,,,
018,label_sample_0867,sayur timun minimal dibuat sayur acar plus wortel biar ada rasaâ nya sedikit nikmat ini timun sebagai lalapan telornya kena korting pula mbg fix cuma gugur kewajiban atau tunai janji aja praktiknya ala kadarnya,netral,netral,netral,False,,,
018,label_sample_0868,kau paham kata status mis istri cuma ada binikmu atau bukan jangan samakan dg wanits simpanan demikian pula status ibukota negara kota bandung ibukota prov jabar lagi belum karena bla bla bla koplak kali otakmu nanti makan yg bergizi ya lagi gratis,positif,positif,positif,False,,,
018,label_sample_0869,hh hari hari merenung kenapa aku wni prioritas utama perumahan tp gabisa kasih rumah terjangkau ya buat apa makan bergizi gratis tp pendidikan dikalahin ya buat apa yg beneran laper gabisa makan tu yg gabisa sekolah,negatif,netral,negatif,True,negatif,mengkritik prioritas MBG dibanding pendidikan/perumahan,catatan menunjukkan konteks ambigu/informatif
018,label_sample_0870,kalau gw mah mending mbg fokus di daerah t dulu dah ga usah ngoyo satu indonesia dulu heck janji presiden terdahulu aja ga terpenuhi rakyat tetep biasa aja bapak menuhin janji dgn sebagian dulu juga dah bagus banget kok,positif,positif,positif,False,,,
018,label_sample_0871,ubahlah cara gaya meraih simpati massa pencitraan pun harus diubah dg gaya sombong terbukti kalah misal bantu program makan bergizi gratis anda bantu susunya atau tempenya dijamin orang akan bersimpati,positif,netral,positif,True,positif,menyarankan bantuan susu/tempe untuk mendukung MBG,catatan menunjukkan konteks ambigu/informatif
018,label_sample_0872,program mbg presiden mendapat sambutan luar biasa dr sdm unggul indonesia melangitlah generasi sehat cerdas berakhlak sekolah semakin menyenangkan memupuk rasa senasib sepenanggungan tiada batas kaya miskin semua bahagia jadi ingin muda lagi eh sekolah lagi,positif,netral,positif,True,positif,memuji sambutan dan manfaat MBG bagi generasi,catatan menunjukkan konteks ambigu/informatif; netral tetapi ada sinyal positif
018,label_sample_0873,perwakilan plt deputi ii kepala staf kepresidenan melakukan de bottlenecking pelaksanaan mbg melalui rapat koordinasi tindak lanjut percepatan pembayaran hak keuangan bgn dan alternatif sbml bersama bgn kemenkeu ri kementerian pan rb serta kemensetneg di gedung bina graha,netral,netral,netral,False,,,
018,label_sample_0874,program makan bergizi gratis mbg yang diperuntukkan bagi siswa sekolah kini menuai sorotan setelah menu yang diberikan saat ramadan diganti menjadi roti dan produk mayora energen berupa sereal instan perubahan ini dianggap semakin menjauh dari prinsip gizi seimbang terutama,positif,positif,positif,False,,,
018,label_sample_0875,haha ada benernya sejujurnya setelah kepilih gua baca ulang program dan telaah lagi banyak halangan aja mbg ini secara bahan baku negara ini tidak satu harga ini jadi kendala kalo contoh jepang beli beras di kyoto sama di tokyo harganya sama makanya bisa jalan,netral,netral,netral,False,,,
018,label_sample_0876,polres kotabaru turut mendukung pelaksanaan kegiatan uji coba makan bergizi gratis mbg yang berlangsung pada jumat program ini bertujuan meningkatkan gizi anak anak usia dini sekaligus menekan angka stunting di kabupaten kotabaru,positif,positif,positif,False,,,
018,label_sample_0877,program makan bergizi gratis mbg yang baru berjalan beberapa bulan menjadi sorotan setelah komisi pemberantasan korupsi kpk menerima laporan adanya dugaan pemotongan anggaran seporsi makanan bagi anak anak dari rp menjadi rp,netral,netral,netral,True,netral,berita dugaan pemotongan anggaran; faktual tanpa opini langsung,catatan menunjukkan konteks ambigu/informatif
018,label_sample_0878,berdasarkan survei awal kedaikopi litbang kompas publik indonesia mayoritas puas dengan kinerja prabowo gibran dengan tingkat kepuasan sekitar program mbg dan respons bencana jadi alasan utama namun protes mahasiswa dark indonesia feb maret tunjukkan,netral,netral,netral,False,,,
018,label_sample_0879,nyatanya efesiensi itu untuk kebijakan tdk tepat sasaran seperti mbg gemuknya kabinet gemuknya pengeluaran ruu itu dibahas dpr dan presiden stlh jadi baru diparaf presiden dan kursi di dpr milik kim plus prabowo ngefans prabowo boleh tp bkn berarti semua anda bela,positif,positif,positif,False,,,
018,label_sample_0880,ga ada sejarahnya negara maju karena pertanian dan mbg ini malah sekarang pertanian dan mbg buat genjot pertumbuhan ekonomi ke pertanian itu nilai tambah nya kecil dan sangat sensitif terhadap harga kalau naik dikit aja harganya udah diprotes sama konsumen,netral,netral,netral,False,,,
018,label_sample_0881,kalau ada apa bilang kalau ada apa bilang ituu kamisan udh puluhan tahun depan istana gk diwaro itu ada pagar laut gk lu samperin sekalian itu ada dosen nuntut tukin gk lu bantu itu anak papua minta pendidikan daripada mbg gk lu samperin indonesiagelap,negatif,netral,negatif,True,negatif,menyiratkan prioritas lain lebih penting daripada MBG,catatan menunjukkan konteks ambigu/informatif
018,label_sample_0882,buat pelajar yg dapet mbg kayak gw kalian gk usah ikut protes dengan cara gk makan mbg makan aja soalnya sayang mubazir kasian juga yg udh masak selama kita dapet mbg ayo kita bantu dengan cara yang lain indonesiagelap,netral,netral,netral,False,,,
018,label_sample_0883,hari nunggu sisaan sayur mbg si kaka gurunya resah karena di sekolah lain sampah sisa makanan jd masalah baru terutama sayur utk menyiasatinya guru menyarankan anak bawa wadah utk makanan sisa mereka dr sekolah,netral,netral,netral,False,,,
018,label_sample_0884,program makan bergizi gratis mbg untuk meningkatkan gizi anak sekaligus memberdayakan umkm serta meningkatkan ekonomi masyarakat kecil di daerah jaringan kuat di daerah akan mempercepat akselerasi umkm melalui penyediaan makanan bergizi dalam program mbg makanbergizigratis,positif,positif,positif,False,,,
018,label_sample_0885,jadi buat apa ya gedung dpr coba di list pembahasan uu apa saja di hotel mewah uu kejaksaan di sheraton uu pdp di intercontinental ruu tni di fairmont rakyat makan mbg minyak ga cukup sekitar ditulis liter bensin ga sesuai dibayar begitu kah,negatif,netral,negatif,True,negatif,keluhan anggaran dan kebutuhan rakyat terkait MBG,catatan menunjukkan konteks ambigu/informatif
018,label_sample_0886,mangga asam dekat mbg alam sentral sendiri pilih mangga jambu nenas etc sendiri senduk serbuk asam masuk bekas max charge rm tupperware popiah basah dekat tapak penjaja sek belakang de palma nama dia mr popiah sebelah dia ada apam balik sedap nama apam balik istana,netral,netral,netral,False,,,
018,label_sample_0887,ga salah belajar ke sini pak anggaran anda sediakan t untuk mbg hari ini pa sudah cerdas anak anak sy setuju mbg tp akan lebih cerdas jika benar benar anda gratiskan sekolah dan kuliah soal makan sediakan aja juta lap kerja yg wapres anda janjikan,netral,netral,netral,False,,,
018,label_sample_0888,jujur aja sy makin gak paham arahnya efisiensi anggaran katanya buat mbg tapi salah satu imbasnya mahasiswa poltek di bawah kementerian harus ngirit bahan praktik yg jelas bakal ngefek ke output belajarnya terus sekarang malah ada wacana ini ini negara mau diapain sih,netral,netral,netral,False,,,
018,label_sample_0889,program mbg baik program ini hrs di tata dgn baik sasaran utama anak di pelosok kurang mampu termasuk yg tdk sekolah menu di buat o ahli gizi melibatkan ibu pkk di wilayah sekolah u masak bahan baku di beli ke petani sekitar sekolah melakukan pengawasan lbh efisien,positif,positif,positif,False,,,
018,label_sample_0890,live now program makansianggratis yang diusung prabowo gibran ramai diperbincangkan sumber anggaran program ini bakal menyedot ratusan triliun rupiah dari mana dananya kami bahas di ruangpublikkbr bersama dan live yt,netral,netral,netral,True,netral,informasi diskusi publik soal pendanaan MBG,catatan menunjukkan konteks ambigu/informatif
018,label_sample_0891,nanya ke dpr dibilang wewenangnya pemerintah nanya ke pemerintah pejabat politis bakal promosiin presiden minta anggaran dipake untuk yg berdampak langsung ke masyarakat tapi ga disebut tuh selain mbg nanya bendahara negara kabur mulu,netral,netral,netral,False,,,
018,label_sample_0892,nih staffsus bisanya gaslighting teruus playing victim terus manipulatif teruuss wkwk habis mbg sekarang ruu tni nyalahin terus korbannya dengan menghighlight caranya merespon ketidakwajaran hal yg ga wajarr sudah seharusnya dilawan,netral,netral,netral,False,,,
018,label_sample_0893,pemerintah lagi butuh duit tum buat mbg entar ujungnya subsidi gas dikurangin bahkan dihapus ini tes the water aja niatnya cuma warung pengecer berbadan usaha jd pemerintah dapat pajak kalau itu ngak terlaksana pangkalan jd ujung tombak kalau lancar subsidi dikurangi,netral,netral,netral,False,,,
018,label_sample_0894,anggota dpd ri provinsi papua david harold waromi melakukan pertemuan dengan penjabat gubernur papua ramses limbong pada pertemuan ini membahas pelaksanaan program makan bergizi gratis mbg di papua dpdri papua mbg daridaerahuntukindonesia,positif,positif,positif,False,,,
018,label_sample_0895,gue sih amitâ kasih nilai aja udah bagus gak ada yg bener program mbg gak jalan danantara rampok duit rakyat liat jaksa agung mudah bgt di inversi erik tohir lgsg bilang tak ada korupsi dipertamina uu tni ubah uu tni reformasi seenak perutnya jokowi mentri korupsi tak diadili,negatif,netral,negatif,True,negatif,menyatakan program MBG tidak jalan dan kritik keras pemerintah,catatan menunjukkan konteks ambigu/informatif
018,label_sample_0896,menu makan bergizi gratis mbg yang disediakan pada pekan pertama ramadhan menuai perdebatan di kalangan masyarakat dalam unggahan yang viral di media sosial terlihat menu mbg berupa roti sereal instan dua buah kurma dan telur rebus,positif,positif,positif,False,,,
018,label_sample_0897,dandim manggarai memantau makan bergizi gratis di sdn labuan bajo tniprima tniadprima tniadbekerjadenganhati tniaddihatirakyat tniadberjuangbersamarakyat prajaraksakapedulirakyat pangdamudayana pangdamzamroni mayjenzamroni,positif,positif,positif,False,,,
018,label_sample_0898,budi sulistiyo dirjen pdspkp kkp siap mendukung program mbg karena program ini memberikan efek positif baik sisi peningkatan asupan protein masyarakat maupun pemberdayaan ekonomi indonesiaemas programpresiden presidenprabowo makansianggratis kesehatangratisuntuksemua,positif,positif,positif,False,,,
018,label_sample_0899,gizi seimbang merupakan fondasi penting untuk mewujudkan generasi indonesia emas yang sehat cerdas dan produktif ini juga yang jadi semangat program makan bergizi gratis yang diluncurkan beberapa waktu lalu yuk sama sama kita dukung program ini selamat hari gizi nasional,positif,positif,positif,False,,,
018,label_sample_0900,intinya saat ini pemberitaan fokusnya ke mbg sementara rs menanggung dosa bpjs kesehatan warga tertolong rs bengong ke siapa minta tolong bpjs hanya mengimkan pepesan kosong fraud fraud fraud masa sii karena itu apa karena sudah gak punya dana,negatif,netral,negatif,True,negatif,kritik fokus pada MBG saat isu BPJS/RS bermasalah,catatan menunjukkan konteks ambigu/informatif; netral tetapi ada sinyal positif
019,label_sample_0901,program mbg sudah lebih hari berbagai masalah muncul termasuk usulan tapi kok wapres gibran tak nampak padahal dia rajin amat saat uji coba saya sih setuju kalau gibran mengundurkan diri sebagai wapres karena tugas itu berat tak pantas untuk kemampuan dia tahu dirilah,netral,netral,netral,False,,,
019,label_sample_0902,bingung bingung bingung mau diumpetin dimana lagi mukaku lebih baik mana program mbg bila dibanding apa yg pernah dengungkan saat kampanye pilpres yg berjanji untuk generasi penerus bangsa nkriðÿ ðÿ yg salah nya program pendidikan gratis,negatif,netral,negatif,True,negatif,membandingkan MBG dengan janji pendidikan gratis secara kritis,catatan menunjukkan konteks ambigu/informatif
019,label_sample_0903,menurutku ga melulu soal mapan tapi siap apa nggak mau apa nggak di desa banyak yang miskin tapi kali niat punya anak ya di usahakan makan bergizi ga harus magal ke kebun petik bayam juga bergizi cek kandungan ke puskesmas gratis yang di video mah ibu nya aja ndablek,netral,netral,netral,True,netral,membahas makan bergizi secara umum; tidak jelas soal program MBG,catatan menunjukkan konteks ambigu/informatif
019,label_sample_0904,pangdam iv diponegoro mayjen tni deddy suryadi meninjau program makan bergizi gratis mbg di kota semarang pada senin februari suaramerdeka suaramerdekacom pangdam pangdam diponegoro kotasemarang semarang programmakanbergizigratis,positif,positif,positif,False,,,
019,label_sample_0905,pling parah tmen gue yg kelas menengah msih banggaâ in entu program mbg buat anaknya trus banggain klo entu orng mnta bkin sistem thr buat para ojol yg setauku dri dlu jga udh ad sistem thr cmiiw giliran gue bhas soal krugianâ sistem lainnya dia nutup telinga anjingï x f,netral,netral,netral,False,,,
019,label_sample_0906,apapun masalah mu jogetin aja diphk jogetin aja bbm dipalsu jogetin aja dolar melambung jogetin aja saham anjlok jogetin aja emas dipalsukan jogetin aja keracunan mbg jogetin aja harga sembako melambung jogetin aja koruptor merajalela jogetin aja ndasmu,netral,netral,netral,False,,,
019,label_sample_0907,jelajahi perjuangan arnold ronsumbre ketika makan bergizi gratis menjadi wujud nyata kepedulian pemerintah untuk papua temukan bagaimana program ini mengubah kehidupan banyak orang dengan membaca selengkapnya di sini,positif,positif,positif,False,,,
019,label_sample_0908,biasalah proyek mbg dapat kelebihan bayar bukan tujuan cerdas kan bangsa jokowi sangat licik untuk dapat kan kelebihan bayar seperti bansos trilyun di pake hang trilyun jadi mbg di mata jokowi seperti bansos trilyun keluar hanya t,netral,netral,netral,False,,,
019,label_sample_0909,knp diancam dapat sanksi tampilan mbg itu memang publik hrs lihat mata publik salah penilai dari benar tdk nya berhasil atau tdk seluruh program yg telah dijanjikan jgn seolah dipaksakan memaksa publik mengakui bahwa semua baik termasuk siswa sebagai objek kasihan mereka,positif,positif,positif,False,,,
019,label_sample_0910,oiya pak saya tunggu program pendidikan gratisnya kalau bisa fokus ke pendidikan gratis dulu lah pak baru makan bergizi gratis jadikan sdmnya produktif biar bisa memberi makan bergizi untuk keluarganya indonesiagelap,positif,positif,positif,False,,,
019,label_sample_0911,ya siapa suruh melihat dr satu aspek saja aplg satu berita saja tinggal di telusuri anggaran pendidikan dan mbg ketahuan namanya juga pemerintah suka ngomong a b c dll tp yg penting pelaksanaannya aja kita liat,netral,netral,netral,True,netral,mengajak melihat pelaksanaan; belum ada sentimen tegas,catatan menunjukkan konteks ambigu/informatif
019,label_sample_0912,berarti tweet kuasahukum bahwa mafia tanah itu tidakbenar alias hoaks ya charli termasuk muannas ada tweet charli kalah perkaranya dg pik itu benar apa bohong sprtinya tidak ada putusan perdata thepitnio mbg yg kalahkan charli,netral,netral,netral,True,netral,isu hukum/mafia tanah; tidak terkait jelas dengan program MBG,catatan menunjukkan konteks ambigu/informatif
019,label_sample_0913,dukung makan bergizi gratis koptu abdul babinsa kel bontokio kodim pangkep melaksanakan kegiatan pendampingan makan bergizi gratis bagi siswa siswi sekolah bertempat di sekolah sdn langnga langnga kel bontokio kec minasatene kab pangkep,positif,positif,positif,False,,,
019,label_sample_0914,program ini menargetkan sekitar juta penerima manfaat termasuk anak sekolah ibu hamil dan ibu menyusui mbg bertujuan mengatasi masalah gizi buruk dan stunting serta mendukung tumbuh kembang anak anak dan kesehatan ibu,positif,positif,positif,False,,,
019,label_sample_0915,sumpah deh dia tu tau ga si lebih baik harga bahan pokok yg dimurahin drpd mbg ga jelas itu emangnya yg butuh makan cm anakâ doang org dewasa jg butuh makan yg bergizi cok oke fokusnya ke anak tp dg harga pangan yg murah kan ortunya mampu beli anak mau apa aja bs diusahain,negatif,netral,negatif,True,negatif,menyebut MBG tidak jelas dan lebih memilih harga bahan pokok murah,catatan menunjukkan konteks ambigu/informatif
019,label_sample_0916,lama gw ngerasa negara ini emang sebenernya mau depopulasi dengan cara ngebunuhin yang existing yg helpless dibuat makin susah dan dibrainrot dengan normalisasi standar sangat rendah ngedorong yang mau cabut ke ln mbg dan sebagainya cuma morfin,netral,netral,netral,False,,,
019,label_sample_0917,anggaran mbg t untuk tahun dilaksanakan bertahap sampai saat ini setahuku pemerintah masih berusaha memperluas wilayah layanan mbg dari target awal lihat nanti bulan juni juli apakah anggaran t bisa terserap semua,netral,netral,netral,False,,,
019,label_sample_0918,setuju bang gw liat juga dulu waktu awal sty latih timnas kayanya strateginya ga bagus bgt atau juga ngga jelek juga cuma bagusnya itu makin lama makin improve strateginya mungkin faktor dari tim analisis timnas atau juga faktor ngedatengin pemain berkualitas,positif,positif,positif,False,,,
019,label_sample_0919,kepala kantor komunikasi kepresidenan hasan nasbi menyatakan bahwa organisasi papua merdeka opm akan berhadapan dengan aparat tni dan polri jika melakukan ancaman terhadap sekolah di papua yang menerima manfaat program makan bergizi gratis mbg,netral,netral,netral,True,netral,berita ancaman OPM terhadap sekolah penerima MBG,catatan menunjukkan konteks ambigu/informatif
019,label_sample_0920,kombinasi org ga napak tanah kaya dari lahir ambisius ga realistis dan boomer sejati memang mematikan terlalu muluk selalu aja bikin ke tidak bijakan yang butuh anggaran gede tapi mesti hasilnya mengecewakan percaya deh mbg aja kacau eksekusinya buang pajak rakyat,negatif,negatif,negatif,False,,,
019,label_sample_0921,mbg itu buat generasi masa depan bangsa mau kuliah murah dari sekian solusinya ya daring proses belajar mengajarnya jadi nggak tepatlah kalau teriak kami butuh pendidikan bukan perut kenyang itu orasi orang kebanyakan minum obat tidur,positif,positif,positif,False,,,
019,label_sample_0922,modus pengusaha adalah mengalihkan isu masa ga tau pola mereka isu yang dialihkan adalah kekacauan mbg kavling pagar laut kegagalan ikn semua berawal dari munculnya jokowi yang dibackup prabowo kemudian diambil luhut lalu mereka pelihara anjing buzzer di medsos,netral,netral,netral,False,,,
019,label_sample_0923,iya ada yang bisa dibela kebijakan prabowo kayak makan siang gratis buat anak sekolah sama naik gaji bantu rakyat kecil harga tiket pesawat turun pas libur juga oke buat traveling jokowi meski ada masalah kayak demokrasi bikin ekonomi tumbuh dan infrastruktur maju,netral,netral,netral,False,,,
019,label_sample_0924,calon wakil presiden nomor urut gibran rakabuming raka menanggapi peringatan bank dunia soal program makan siang gratis yang diusungnya bersama prabowo subianto jika terpilih memimpin indonesia gibranrakabuming makansianggratis bankdunia,netral,netral,netral,False,,,
019,label_sample_0925,gengs bagaimana opini kamu soal program makan bergizi gratis mbg sejauh ini mulai bulan ini program mbg bakal memakan biaya sekitar rp triliun rp triliun per bulan jumlah yang besar ya apa kabat pengamat baca lebih lanjut,netral,netral,netral,True,netral,pertanyaan opini dan informasi biaya program,catatan menunjukkan konteks ambigu/informatif
019,label_sample_0926,tapi ya ini mbg fucked up juga from the beginning banyak bgt oknum catering yg nyari duit terus korupsi ini catering yg korupsi bsk kalo mati gw doakan liang lahat nisan atau peti nya bau dan lembab kayak nasi basi selain dari dana yg terlalu dipaksakan yaa,negatif,negatif,negatif,False,,,
019,label_sample_0927,sudaryono wakil menteri pertanian menyatakan bahwa pemerintah telah bekerja sama dengan perusahaan baik dari dalam maupun luar negeri untuk mendatangkan juta ekor sapi indonesiaemas programpresiden presidenprabowo makansianggratis kesehatangratisuntuksemua,positif,positif,positif,False,,,
019,label_sample_0928,yg udah baca kenapa manufacturer ada yg reject susu lokal karena kualitasnya yg lbh rendah dr import ditambah sugar syrup dll yg jdnya murni susu sapi sehingga sekali lagi yg dirugikan adalah konsumen anak kecil yg dpt program mbg sedangkan mentri minum susu yg,netral,netral,netral,False,,,
019,label_sample_0929,pantesab mbg cuma k per anak mending makan paket nasi ayam di ciputat nambah k udah mah kenyang enak pula bingung gue sama kebijakan danantara sampe sah begini mana namanya kaya pinjol ilegal ajg wkkwk strezz,negatif,netral,negatif,True,negatif,mengkritik porsi/biaya MBG dan kebijakan terkait,catatan menunjukkan konteks ambigu/informatif
019,label_sample_0930,budi sulistiyo dirjen penguatan daya saing produk kelautan dan perikanan menyatakan bahwa kkp siap mendukung program makan bergizi gratis indonesiaemas programpresiden presidenprabowo makansianggratis kesehatangratisuntuksemua,positif,positif,positif,False,,,
019,label_sample_0931,mbg di indonesia sudah menjangkau juta penerima per maret target juta di april program ini tingkatkan kehadiran sekolah pendapatan lokal tapi logistik transparansi masih jadi tantangan dampak gizi belum jelas karena baru mulai januari secara keseluruhan,netral,netral,netral,False,,,
019,label_sample_0932,hindari kejenuhan sppg terapkan menu variatif batang program makan bergizi gratis mbg yang telah diluncurkan dirasakan manfaatnya oleh peserta didik kendati demikian pihak penanggung jawab satuan pelayanan pemenuhan gizi sppg berupaya memberikan menu sehat yang variatif,positif,positif,positif,False,,,
019,label_sample_0933,gapaham sama ego pemerintah how to knock senses ke mereka itu adalah pemborosan sesungguhnya egois banget gue gaterima pokoknya gue vote besar besaran pada tuhan dan pada universe utk hukuman bagi pencetus dan yg ngotot mbg tetap ada,netral,netral,netral,False,,,
019,label_sample_0934,menurut gue kalo emang makan siang gratis bergizi itu ga efektif yaudah batalin aja toh sebelumnya gaada pun ga jadi masalah yang jadi masalah adalah ketika memaksakan program prematur dengan merelakan program yang udah ada efek dominonya jadi meluas kemana mana,negatif,netral,negatif,True,negatif,menilai MBG tidak efektif dan prematur,catatan menunjukkan konteks ambigu/informatif
019,label_sample_0935,sebetulnya apa yg seharusnya pemerintah lakukan untuk membalikan keadaan kalo dari gw mengurangi jumlah kabinet stafsus mengurangi gaji tunjangan pejabat tinggi mengurangi belanja tidak esensial menunda mbg ganti blt stop ikn,negatif,netral,negatif,True,negatif,menyarankan menunda MBG dan mengganti dengan BLT,catatan menunjukkan konteks ambigu/informatif
019,label_sample_0936,setuju belum ada setahun lebih program mbg tp udah banyak dana yang dipangkas gas susah dll gimana buat bertahun kedepannya nanti bcs program mbg itu untuk jangka panjang menurut aku karena bukan dalam waktu bulan atau bulan siswa siswa bisa langsung berprestasi gizi,netral,netral,netral,False,,,
019,label_sample_0937,dengan harapan program ini dapat menumbuhkan ekonomi lokal serta mempercepat pemerataan pembangunan khususnya di pedesaan indonesiaemas programpresiden presidenprabowo makansianggratis kesehatangratisuntuksemu,positif,positif,positif,False,,,
019,label_sample_0938,aparatur sipil negara asn viktor tebai yang menjabat sebagai sekretaris dinas pendidikan kabupaten nabire papua tengah menjadi sorotan setelah menendang seorang siswa yang terlibat dalam aksi demonstrasi menolak program makan bergizi gratis mbg,positif,positif,positif,False,,,
019,label_sample_0939,membantu itu kalo orangtua gausah effort ngapa in terus gizi anak terpenuhi lha iki wong tua ne isih kudu bayar pajak yg tujuannya jg buat makan gratis tapi ning omah isih kudu nyediakan makan bergizi lain dadi double lho ketikanmu dowo tapi raono isine,positif,positif,positif,False,,,
019,label_sample_0940,mana dipaksa target ngurus swasembada buat program mbg tapi kena efisiensi paling gede itu konsepny gmn deh kita survey ke lapangan pake tenaga dan otak juga harus keluarin modal sendiri buat uang jalan dan makan kah,negatif,netral,negatif,True,negatif,mengkritik beban target swasembada untuk MBG di tengah efisiensi,catatan menunjukkan konteks ambigu/informatif
019,label_sample_0941,dengan anggaran sebesar itu kenapa tidak untuk kebijakan di sektor lain anggaran untuk pendidikan ataupun kesehatan itu baru yang namanya investasi jangka panjang kalo program makan gak bergizi gak gratis itu jangka pendek,positif,positif,positif,False,,,
019,label_sample_0942,dulu mbg di as itu means tested cuma anak miskin yg dapat gratis yg bikin ada stigma kemiskinan anaknya diolok dsb lah makanya dibuat seragam sekolah tapi ga semua sekolah dapet saya denger dari podcast pak pak dadan keukeuh dg model ini perlu diapresiasi,positif,positif,positif,False,,,
019,label_sample_0943,ketua dewan perwakilan daerah dpd sultan bachtiar najamudin mengusulkan agar anggaran program makan bergizi gratis dibantu dengan zakat atau urunan warga usulan itu disampaikan karena rakyat indonesia dermawan dan suka menyumbang menurut dia dermawan dan suka,positif,positif,positif,False,,,
019,label_sample_0944,menteri umkm maman abdurrahman bersama kepala badan gizi nasional membahas kolaborasi program makan bergizi gratis di jakarta bergerak sesuai arahan presiden prabowo subianto demi indonesia yang lebih sehat dan kuat pastikan umkm kita siap bawa makanan bergizi,positif,positif,positif,False,,,
019,label_sample_0945,pemerintah provinsi papua menargetkan pelaksanaan program mbg dimulai pada april penjabat gubernur papua ramses limbong meminta pemda segera bersiap agar program berjalan dengan lancar untuk kesiapan di papua pelaksanaan mbg akan dimulai secara bertahap setelah lebaran,netral,netral,netral,False,,,
019,label_sample_0946,lah kan nama programnya makan bergizi gratis bukan makan yang penting abis makanya kalo bikin program yg realistis lah giliran dikritik malah disururuh bersyukur karena yg bikin programnya udah mumet kalo kaya gini mah tujuan awal ga tercapai tapi buang anggaran doang malih,negatif,netral,negatif,True,negatif,menilai program tidak realistis dan buang anggaran,catatan menunjukkan konteks ambigu/informatif
019,label_sample_0947,inget judul programnya apa liat juga outcome program apa judulnya aja makan bergizi gratis perlu dipastikan dulu harusnya sesuai ga dgn kebutuhan gizi anak kalo judulnya makan siang gratis ga perlu ditanya soal gizinya proper apa ga,netral,netral,netral,True,netral,menekankan perlunya memastikan outcome gizi; kritik belum tegas,catatan menunjukkan konteks ambigu/informatif
019,label_sample_0948,kata lucu atlet stunting emang hasil naturalisasi banyak yg stunting emang atlet profesional ga ada program diet selama latihan emang ga dikasih makan seminimal minimalnya mbg gtu kasian amat jadi atlit ga dirawat alesannya kurang gizi,netral,netral,netral,False,,,
019,label_sample_0949,yah mungkin gue bukan guru yang sempurna tapi gue udah ngajarin murid gue yg kelas sd buat melek politik buat sadar itu mbg darimana buat enggak memuja pemerintah dan tetep kritis terhadap mereka karena nanti mereka yang bakal jadi pengganti buat mengkritisi pemerintah,netral,netral,netral,False,,,
019,label_sample_0950,prabowo kntl pemerintah kntl jokowi kntl gibran kntl pertamina kntl mbg kntl aparat kntl koruptor kntl dpr kntl ma kntl pejabat kntl mayor teddy kntl rektor ui kntl kntl danantara kntl kabinet kntl,netral,netral,netral,False,,,
020,label_sample_0951,turut bersimpati tapi untuk kasus kek gini ya mari dihitung berapa jumlah orang yg kehilangan pekerjaan para honorer di lingkungan pemerintah dengan berapa juta orang miskin yg dapat manfaat dari mbg kalo beneran efisiensi cuma gegara mbg dan bukan faktor lain,netral,netral,netral,True,netral,membandingkan korban efisiensi dan penerima manfaat; posisi masih bersyarat,catatan menunjukkan konteks ambigu/informatif
020,label_sample_0952,wah kalo beneran jadi lahan basah ngeri banget semoga enggak btw di beberapa daerah pihak mbg datang ngirim makanan berboncengan dengan lembaga uji lab jadi mereka bertugas ngecek kandungan makanan yg akan dibagikan on the spot,netral,netral,netral,False,,,
020,label_sample_0953,sorry typo anggaran kementerian kan saat ini dipotong sampai mengorbankan banyak kementerian contohnya kemenkes dan kemendikdasmen menurut gw ga cocok aja kalo kementerian itu dipotong apa lagi kalau hanya untuk membantu anggaran mbg,negatif,netral,negatif,True,negatif,menolak pemotongan kementerian hanya untuk MBG,catatan menunjukkan konteks ambigu/informatif
020,label_sample_0954,kata siapa negara efisiensi belanja cuma beda alokasi aja dulu uangnya dipake buat asn dan berbagai proyek sekarang duitnya dikumpulin buat support mbg dan bayarin gaji dan tunjangan pejabat kabinet gembrot,negatif,netral,negatif,True,negatif,menyindir re-alokasi dana untuk MBG dan pejabat,catatan menunjukkan konteks ambigu/informatif
020,label_sample_0955,ketua dewan perwakilan daerah dpd ri sultan bachtiar najamudin mengusulkan agar rakyat memberi sumbangan uang untuk program makan bergizi gratis mbg menurutnya cara itu dapat membantu menyukseskan program pemerintahan presiden ri prabowo subianto dan wakil presiden gibran,positif,positif,positif,False,,,
020,label_sample_0956,momen mahasiswa demo indonesiagelap ada mobil pejabat tutup kawan ndasmu patwal kunyuk sering menutup dan membuka jalan rakyat sekarang gantian tolak makan bergizi gratis ganti pendidikan gratis tolak danantara efisiensi malah kumpulin pejabat periode,positif,positif,positif,False,,,
020,label_sample_0957,kota tegal menjadi salah salah satu dari empat daerah yang terpilih untuk melaksanakan uji coba mbg di jawa tengah dimana anggaran yang di gunakan untuk uji coba dari anggaran csr hal itu disampaikan kepala dinas pendidikan dan kebudayaan kota tegal m ismail fahmi jumat,netral,netral,netral,False,,,
020,label_sample_0958,potret personel polri saat membagikan makanan gratis kepada siswa di sekolah alternatif anak jalanan saaj jakarta selatan program ini merupakan wujud kepedulian terhadap perkembangan sekaligus masa depan generasi emas bangsa polri mendukung makanbergizigratis untuk,positif,positif,positif,False,,,
020,label_sample_0959,santai bro se jelek nya mata uang indonesia pelajarnya tetep makan siang gratis pejabatnya tetap koleksi mobil mewah polisinya tetep punya sampingan pungli dan pemerintahnya tetep punya jatah posisi buat anak cucu,netral,netral,netral,False,,,
020,label_sample_0960,oh buzzer udh disanguin berapa sama pemerintah cukup kan buat makan sama susu anak trus anak yg skolah tetep dpt mbg wah enak bgt udhnya dibayarin pemerintah bgini ikut program pemerintah kok enak bgt udh bisa umroh berarti kan sama naik haji dr ngebuzzernya,negatif,netral,negatif,True,negatif,sarkasme terhadap buzzer/pemerintah dan MBG,catatan menunjukkan konteks ambigu/informatif
020,label_sample_0961,kaka yg disini permisi ya ada yg pernah ikut jd anggota barisan relawan nusantara raya brnr ga ka ini tu katanya organisasi yg katanya mengawasi program makan bergizi gratis pak prabowo ktnya anggota tuh digaji umk masing wilayah ktnya entahlah,positif,positif,positif,False,,,
020,label_sample_0962,dari tadi lagi scroll tiktok banyak banget video dari kegiatan makan bergizi gratis ank sd rela gk makan kerena memikirkan orang tuanya di rumah anak sd pun sudah mengerti kasih sayang org tua walaupun dia sendiri merasa kurang karena ortunya sibuk bekerja,positif,positif,positif,False,,,
020,label_sample_0963,buat apa program mbg jika akan melahirkan generasi otak dan etik kosong indonesia itu butuh pendidikan gratis berkualitas untuk jenjang paud s d pt agar generasi indonesia bangkit dan mampu bersaing di dunia bukan terus dijajah asing dan aseng,negatif,netral,negatif,True,negatif,menolak prioritas MBG dibanding pendidikan gratis berkualitas,catatan menunjukkan konteks ambigu/informatif
020,label_sample_0964,dgn tni aktif di siber mengawasi pihak yg melemahkan kepercayaan ke pemerintah pertahana itu sdh balik ke pemilu orba bagaimana ada capres kompetitor kalau kritik dianggap melemahkan kepercayaam pertahana dan dibabat tni,netral,netral,netral,False,,,
020,label_sample_0965,kata ketua bappenas semua itu ga penting kak yg terpenting dan urgent itu mbg bodo amat rupiah melemah kek ihsg anjlok kek banyak pengangguran dll biar rakyat sendiri yg mikirin tuhas pemerintah hanya mensukseskan mbg titik,netral,netral,netral,False,,,
020,label_sample_0966,ini beneran ngomong begini logikanya kalau kerja bisa ngasih makanan yg bergizi buat anaknya bahkan sekeluarga lebih dr x sehari mbg cuma anaknya yg dikasih makan itu juga cuma sehari x sedih sih menteri ngomongnya begini,positif,positif,positif,False,,,
020,label_sample_0967,selamat untuk pendukung yg sedang menunggu makan bergizi gratis puyeng dah mikirin dananya yg tetep dr pinjaman pajak qt jg krn aku pendukung yg menunggu internet gratis biar bisa jualan d rmh sambil ngurus rt,positif,positif,positif,False,,,
020,label_sample_0968,eh kocak banget wkwkwkw org yg obsess ama mbg tu mendadak relate ke us dan china anjir kalo di kelas udh dimarahin ama prof w yakin kejauhann konteksnya mendadak ke food poisoning padahal masalah utama lebih genting di accessibility mau mara gajadi wkwkwk kocak coyy,netral,netral,netral,False,,,
020,label_sample_0969,unjuk rasa tolak program makan bergizi gratis ratusan pelajar papua tuntut pendidikan gratis berkualitas pelajarpapua demopelajar demo wamena makanbergizigratis tolakmbg prndidikangratis strategiid,positif,positif,positif,False,,,
020,label_sample_0970,coba dananya yg buat mbg yg puluhan triliun untuk restrukturisasi pendidikan mutasi gurunya dibenerin gaji guru dinaikin biaya pendidikan dimurahin klo bisa gratis standardisasi sekolahnya yg bener infrastruktur nya dimeratakan akan lbh dri rb yg terdampak manfaat,netral,netral,netral,False,,,
020,label_sample_0971,terpantau sodara sodara gue yang voters marah marah liat ini mereka gak terima gajinya dipake mbg dan milih mbg aja dibatalin sebelumnya pas pemilu koar mulu jelekkin paslon bangke emang padahal merekanya kerja dibawah pemerintahan yang kena imbas semua bangsat,netral,netral,netral,False,,,
020,label_sample_0972,presidential communication office pco meninjau uji coba program makan bergizi gratis mbg di sekolah di bogor senin uji coba dilaksanakan di satuan pelayanan pemenuhan gizi sppg tanah sareal tirtodaily,positif,positif,positif,False,,,
020,label_sample_0973,rejim antri nenek antri bpjs mandiri bapak antri bbm subsidi ibu antri gas subsidi anak antri makan gratis yg belum tentu lebih bergizi sementara paraâ menteri paraâ wakil menteri paraâ staf paraâ utusan khusus wira wiri berplup plup tot tot nyerobot jalan tanpa antri,positif,positif,positif,False,,,
020,label_sample_0974,dukung ketahanan pangan polres barru bersama bhayangkari tanam jagung di balusu poldasulsel swasembadapangan ketahananpangan polri polisiindonesia polrimendukungketahananpangan polisicintapetani sulsel prabowo gibranrakabumingraka indonesia makanbergizigratis,positif,positif,positif,False,,,
020,label_sample_0975,kunjungan ke sekolah apa ini program pendidikan atau sekadar sesi foto buat pencitraan mbg mungkin biar dibilang merakyat padahal rakyat lebih butuh harga sembako turun daripada salam salaman di trotoar,negatif,negatif,negatif,False,,,
020,label_sample_0976,orang tua suruh patungan sukseskan program mbg gaji jaksa anggaran polri naik kabinet gendut ini malah jatah budget mbg di turunkan bpjs tahun ini keluar aturan baru yang membatasi pengobatan pengangguran kemisikinan makin banyak pemerintah gagal mensejahterakan rakyatnya,netral,netral,netral,False,,,
020,label_sample_0977,bikin pea masyarakatnya konten konten receh sama misinformasi bikin kenyang masyarakatnya anak mudanya liwat mbg jurus ampuh nha adem dha tu rezim yang berkuasa kalau mau aneh aneh soal kebijakan atau bahkan korupsi,negatif,negatif,negatif,False,,,
020,label_sample_0978,ada kabar kurang sedep nih dari kepala badan gizi nasional sehingga orang siswa sd negeri dukuh jawa tengah keracunan menurut kalian penyebabnya karena apa ya share pendapat kalian di kolom komentar ya detikfood mbg kbgn,negatif,netral,negatif,True,negatif,kabar keracunan terkait MBG bernada negatif,catatan menunjukkan konteks ambigu/informatif
020,label_sample_0979,bacot panjang lebar cuma pamer tolol ikn di stop mbg ancur itu artinya jujungan kau yg kontol anjing itu bikin kebijakan gak pake otak sama kyk kau anggaran negara abis utang numpuk hasil zonk bangsat,negatif,negatif,negatif,False,,,
020,label_sample_0980,pemerintah jepang berminat untuk membantu program makan bergizi gratis mbg yang menjadi program prioritas pemerintahan presiden prabowo subianto untuk mengakomodir keinginan besar presiden prabowo untuk meyediakan makan bergizi tinggi untuk anak anak di indonesia jepang,positif,positif,positif,False,,,
020,label_sample_0981,lah iya kan dgn list dr gambar itu org pada takut pendidikan kesehatan ga masuk prioritas utama malah dibawah mbg makanya pada koar kalo diamati sampe pelaksanaannya doang mah jgn sampe udh kejadian kita baru demo karna ya udh ada fotonya itu dr kemenkeu yg asbun itu,positif,positif,positif,False,,,
020,label_sample_0982,negri kita negri maritim dgn kekayaan laut yg sangat berlimpah aneka macam ikan dgn kandungan gizinya sangat tinggi ada disana kenapa bukan itu yg dijadikan target mbg kenapa musti serangga emang anak kita binatang ternak ya,netral,netral,netral,False,,,
020,label_sample_0983,waktu pemilu ditanya apapun solusinya hilirisasi ditanya sekarang jawabnya mbg mulu us tarif gimana dijawab harus tabah dan kuat emang dari awal semangatnya doang tinggi kalo dikasih pertanyaan apa yang penting jawabnya semangat,negatif,netral,negatif,True,negatif,mengkritik jawaban pemerintah yang selalu MBG,catatan menunjukkan konteks ambigu/informatif
020,label_sample_0984,menteri pertanian mentan andi amran sulaiman bakal menggenjot produksi daging dan hilirisasi bekerja sama dengan para pengusaha untuk mendukung program pemerintah selanjutnya yakni makan bergizi gratis prabowo gibran prabowogibran makanbergizigratis mbg anakanak mentan,positif,positif,positif,False,,,
020,label_sample_0985,mbg yang jadi program sorotan pas kampanye skrg selama praktiknya keliatan dikorupsi militerisasi demokrasi yg mantep gini malah rakyat gak dikasih kisi kisi gagalkanruutni tolakruutni tolakrevisiuutni indonesiagelap tolakdwifungsiabri tolakruupolri supremasisipil,negatif,negatif,negatif,False,,,
020,label_sample_0986,makan bergizi gratis mbg adalah awal yang sangat fundamental untuk membentuk generasi penerus bangsa indonesia yang kuat cerdas dan tahan terhadap segala ujian sejarah terimakasih bpk presiden karena belum juga genap hari kerja program ini sudah meluncur,positif,positif,positif,False,,,
020,label_sample_0987,gue clearly bilang ke temen gue yang akhirnya sadar bahwa pilihannya salah kalau itu bukan ketipu dari debat pilpres udah keliatan kosong program mbg yang asbun doang proses pemilihan wakil yg menyalahi konstitusi dll masih bilang ketipu hahaha jelas ya bukan ketipu,netral,netral,netral,False,,,
020,label_sample_0988,program mbg ini juga akan berdampak positif pada pembentukan ekosistem sekolah yang baik seperti kesehatan anak didik dan menekan terjadinya bullying antar siswa kita harus berkolaborasi mengajak banyak pihak untuk mensukseskan program mbg ini,positif,positif,positif,False,,,
020,label_sample_0989,tkw baby aisyah minta anaknya tidak ambil makan bergizi gratis tkw di taiwan ini viral setelah meminta anaknya tak mengambil paket makan bergizi gratis di sekolahnya dia mengatakan mengambil paket makan bergizi gratis sama saja merendahkan dirinya yg punya gaji juta sebulan,positif,positif,positif,False,,,
020,label_sample_0990,solusine tlfn cc gojek indonesia mbg buat batalin orderan bisa koq saya sering dapt orderan fiktif reecheese factory kena nasi kulit lovers solo rb tak susruh batalin cc orderan batal saldo ga kepotong dan makanan suruh kasih ke yang membutuhkan pnti,positif,positif,positif,False,,,
020,label_sample_0991,orde baru again mulai dari presiden yg memangkas rumput rakyat yg katanya untuk makan bergizi gratis dan aparat yg katanya mengayomi mana ngoni band keras yg dpe lirik full kata kata kotor so boleh bangun ato bubar jo,negatif,netral,negatif,True,negatif,mengaitkan MBG dengan represi/pemangkasan secara negatif,catatan menunjukkan konteks ambigu/informatif
020,label_sample_0992,homili khotbah hari ini memang manusia butuh makan makanya skrg ada program makan siang gratis atau yg skrg disebut mbg itu ya yah memang susah menolak godaan utk nerima makanan gratis tapi perlu diingat kalau godaan tsb datangnya dr iblis sy ouch,netral,netral,netral,False,,,
020,label_sample_0993,komitmen indonesia untuk memastikan setiap anak di indonesia mendapatkan akses terhadap makan bergizi mbg makanbergizigratis makanbergiziuntukindonesi anaksehatbangsahebat gizigratisuntuknegeri ekonomimaju indonesiaemas,positif,positif,positif,False,,,
020,label_sample_0994,kalo solusi lebih waras tahan dulu programnya cari alternatif lain buat anggaran mbg selain pecat pecatin yang dibawah bisa cari investor kek sita semua aset koruptor kek dan nyatanya sekolah di daerah terpencil malah diundur mbgnya sy guru daerah terpencil,positif,positif,positif,False,,,
020,label_sample_0995,terima kasih untuk semua komponen pendukung program makanan bergizi gratis mbg tanpa kalian program pak prabowosubianto tidak berjalan dengan baik para pengemudi ojol terlihat mendatangi sdn lowokwaru kota malang senin pagi,positif,positif,positif,False,,,
020,label_sample_0996,benar sekali apa yg dikatakan ustadz abdul somad sejatinya hanya orangtua yg tahu kesukaan makanan anakâ nya apalagi kualitas dan kuantitas mbg jauuh dibawah standard yg diberikan orangtua mereka sendiri banyak yg tidak mau menghabiskan makanan ala kadarnya akhirnya mubazir,negatif,netral,negatif,True,negatif,menilai kualitas/kuantitas MBG di bawah standar dan mubazir,catatan menunjukkan konteks ambigu/informatif
020,label_sample_0997,berdasarkan analisis kenaikan tarif impor as tidak akan berdampak signifikan pada program mbg prabowo program ini mengandalkan sumber pangan lokal seperti singkong dan beras sehingga minim terpengaruh langsung anggaran sebesar rp triliun juga sudah dialokasikan dan,netral,netral,netral,False,,,
020,label_sample_0998,peknas dan badan gizi nasional mencermati semua evaluasi dari simulasi program makan bergizi gratis tsb untuk kemudian bersinergi mengambil langkahâ strategis sehingga program mbg nanti dapat dilakasanakan dgn baik sesuai target dn tujuannya peknas badangizinasional,positif,positif,positif,False,,,
020,label_sample_0999,badan gizi nasional bgn menggelar uji coba makan bergizi gratis mbg di kota makassar hari ini uji coba program ini berlangsung di sekolah dengan menyasar siswa bgn makanbergizigratis mbg mbgmakassar pemkotmakassar dannypomanto makassar detiksulsel,positif,positif,positif,False,,,
020,label_sample_1000,cmiiw makan bergizi gratis kan buat anak sekolah nih tapi yg dikasih makan gizi gratis ga ada karena ga sekolah putus sekolah karena ortunya kena phk jadinya ga ada duit buat sekolahin anaknya jadinya gmn dong yg makan siapa jadinya,negatif,netral,negatif,True,negatif,mempertanyakan manfaat MBG bagi anak putus sekolah akibat PHK,catatan menunjukkan konteks ambigu/informatif
