sample_id,interim_id,source_file,source_sheet,source_row_number,clean_text,clean_text_length,clean_word_count,label,label_source,label_confidence,annotator_1,annotator_2,adjudicated_label,labeling_notes
label_sample_0001,mbg_crawl_001706,data crawl mbg (in).xlsx,Sheet1,1707,belum selesai lomba di mbg sekarang udah di living,50,9,,,,,,,
label_sample_0002,mbg_crawl_038293,data crawl mbg (in).xlsx,Sheet1,38294,good job polri rekrut gizi spesialis buat mbg makin mantap,58,10,,,,,,,
label_sample_0003,mbg_crawl_013603,data crawl mbg (in).xlsx,Sheet1,13604,dapoer ibu boyolali terus salurkan mbg untuk para siswa,55,9,,,,,,,
label_sample_0004,mbg_crawl_029822,data crawl mbg (in).xlsx,Sheet1,29823,duitnya buat mbg ga bisa bayar artist lokal,43,8,,,,,,,
label_sample_0005,mbg_crawl_067476,data crawl mbg (in).xlsx,Sheet1,67477,deket rumah udah ada simulasi makan bergizi gratis,50,8,,,,,,,
label_sample_0006,mbg_crawl_015381,data crawl mbg (in).xlsx,Sheet1,15382,mbg tuh makan basi gratis kh,28,6,,,,,,,
label_sample_0007,mbg_crawl_011044,data crawl mbg (in).xlsx,Sheet1,11045,mbg hari ini nasi thiwul bothok oseng ndeso tempe bacem,55,10,,,,,,,
label_sample_0008,mbg_crawl_003866,data crawl mbg (in).xlsx,Sheet1,3867,kurang mahkotanya king,22,3,,,,,,,
label_sample_0009,mbg_crawl_027446,data crawl mbg (in).xlsx,Sheet1,27447,lagi pengen nempeleng orang pencetus program mbg,48,7,,,,,,,
label_sample_0010,mbg_crawl_001631,data crawl mbg (in).xlsx,Sheet1,1632,makasih mbg njung,17,3,,,,,,,
label_sample_0011,mbg_crawl_010698,data crawl mbg (in).xlsx,Sheet1,10699,fifi masuka,11,2,,,,,,,
label_sample_0012,mbg_crawl_015187,data crawl mbg (in).xlsx,Sheet1,15188,sinii mam sma bayiku lebih bergizi dibanding mbg ntu,52,9,,,,,,,
label_sample_0013,mbg_crawl_030457,data crawl mbg (in).xlsx,Sheet1,30458,indonesiagelap dibawah rezim ini demi mbg,41,6,,,,,,,
label_sample_0014,mbg_crawl_071063,data crawl mbg (in).xlsx,Sheet1,71064,mbg solusi tepat naikin gizi pelajar,36,6,,,,,,,
label_sample_0015,mbg_crawl_014257,data crawl mbg (in).xlsx,Sheet1,14258,mbg resmi dimulai,17,3,,,,,,,
label_sample_0016,mbg_crawl_010433,data crawl mbg (in).xlsx,Sheet1,10434,ini baru prestasi mbg makin diakui dan dikagumi,47,8,,,,,,,
label_sample_0017,mbg_crawl_008447,data crawl mbg (in).xlsx,Sheet1,8448,kl gua ketawa gua dikasi mbg ga,31,7,,,,,,,
label_sample_0018,mbg_crawl_042867,data crawl mbg (in).xlsx,Sheet1,42868,pusing tuh mikirin mbg sama danantara awowkwokwok,49,7,,,,,,,
label_sample_0019,mbg_crawl_000882,data crawl mbg (in).xlsx,Sheet1,883,bilahi kone ma nokk la,22,5,,,,,,,
label_sample_0020,mbg_crawl_019349,data crawl mbg (in).xlsx,Sheet1,19350,mbg mabok bersama gibran,24,4,,,,,,,
label_sample_0021,mbg_crawl_061103,data crawl mbg (in).xlsx,Sheet1,61104,makan bergizi gratis bikin anak makin sehat mantap,50,8,,,,,,,
label_sample_0022,mbg_crawl_044876,data crawl mbg (in).xlsx,Sheet1,44877,smpn surabaya mbg nya mirip adkesmah bagi takjil,48,8,,,,,,,
label_sample_0023,mbg_crawl_034746,data crawl mbg (in).xlsx,Sheet1,34747,idiih minjem motor siapa lagi si mbg,36,7,,,,,,,
label_sample_0024,mbg_crawl_037199,data crawl mbg (in).xlsx,Sheet1,37200,inilah orang yg butuh mbg biar gak stunting,43,8,,,,,,,
label_sample_0025,mbg_crawl_070817,data crawl mbg (in).xlsx,Sheet1,70818,mbg mbg adek gw noh gak dapet,29,7,,,,,,,
label_sample_0026,mbg_crawl_005594,data crawl mbg (in).xlsx,Sheet1,5595,ndeko,5,1,,,,,,,
label_sample_0027,mbg_crawl_007668,data crawl mbg (in).xlsx,Sheet1,7669,mbg upaya populis angkat kualitas sdm yang ancaman apbn,55,9,,,,,,,
label_sample_0028,mbg_crawl_056189,data crawl mbg (in).xlsx,Sheet1,56190,kok makan bukanya gak pake makan siang bergizi gratis sih,57,10,,,,,,,
label_sample_0029,mbg_crawl_020805,data crawl mbg (in).xlsx,Sheet1,20806,utk menyukseskan mbg asn perlu bekerja hari seminggu,52,8,,,,,,,
label_sample_0030,mbg_crawl_010410,data crawl mbg (in).xlsx,Sheet1,10411,mantap mbg dapat apresiasi sepenuh hati,39,6,,,,,,,
label_sample_0031,mbg_crawl_054908,data crawl mbg (in).xlsx,Sheet1,54909,makan bergizi gratis langkah brilian kemenrans bgn,50,7,,,,,,,
label_sample_0032,mbg_crawl_008141,data crawl mbg (in).xlsx,Sheet1,8142,next bio meat sebagai sumber protein mbg,40,7,,,,,,,
label_sample_0033,mbg_crawl_020837,data crawl mbg (in).xlsx,Sheet1,20838,potret penting pendidikan lebih penting dari mbg catat,54,8,,,,,,,
label_sample_0034,mbg_crawl_071177,data crawl mbg (in).xlsx,Sheet1,71178,mbg gak mangkrak masih terus berjalan sampai saat ini,53,9,,,,,,,
label_sample_0035,mbg_crawl_015829,data crawl mbg (in).xlsx,Sheet1,15830,program mbg diatur sama menteri apa yak,39,7,,,,,,,
label_sample_0036,mbg_crawl_027859,data crawl mbg (in).xlsx,Sheet1,27860,iya sebenernya mbg kan makan berisi gula upsie,46,8,,,,,,,
label_sample_0037,mbg_crawl_031799,data crawl mbg (in).xlsx,Sheet1,31800,urusin gas aja sono drpd mbg gjlss,34,7,,,,,,,
label_sample_0038,mbg_crawl_003057,data crawl mbg (in).xlsx,Sheet1,3058,oo photobox di mbg paling gede,30,6,,,,,,,
label_sample_0039,mbg_crawl_042366,data crawl mbg (in).xlsx,Sheet1,42367,tp mbg dan kcic surabaya jalan terus,36,7,,,,,,,
label_sample_0040,mbg_crawl_039368,data crawl mbg (in).xlsx,Sheet1,39369,kalo pemerintah kan fokus mbg,29,5,,,,,,,
label_sample_0041,mbg_crawl_052193,data crawl mbg (in).xlsx,Sheet1,52194,makan bergizi untuk anak bangsa mbg,35,6,,,,,,,
label_sample_0042,mbg_crawl_009260,data crawl mbg (in).xlsx,Sheet1,9261,negara membiarkan kemiskinan solusinya mbg,42,5,,,,,,,
label_sample_0043,mbg_crawl_014867,data crawl mbg (in).xlsx,Sheet1,14868,qobul aamiin mbg apa itu,24,5,,,,,,,
label_sample_0044,mbg_crawl_022896,data crawl mbg (in).xlsx,Sheet1,22897,untung mha coba mbg,19,4,,,,,,,
label_sample_0045,mbg_crawl_040530,data crawl mbg (in).xlsx,Sheet1,40531,mbg b nya katanya bukan bergizi ya tp busuk basi berulat,56,11,,,,,,,
label_sample_0046,mbg_crawl_002208,data crawl mbg (in).xlsx,Sheet1,2209,mbg biyokimya,13,2,,,,,,,
label_sample_0047,mbg_crawl_058317,data crawl mbg (in).xlsx,Sheet1,58318,surga itu makan bergizi gratis,30,5,,,,,,,
label_sample_0048,mbg_crawl_027556,data crawl mbg (in).xlsx,Sheet1,27557,kontol emang mbg makan tuh nasi berak,37,7,,,,,,,
label_sample_0049,mbg_crawl_003299,data crawl mbg (in).xlsx,Sheet1,3300,zindagi,7,1,,,,,,,
label_sample_0050,mbg_crawl_045258,data crawl mbg (in).xlsx,Sheet1,45259,bersama mbg harapan cerah menyongsong masa depan emas di,56,9,,,,,,,
label_sample_0051,mbg_crawl_024756,data crawl mbg (in).xlsx,Sheet1,24757,betul program mbg,17,3,,,,,,,
label_sample_0052,mbg_crawl_034727,data crawl mbg (in).xlsx,Sheet1,34728,tutor mbg ada di twitter regilios ndut,38,7,,,,,,,
label_sample_0053,mbg_crawl_042634,data crawl mbg (in).xlsx,Sheet1,42635,thiakhane rek,13,2,,,,,,,
label_sample_0054,mbg_crawl_051316,data crawl mbg (in).xlsx,Sheet1,51317,kenyang kagak bego iya indonesiagelap makansianggratis,54,6,,,,,,,
label_sample_0055,mbg_crawl_015881,data crawl mbg (in).xlsx,Sheet1,15882,coba di tawarin ke tim mbg,26,6,,,,,,,
label_sample_0056,mbg_crawl_045415,data crawl mbg (in).xlsx,Sheet1,45416,sir kasi mbg jg dong ini sir tolong,35,8,,,,,,,
label_sample_0057,mbg_crawl_071591,data crawl mbg (in).xlsx,Sheet1,71592,berasa mbg,10,2,,,,,,,
label_sample_0058,mbg_crawl_004024,data crawl mbg (in).xlsx,Sheet1,4025,mbg guys yokk,13,3,,,,,,,
label_sample_0059,mbg_crawl_005046,data crawl mbg (in).xlsx,Sheet1,5047,wts tiket timnas vs jepang wajib cod jogjaa,43,8,,,,,,,
label_sample_0060,mbg_crawl_035001,data crawl mbg (in).xlsx,Sheet1,35002,pasti ini caranya dengan mbg ketebakk nihh,42,7,,,,,,,
label_sample_0061,mbg_crawl_019864,data crawl mbg (in).xlsx,Sheet1,19865,mbg perdana di kotim dinikmati pelajar,38,6,,,,,,,
label_sample_0062,mbg_crawl_020438,data crawl mbg (in).xlsx,Sheet1,20439,anggaran untuk minum anda lebih besar dari mbg,46,8,,,,,,,
label_sample_0063,mbg_crawl_005712,data crawl mbg (in).xlsx,Sheet1,5713,mbg ama bw juga nah itu doang kan yg rame,41,10,,,,,,,
label_sample_0064,mbg_crawl_000241,data crawl mbg (in).xlsx,Sheet1,242,fawad khan s mbg,16,4,,,,,,,
label_sample_0065,mbg_crawl_014987,data crawl mbg (in).xlsx,Sheet1,14988,mbg said he hates halo,22,5,,,,,,,
label_sample_0066,mbg_crawl_002077,data crawl mbg (in).xlsx,Sheet1,2078,mbg sucks in general,20,4,,,,,,,
label_sample_0067,mbg_crawl_039466,data crawl mbg (in).xlsx,Sheet1,39467,apasih isi daging kampanyenya mbg doang bkn,43,7,,,,,,,
label_sample_0068,mbg_crawl_034446,data crawl mbg (in).xlsx,Sheet1,34447,indonesia sehat berawal dari mbg mari terus dukung,50,8,,,,,,,
label_sample_0069,mbg_crawl_019508,data crawl mbg (in).xlsx,Sheet1,19509,tapi better anjirt dari mbg,27,5,,,,,,,
label_sample_0070,mbg_crawl_037244,data crawl mbg (in).xlsx,Sheet1,37245,program mbg makin hits nigcelom banget untuk jutaan orang,57,9,,,,,,,
label_sample_0071,mbg_crawl_037367,data crawl mbg (in).xlsx,Sheet1,37368,bru baca yg mbg,15,4,,,,,,,
label_sample_0072,mbg_crawl_022957,data crawl mbg (in).xlsx,Sheet1,22958,kata gendis semangkane mbg kecut bisa diganti duku,50,8,,,,,,,
label_sample_0073,mbg_crawl_009507,data crawl mbg (in).xlsx,Sheet1,9508,nasib apple di ri terancam hingga mbg butuh tambahan dana,57,10,,,,,,,
label_sample_0074,mbg_crawl_037488,data crawl mbg (in).xlsx,Sheet1,37489,mbg itu makan batagor gratis rupanya hehe,41,7,,,,,,,
label_sample_0075,mbg_crawl_005272,data crawl mbg (in).xlsx,Sheet1,5273,kerby kerby kerby,17,3,,,,,,,
label_sample_0076,mbg_crawl_037537,data crawl mbg (in).xlsx,Sheet1,37538,apapun masalahnya solusinya mbg gitu hh lawak,45,7,,,,,,,
label_sample_0077,mbg_crawl_071249,data crawl mbg (in).xlsx,Sheet1,71250,simpel apun permasalah negara solusinyq adalah mbg,50,7,,,,,,,
label_sample_0078,mbg_crawl_047538,data crawl mbg (in).xlsx,Sheet1,47539,yg penting tweet nya ngenyangin birahi buzzer mbg,49,8,,,,,,,
label_sample_0079,mbg_crawl_038278,data crawl mbg (in).xlsx,Sheet1,38279,mantul dukungan gizi dari polri bikin mbg makin optimal,55,9,,,,,,,
label_sample_0080,mbg_crawl_022897,data crawl mbg (in).xlsx,Sheet1,22898,bnyk kali cakapmu kontol ini korban anak lg dr mbg,50,10,,,,,,,
label_sample_0081,mbg_crawl_022124,data crawl mbg (in).xlsx,Sheet1,22125,untuk mbg saja ngutang ngomong sebakul ampun,44,7,,,,,,,
label_sample_0082,mbg_crawl_033525,data crawl mbg (in).xlsx,Sheet1,33526,wow program mbg prabowo emang keren abis,40,7,,,,,,,
label_sample_0083,mbg_crawl_001499,data crawl mbg (in).xlsx,Sheet1,1500,apa nanti ke mbg ya,19,5,,,,,,,
label_sample_0084,mbg_crawl_010534,data crawl mbg (in).xlsx,Sheet1,10535,mikirin mbg ga kelarâ kapan mau mikir yg lain,45,9,,,,,,,
label_sample_0085,mbg_crawl_011054,data crawl mbg (in).xlsx,Sheet1,11055,sekalian aja semua apbn buat mbg yg kalian banggain itu,55,10,,,,,,,
label_sample_0086,mbg_crawl_047917,data crawl mbg (in).xlsx,Sheet1,47918,sepertinya mas perlu dapat mbg supaya tidak stunting bu,55,9,,,,,,,
label_sample_0087,mbg_crawl_029666,data crawl mbg (in).xlsx,Sheet1,29667,mbg makan bergizi gratis ã mbg mall bali galeria,48,9,,,,,,,
label_sample_0088,mbg_crawl_001840,data crawl mbg (in).xlsx,Sheet1,1841,pati itu singkatan kepanjangannya pejabat tinggi cmiiw,54,7,,,,,,,
label_sample_0089,mbg_crawl_044457,data crawl mbg (in).xlsx,Sheet1,44458,semua kacau gara gara mbg,25,5,,,,,,,
label_sample_0090,mbg_crawl_000557,data crawl mbg (in).xlsx,Sheet1,558,apaka intense seizecontroldlsu,30,3,,,,,,,
label_sample_0091,mbg_crawl_010338,data crawl mbg (in).xlsx,Sheet1,10339,batalkan program mbg,20,3,,,,,,,
label_sample_0092,mbg_crawl_045292,data crawl mbg (in).xlsx,Sheet1,45293,duitnya udh habis bwt mbg,25,5,,,,,,,
label_sample_0093,mbg_crawl_022418,data crawl mbg (in).xlsx,Sheet1,22419,boonk dpt mbg,13,3,,,,,,,
label_sample_0094,mbg_crawl_024540,data crawl mbg (in).xlsx,Sheet1,24541,kepala batu orang butuh pendidikan gratiss wok ndasmu mbg,57,9,,,,,,,
label_sample_0095,mbg_crawl_047140,data crawl mbg (in).xlsx,Sheet1,47141,dukung penuh program program pendidikan kayak mbg ini,53,8,,,,,,,
label_sample_0096,mbg_crawl_059643,data crawl mbg (in).xlsx,Sheet1,59644,semua demi makan bergizi gratis yang gak bergizi amat itu,57,10,,,,,,,
label_sample_0097,mbg_crawl_038740,data crawl mbg (in).xlsx,Sheet1,38741,bayarkan dulu hak para sppg program mbg dari bulan januari,58,10,,,,,,,
label_sample_0098,mbg_crawl_021818,data crawl mbg (in).xlsx,Sheet1,21819,jauh kali pun dr mbg,20,5,,,,,,,
label_sample_0099,mbg_crawl_070143,data crawl mbg (in).xlsx,Sheet1,70144,keliatannya lebih bergizi dari mbg,34,5,,,,,,,
label_sample_0100,mbg_crawl_057818,data crawl mbg (in).xlsx,Sheet1,57819,makan bergizi gratis mgb,24,4,,,,,,,
label_sample_0101,mbg_crawl_055296,data crawl mbg (in).xlsx,Sheet1,55297,makan gratis bergizi demi anak indonesia berprestasi,52,7,,,,,,,
label_sample_0102,mbg_crawl_009263,data crawl mbg (in).xlsx,Sheet1,9264,miris ditengah program mbg,26,4,,,,,,,
label_sample_0103,mbg_crawl_040035,data crawl mbg (in).xlsx,Sheet1,40036,gpp ngotot aja terus gass mbg biar makin ambles,47,9,,,,,,,
label_sample_0104,mbg_crawl_065198,data crawl mbg (in).xlsx,Sheet1,65199,makan bergizi gratis bkin enerjik dan smangat trus,50,8,,,,,,,
label_sample_0105,mbg_crawl_043439,data crawl mbg (in).xlsx,Sheet1,43440,kasih mbg malah tambah letoy,28,5,,,,,,,
label_sample_0106,mbg_crawl_003155,data crawl mbg (in).xlsx,Sheet1,3156,mbg mall bringkits galleria,27,4,,,,,,,
label_sample_0107,mbg_crawl_010801,data crawl mbg (in).xlsx,Sheet1,10802,penampakan mbg kalau tidak dikorupsi kira kira seperti ini,58,9,,,,,,,
label_sample_0108,mbg_crawl_045219,data crawl mbg (in).xlsx,Sheet1,45220,gktau tuh blm dapet samsek si mbg mbg itu,41,9,,,,,,,
label_sample_0109,mbg_crawl_028672,data crawl mbg (in).xlsx,Sheet1,28673,haha sponsor mbg ternyata wong tuwo ku dhewe,44,8,,,,,,,
label_sample_0110,mbg_crawl_028765,data crawl mbg (in).xlsx,Sheet1,28766,udah gitu masih maksa mbg hdehh,31,6,,,,,,,
label_sample_0111,mbg_crawl_046905,data crawl mbg (in).xlsx,Sheet1,46906,btul mbg di rumah selain itu gk seru,36,8,,,,,,,
label_sample_0112,mbg_crawl_047505,data crawl mbg (in).xlsx,Sheet1,47506,cobain menu mbg dong buat bukber,32,6,,,,,,,
label_sample_0113,mbg_crawl_003161,data crawl mbg (in).xlsx,Sheet1,3162,si mulisema tukubali watufinye instead tuwafinye,48,6,,,,,,,
label_sample_0114,mbg_crawl_008900,data crawl mbg (in).xlsx,Sheet1,8901,side dish mbg soon,18,4,,,,,,,
label_sample_0115,mbg_crawl_001065,data crawl mbg (in).xlsx,Sheet1,1066,eeh mpangi,10,2,,,,,,,
label_sample_0116,mbg_crawl_033372,data crawl mbg (in).xlsx,Sheet1,33373,hebat gerakan mbg bikin dunia lebih peduli sama gizi,52,9,,,,,,,
label_sample_0117,mbg_crawl_034531,data crawl mbg (in).xlsx,Sheet1,34532,kalo sampe sekeren itu mbg bayar lah gaji staffnya ndut,55,10,,,,,,,
label_sample_0118,mbg_crawl_041966,data crawl mbg (in).xlsx,Sheet1,41967,mbg jadi mgb makan nggak bayar,30,6,,,,,,,
label_sample_0119,mbg_crawl_004904,data crawl mbg (in).xlsx,Sheet1,4905,hizo falta again mbg,20,4,,,,,,,
label_sample_0120,mbg_crawl_045873,data crawl mbg (in).xlsx,Sheet1,45874,ramadhan mbg tetap berjalan,27,4,,,,,,,
label_sample_0121,mbg_crawl_048091,data crawl mbg (in).xlsx,Sheet1,48092,mbg makan bayar gratis,22,4,,,,,,,
label_sample_0122,mbg_crawl_028857,data crawl mbg (in).xlsx,Sheet1,28858,udah isinya evaluasi mbg gelombang pertama,42,6,,,,,,,
label_sample_0123,mbg_crawl_023004,data crawl mbg (in).xlsx,Sheet1,23005,mbg tuh apa si makan bersama gratis,35,7,,,,,,,
label_sample_0124,mbg_crawl_038803,data crawl mbg (in).xlsx,Sheet1,38804,mbg adek gweh lontonge basi lagi anjink,39,7,,,,,,,
label_sample_0125,mbg_crawl_049032,data crawl mbg (in).xlsx,Sheet1,49033,terima kasih pak prabowo makanbergizigratis mbg papua,53,7,,,,,,,
label_sample_0126,mbg_crawl_007930,data crawl mbg (in).xlsx,Sheet1,7931,keren banget program mbg sukses besar dalam hari pertama,56,9,,,,,,,
label_sample_0127,mbg_crawl_048071,data crawl mbg (in).xlsx,Sheet1,48072,bubarin danantara sama stop mbg dlu baru dimaapin,49,8,,,,,,,
label_sample_0128,mbg_crawl_040014,data crawl mbg (in).xlsx,Sheet1,40015,mantapp mbg semoga makin lancarr,32,5,,,,,,,
label_sample_0129,mbg_crawl_034381,data crawl mbg (in).xlsx,Sheet1,34382,banyak negara ingin mencontoh mbg,33,5,,,,,,,
label_sample_0130,mbg_crawl_004698,data crawl mbg (in).xlsx,Sheet1,4699,yg deket mbg,12,3,,,,,,,
label_sample_0131,mbg_crawl_023019,data crawl mbg (in).xlsx,Sheet1,23020,hii km dah dpt mbg brp kali,27,7,,,,,,,
label_sample_0132,mbg_crawl_053875,data crawl mbg (in).xlsx,Sheet1,53876,abis pada di kasih makan bergizi gratis,39,7,,,,,,,
label_sample_0133,mbg_crawl_023582,data crawl mbg (in).xlsx,Sheet1,23583,ndut santai vs ndut mbg,23,5,,,,,,,
label_sample_0134,mbg_crawl_011376,data crawl mbg (in).xlsx,Sheet1,11377,ogiaahh kalau duta mbg nanti kena tabox deddy botax,51,9,,,,,,,
label_sample_0135,mbg_crawl_046230,data crawl mbg (in).xlsx,Sheet1,46231,ya kan telat ga dapat mbg cuy,29,7,,,,,,,
label_sample_0136,mbg_crawl_047502,data crawl mbg (in).xlsx,Sheet1,47503,menu mbg dong harusnya pak biar kelihatan konsistensinya,56,8,,,,,,,
label_sample_0137,mbg_crawl_046467,data crawl mbg (in).xlsx,Sheet1,46468,dengan program mbg sehat untuk semua bukan lagi mimpi,53,9,,,,,,,
label_sample_0138,mbg_crawl_020342,data crawl mbg (in).xlsx,Sheet1,20343,mbg bukan,9,2,,,,,,,
label_sample_0139,mbg_crawl_012988,data crawl mbg (in).xlsx,Sheet1,12989,lumayan dapet sisa mbg,22,4,,,,,,,
label_sample_0140,mbg_crawl_024834,data crawl mbg (in).xlsx,Sheet1,24835,nyiapin mbg untuk kenzo,23,4,,,,,,,
label_sample_0141,mbg_crawl_057399,data crawl mbg (in).xlsx,Sheet1,57400,ust abd somad kajian makan bergizi gratis,41,7,,,,,,,
label_sample_0142,mbg_crawl_039025,data crawl mbg (in).xlsx,Sheet1,39026,emang mbg masih ada,19,4,,,,,,,
label_sample_0143,mbg_crawl_011380,data crawl mbg (in).xlsx,Sheet1,11381,jangan dibuang kak sayang buat lauk mbg,39,7,,,,,,,
label_sample_0144,mbg_crawl_049878,data crawl mbg (in).xlsx,Sheet1,49879,makansianggratis di london diperpanjang,39,4,,,,,,,
label_sample_0145,mbg_crawl_005516,data crawl mbg (in).xlsx,Sheet1,5517,trikot,6,1,,,,,,,
label_sample_0146,mbg_crawl_041247,data crawl mbg (in).xlsx,Sheet1,41248,mbg aja diambil yg bukan jatahnya kocak lu semua,48,9,,,,,,,
label_sample_0147,mbg_crawl_019159,data crawl mbg (in).xlsx,Sheet1,19160,maaf bgt aku salah baca mgb jadi mbg,36,8,,,,,,,
label_sample_0148,mbg_crawl_025347,data crawl mbg (in).xlsx,Sheet1,25348,coba aja menu mbg gitu,22,5,,,,,,,
label_sample_0149,mbg_crawl_064534,data crawl mbg (in).xlsx,Sheet1,64535,endingnya plg makan bergizi gratis ga jalanw wkwk,49,8,,,,,,,
label_sample_0150,mbg_crawl_001442,data crawl mbg (in).xlsx,Sheet1,1443,oke mbg nan,11,3,,,,,,,
label_sample_0151,mbg_crawl_021697,data crawl mbg (in).xlsx,Sheet1,21698,lah iya menunya gak kaya mbg,28,6,,,,,,,
label_sample_0152,mbg_crawl_005462,data crawl mbg (in).xlsx,Sheet1,5463,kebalikannya bang ipul kwkwkwk,30,4,,,,,,,
label_sample_0153,mbg_crawl_003644,data crawl mbg (in).xlsx,Sheet1,3645,katanya king indonesia kok gak masuk list,41,7,,,,,,,
label_sample_0154,mbg_crawl_026581,data crawl mbg (in).xlsx,Sheet1,26582,bolehkah makan bergizi gratis mbg di sekolah pilih menu,55,9,,,,,,,
label_sample_0155,mbg_crawl_012114,data crawl mbg (in).xlsx,Sheet1,12115,kok hampir semua kementrian pd ngotot mbg ada apa,49,9,,,,,,,
label_sample_0156,mbg_crawl_011199,data crawl mbg (in).xlsx,Sheet1,11200,mending ini drpd mbg,20,4,,,,,,,
label_sample_0157,mbg_crawl_020362,data crawl mbg (in).xlsx,Sheet1,20363,ga salah sih mbg kan makanan beracun gratis,43,8,,,,,,,
label_sample_0158,mbg_crawl_007086,data crawl mbg (in).xlsx,Sheet1,7087,prabowo sukses angkat harapan rakyat mbg top,44,7,,,,,,,
label_sample_0159,mbg_crawl_017039,data crawl mbg (in).xlsx,Sheet1,17040,ompreng penjara mbg,19,3,,,,,,,
label_sample_0160,mbg_crawl_027458,data crawl mbg (in).xlsx,Sheet1,27459,demi mbg semua di korbankan,27,5,,,,,,,
label_sample_0161,mbg_crawl_038291,data crawl mbg (in).xlsx,Sheet1,38292,good job polri dukung terus program gizi mbg,44,8,,,,,,,
label_sample_0162,mbg_crawl_002130,data crawl mbg (in).xlsx,Sheet1,2131,degeul domram bi,16,3,,,,,,,
label_sample_0163,mbg_crawl_053850,data crawl mbg (in).xlsx,Sheet1,53851,gawin kaya lagi makan makanan bergizi gratis,44,7,,,,,,,
label_sample_0164,mbg_crawl_019122,data crawl mbg (in).xlsx,Sheet1,19123,apapun masih mending dibanding mbg asu ini wkwkw,48,8,,,,,,,
label_sample_0165,mbg_crawl_004544,data crawl mbg (in).xlsx,Sheet1,4545,otw mbg,7,2,,,,,,,
label_sample_0166,mbg_crawl_023740,data crawl mbg (in).xlsx,Sheet1,23741,mbg opo,7,2,,,,,,,
label_sample_0167,mbg_crawl_003096,data crawl mbg (in).xlsx,Sheet1,3097,pawankalyanbdaycelebrations adv hbd my man ï x f,48,8,,,,,,,
label_sample_0168,mbg_crawl_012507,data crawl mbg (in).xlsx,Sheet1,12508,mending gaji dpd aja yg dipake mbg,34,7,,,,,,,
label_sample_0169,mbg_crawl_014118,data crawl mbg (in).xlsx,Sheet1,14119,kemenkop fasilitasi gakoptindo jadi penyuplai program mbg,57,7,,,,,,,
label_sample_0170,mbg_crawl_046226,data crawl mbg (in).xlsx,Sheet1,46227,asosiasi minta program mbg berpihak pada peternak lokal,55,8,,,,,,,
label_sample_0171,mbg_crawl_001522,data crawl mbg (in).xlsx,Sheet1,1523,mbemba,6,1,,,,,,,
label_sample_0172,mbg_crawl_039482,data crawl mbg (in).xlsx,Sheet1,39483,ora mangan mbg ora pateken,26,5,,,,,,,
label_sample_0173,mbg_crawl_000443,data crawl mbg (in).xlsx,Sheet1,444,mbg sopo,8,2,,,,,,,
label_sample_0174,mbg_crawl_033495,data crawl mbg (in).xlsx,Sheet1,33496,program mbg patut diacungi jempol inspiratif,44,6,,,,,,,
label_sample_0175,mbg_crawl_042865,data crawl mbg (in).xlsx,Sheet1,42866,tunjangan gaji lu pada aja dikurangin buat mbg gimana,53,9,,,,,,,
label_sample_0176,mbg_crawl_020607,data crawl mbg (in).xlsx,Sheet1,20608,kelompok knpb bawa semangat perjuangkan papua dari mbg,54,8,,,,,,,
label_sample_0177,mbg_crawl_070998,data crawl mbg (in).xlsx,Sheet1,70999,haish dasar hoax jelas jelas mbg bagus untuk rakyat,51,9,,,,,,,
label_sample_0178,mbg_crawl_030008,data crawl mbg (in).xlsx,Sheet1,30009,full untuk mbg,14,3,,,,,,,
label_sample_0179,mbg_crawl_071397,data crawl mbg (in).xlsx,Sheet1,71398,nggak perlu khawatir lagi kesehatan terjamin sama mbg,53,8,,,,,,,
label_sample_0180,mbg_crawl_023893,data crawl mbg (in).xlsx,Sheet1,23894,masakan nuna lebih enak padahaal timbang mbg wkwkw,50,8,,,,,,,
label_sample_0181,mbg_crawl_015182,data crawl mbg (in).xlsx,Sheet1,15183,mbg malak bapa gratis,21,4,,,,,,,
label_sample_0182,mbg_crawl_009882,data crawl mbg (in).xlsx,Sheet1,9883,mantap mbg sukses dukung kesejahteraan gizi bangsa,50,7,,,,,,,
label_sample_0183,mbg_crawl_069783,data crawl mbg (in).xlsx,Sheet1,69784,khan ada makan siang gratis,27,5,,,,,,,
label_sample_0184,mbg_crawl_009829,data crawl mbg (in).xlsx,Sheet1,9830,sangat bermanfaat semoga mbg makin meluas jangkauannya,54,7,,,,,,,
label_sample_0185,mbg_crawl_066701,data crawl mbg (in).xlsx,Sheet1,66702,skema makan bergizi gratis asa besar yang membebani umkm,56,9,,,,,,,
label_sample_0186,mbg_crawl_001347,data crawl mbg (in).xlsx,Sheet1,1348,mbg nj m,8,3,,,,,,,
label_sample_0187,mbg_crawl_070273,data crawl mbg (in).xlsx,Sheet1,70274,gk liat aja vendor mbg kabur,28,6,,,,,,,
label_sample_0188,mbg_crawl_001402,data crawl mbg (in).xlsx,Sheet1,1403,wallah comp na wa vas y toi,27,7,,,,,,,
label_sample_0189,mbg_crawl_013054,data crawl mbg (in).xlsx,Sheet1,13055,mbg tu program pemerintah apa rakyat sebenernya,47,7,,,,,,,
label_sample_0190,mbg_crawl_001305,data crawl mbg (in).xlsx,Sheet1,1306,di mbg aja kalau mau murmer ya erlangga kris a,46,10,,,,,,,
label_sample_0191,mbg_crawl_005221,data crawl mbg (in).xlsx,Sheet1,5222,budone senegal baniuni kou goor ki dako ligey ptdr,50,9,,,,,,,
label_sample_0192,mbg_crawl_039113,data crawl mbg (in).xlsx,Sheet1,39114,ya kan lucunya kemarin tuh smpet bahas mbg,42,8,,,,,,,
label_sample_0193,mbg_crawl_008505,data crawl mbg (in).xlsx,Sheet1,8506,wacha kucheka sana mtu wa mjengo asituskie,42,7,,,,,,,
label_sample_0194,mbg_crawl_009000,data crawl mbg (in).xlsx,Sheet1,9001,muka kebanyakan mbg ceking kucel ngomong tak jelas,50,8,,,,,,,
label_sample_0195,mbg_crawl_039690,data crawl mbg (in).xlsx,Sheet1,39691,janganâ yang ngirim si jelmaan napoleon dr animal farm,54,9,,,,,,,
label_sample_0196,mbg_crawl_045330,data crawl mbg (in).xlsx,Sheet1,45331,mbg dorong sdm unggul untuk sambut dengan senyuman,50,8,,,,,,,
label_sample_0197,mbg_crawl_036953,data crawl mbg (in).xlsx,Sheet1,36954,itu mah mbg cuy,15,4,,,,,,,
label_sample_0198,mbg_crawl_021571,data crawl mbg (in).xlsx,Sheet1,21572,mbg tuh apa ya kak makanan babi gendut kahh,43,9,,,,,,,
label_sample_0199,mbg_crawl_002737,data crawl mbg (in).xlsx,Sheet1,2738,setidaknya biar jelas maunya apa mbg,36,6,,,,,,,
label_sample_0200,mbg_crawl_018601,data crawl mbg (in).xlsx,Sheet1,18602,dia ngomong apa emang ttg mbg ikn,33,7,,,,,,,
label_sample_0201,mbg_crawl_029044,data crawl mbg (in).xlsx,Sheet1,29045,mbg tai emang,13,3,,,,,,,
label_sample_0202,mbg_crawl_019571,data crawl mbg (in).xlsx,Sheet1,19572,mbg untuk indonesia lebih baik guys,35,6,,,,,,,
label_sample_0203,mbg_crawl_006566,data crawl mbg (in).xlsx,Sheet1,6567,kalau ada mbg ekonomi udah aman vibes mbgdorongekonomi,54,8,,,,,,,
label_sample_0204,mbg_crawl_055017,data crawl mbg (in).xlsx,Sheet1,55018,yok dukung program makan bergizi gratis,39,6,,,,,,,
label_sample_0205,mbg_crawl_005369,data crawl mbg (in).xlsx,Sheet1,5370,dengan mbg nggak ada lagi yang bingung soal makan sehat makanbergizibangunnegeri,80,11,,,,,,,
label_sample_0206,mbg_crawl_003754,data crawl mbg (in).xlsx,Sheet1,3755,personil polsek muara batang gadis melaksanakan patroli siang di desa singkuang i,81,12,,,,,,,
label_sample_0207,mbg_crawl_053233,data crawl mbg (in).xlsx,Sheet1,53234,salut buat pemerintah dukung rakyat lewat program makan bergizi gratis,70,10,,,,,,,
label_sample_0208,mbg_crawl_010990,data crawl mbg (in).xlsx,Sheet1,10991,dpr sesalkan komentar keras deddy corbuzier terhadap siswa yang komplain mbg,76,11,,,,,,,
label_sample_0209,mbg_crawl_023367,data crawl mbg (in).xlsx,Sheet1,23368,tokoh agama papua apresiasi mbg mari kita ikut serta bantu anak anak,68,12,,,,,,,
label_sample_0210,mbg_crawl_013043,data crawl mbg (in).xlsx,Sheet1,13044,pemkab temanggung alokasikan rp miliar untuk pendampingan program mbg,69,9,,,,,,,
label_sample_0211,mbg_crawl_070735,data crawl mbg (in).xlsx,Sheet1,70736,bangga donk presiden masih memikirkan gizi anak anak indonesia melalui program mbg,82,12,,,,,,,
label_sample_0212,mbg_crawl_054036,data crawl mbg (in).xlsx,Sheet1,54037,tapi kan di sana nggak ada makan bergizi gratis kalah dong sama mas wowok,73,14,,,,,,,
label_sample_0213,mbg_crawl_014205,data crawl mbg (in).xlsx,Sheet1,14206,bagusny dari gaji tunjangan biaya perjalanan pejabat tinggi dipotong untuk mbg,78,11,,,,,,,
label_sample_0214,mbg_crawl_007789,data crawl mbg (in).xlsx,Sheet1,7790,program mbg buktiin pemerintah emang perhatian ke rakyat kecil harikerjanyata,77,10,,,,,,,
label_sample_0215,mbg_crawl_032932,data crawl mbg (in).xlsx,Sheet1,32933,lewat mbg umkm lebih kuat dan nutrisi anak makin diperhatikan mbgdorongekonomi,78,11,,,,,,,
label_sample_0216,mbg_crawl_033826,data crawl mbg (in).xlsx,Sheet1,33827,presiden jaga program mbg tetep lancar buat semua yang terkena banjir,69,11,,,,,,,
label_sample_0217,mbg_crawl_016206,data crawl mbg (in).xlsx,Sheet1,16207,asli salut sama umkm yang sukses dukung program mbg umkmdukungmbg,65,10,,,,,,,
label_sample_0218,mbg_crawl_022313,data crawl mbg (in).xlsx,Sheet1,22314,kembali lagi knp kita butuh pendidikan gratis dan bukan mbg,59,10,,,,,,,
label_sample_0219,mbg_crawl_019627,data crawl mbg (in).xlsx,Sheet1,19628,sinergi rakyat dan tokoh agama papua dalam program mbg bikin kita makin bangga,78,13,,,,,,,
label_sample_0220,mbg_crawl_037421,data crawl mbg (in).xlsx,Sheet1,37422,dukung program mbg dewan adat bamus betawi bermanfaat bagi masyarakat,69,10,,,,,,,
label_sample_0221,mbg_crawl_027894,data crawl mbg (in).xlsx,Sheet1,27895,vendor mbg pada ngundurin diri silahkan cari beritanya gitu dibilang efek positif,81,12,,,,,,,
label_sample_0222,mbg_crawl_044011,data crawl mbg (in).xlsx,Sheet1,44012,program mbg ajak kita kenal lebih dekat dengan adat papua mbgpapua,66,11,,,,,,,
label_sample_0223,mbg_crawl_036056,data crawl mbg (in).xlsx,Sheet1,36057,jadwal teratur buat mbg di papua pegunungan lancar jaya deh,59,10,,,,,,,
label_sample_0224,mbg_crawl_021252,data crawl mbg (in).xlsx,Sheet1,21253,kita bersatu buat satu tujuan program mbg bakal sukses banget,61,10,,,,,,,
label_sample_0225,mbg_crawl_022273,data crawl mbg (in).xlsx,Sheet1,22274,dilarang tuh habis ini sob mbg di sebagian daerah udah di stop sama phk juga,76,15,,,,,,,
label_sample_0226,mbg_crawl_009693,data crawl mbg (in).xlsx,Sheet1,9694,emang si di omong dedy iku salah ta nang vt ne seng mbahas mbg,62,14,,,,,,,
label_sample_0227,mbg_crawl_020113,data crawl mbg (in).xlsx,Sheet1,20114,program mbg keren banget bisa jadi solusi buat adik adik di papua biar makin maju,81,15,,,,,,,
label_sample_0228,mbg_crawl_010744,data crawl mbg (in).xlsx,Sheet1,10745,kalo disuruh pilih makanan kantin atau mbg aku pilih makanan kantin,67,11,,,,,,,
label_sample_0229,mbg_crawl_006256,data crawl mbg (in).xlsx,Sheet1,6257,mbg bawa kesempatan baru agar umkm tumbuh lebih besar mbgdorongekonomi,70,10,,,,,,,
label_sample_0230,mbg_crawl_005684,data crawl mbg (in).xlsx,Sheet1,5685,bro coba deh cari jejak digital si budiman sujatmiko bilang mbg cukup,69,12,,,,,,,
label_sample_0231,mbg_crawl_014553,data crawl mbg (in).xlsx,Sheet1,14554,diantara semua menu mbg menu ini yang paling sadfood wkwkwk,59,10,,,,,,,
label_sample_0232,mbg_crawl_067277,data crawl mbg (in).xlsx,Sheet1,67278,no need worry soal gizi umkm sediakan program makan bergizi gratis umkmdukungmbg,80,12,,,,,,,
label_sample_0233,mbg_crawl_046954,data crawl mbg (in).xlsx,Sheet1,46955,keren banget pemerintah program mbg bikin masa depan pendidikan indonesia cerah,79,11,,,,,,,
label_sample_0234,mbg_crawl_022027,data crawl mbg (in).xlsx,Sheet1,22028,menu sayur mbg di purworejo kedapatan basi telur rusak lewat,60,10,,,,,,,
label_sample_0235,mbg_crawl_041249,data crawl mbg (in).xlsx,Sheet1,41250,kita bisa lihat masa depan lebih cerah dengan program seperti mbg,65,11,,,,,,,
label_sample_0236,mbg_crawl_057685,data crawl mbg (in).xlsx,Sheet1,57686,babinsa sorong kota bantu pendistribusian makan bergizi gratis,62,8,,,,,,,
label_sample_0237,mbg_crawl_031145,data crawl mbg (in).xlsx,Sheet1,31146,menteri komdigi ngepost video promosi mbg hasil ai wkwkkwwk,59,9,,,,,,,
label_sample_0238,mbg_crawl_030331,data crawl mbg (in).xlsx,Sheet1,30332,mbg adalah program pembodohan bukan makanan bergizi tapi makanan pengotor gigi,78,11,,,,,,,
label_sample_0239,mbg_crawl_034408,data crawl mbg (in).xlsx,Sheet1,34409,mbg diutamain yg harusnya kerja malah joget y preaidennya joget,63,10,,,,,,,
label_sample_0240,mbg_crawl_046897,data crawl mbg (in).xlsx,Sheet1,46898,masyarakat sehat lapangan kerja bertambah semua untung dengan mbg,65,9,,,,,,,
label_sample_0241,mbg_crawl_023077,data crawl mbg (in).xlsx,Sheet1,23078,bersama tokoh agama mari kita dukung mbg untuk anak papua sehat,63,11,,,,,,,
label_sample_0242,mbg_crawl_015138,data crawl mbg (in).xlsx,Sheet1,15139,video peran dpr agar rp triliun di program mbg prabowo gak sia sia,66,13,,,,,,,
label_sample_0243,mbg_crawl_029733,data crawl mbg (in).xlsx,Sheet1,29734,mbg versiku meskipun ga tiap hari sebulan sekali pun aku bersyukur sekali,73,12,,,,,,,
label_sample_0244,mbg_crawl_013041,data crawl mbg (in).xlsx,Sheet1,13042,apakah semua siswa siswi sekolah di indonesia bisa merasakan mbg,64,10,,,,,,,
label_sample_0245,mbg_crawl_032503,data crawl mbg (in).xlsx,Sheet1,32504,bentar lgi restoran hotel ikutan tender supplier mbg wkwkkw,59,9,,,,,,,
label_sample_0246,mbg_crawl_020680,data crawl mbg (in).xlsx,Sheet1,20681,tetep top dengan evaluasi gratis mbg makin superb mbgselektifdanhigienis,72,9,,,,,,,
label_sample_0247,mbg_crawl_022740,data crawl mbg (in).xlsx,Sheet1,22741,hah maksudnya apa sih meninjau mbg kok malah bagi skincare woy kerja yang bener,79,14,,,,,,,
label_sample_0248,mbg_crawl_043800,data crawl mbg (in).xlsx,Sheet1,43801,papua menanti program mbg jadi kenyataan di seluruh daerah mbgpapua,67,10,,,,,,,
label_sample_0249,mbg_crawl_042553,data crawl mbg (in).xlsx,Sheet1,42554,kantin sekolah jadi tempat seru yang penuh nutrisi bareng program mbg,69,11,,,,,,,
label_sample_0250,mbg_crawl_043318,data crawl mbg (in).xlsx,Sheet1,43319,dengan mbg sumbar bantu juta orang sehat dan kuat hadapi hari,61,11,,,,,,,
label_sample_0251,mbg_crawl_006687,data crawl mbg (in).xlsx,Sheet1,6688,mbg adalah booster buat umkm pangan supaya bisa bersinar mbgdorongekonomi,73,10,,,,,,,
label_sample_0252,mbg_crawl_012166,data crawl mbg (in).xlsx,Sheet1,12167,tebak nama grup wa yang isinya tsamara deddy dkk utk melawan kritik mbg,71,13,,,,,,,
label_sample_0253,mbg_crawl_068536,data crawl mbg (in).xlsx,Sheet1,68537,makan bergizi gratis ini bikin anak anak lebih bahagia dan bertenaga,68,11,,,,,,,
label_sample_0254,mbg_crawl_035309,data crawl mbg (in).xlsx,Sheet1,35310,ahli gizi mbg dan stafnya bisa tersenyum lebaran ini gaji cair sebelum waktunya,79,13,,,,,,,
label_sample_0255,mbg_crawl_010381,data crawl mbg (in).xlsx,Sheet1,10382,salah gambarnya di mana sih ada mbg yg sayur dan lauknya sebanyak itu,69,13,,,,,,,
label_sample_0256,mbg_crawl_020948,data crawl mbg (in).xlsx,Sheet1,20949,engga bu kan lagi efisiensi mungkin pake uangnya prabowo seperti mbg,68,11,,,,,,,
label_sample_0257,mbg_crawl_067182,data crawl mbg (in).xlsx,Sheet1,67183,program makan bergizi gratis jadi nyata berkat dukungan umkm umkmdukungmbg,74,10,,,,,,,
label_sample_0258,mbg_crawl_013000,data crawl mbg (in).xlsx,Sheet1,13001,prabowo respons wacana dana zakat digunakan untuk program mbg ini penjelasannya,79,11,,,,,,,
label_sample_0259,mbg_crawl_043373,data crawl mbg (in).xlsx,Sheet1,43374,udah dibilang dari awal mbg ini cuma sebagai sarana buat korupsi,64,11,,,,,,,
label_sample_0260,mbg_crawl_038003,data crawl mbg (in).xlsx,Sheet1,38004,tolak mbg minta pendidikan gratis begitu dikirim guru malah di bantai,69,11,,,,,,,
label_sample_0261,mbg_crawl_041308,data crawl mbg (in).xlsx,Sheet1,41309,bukannya buat ningkatin kualitas mbg malah dipake bayar buzzer,62,9,,,,,,,
label_sample_0262,mbg_crawl_034340,data crawl mbg (in).xlsx,Sheet1,34341,program mbg mendukung percepatan perkembangan ekonomi negara,60,7,,,,,,,
label_sample_0263,mbg_crawl_056890,data crawl mbg (in).xlsx,Sheet1,56891,koramil umbulharjo sukseskan program makan bergizi gratis di wilayah binaan,75,10,,,,,,,
label_sample_0264,mbg_crawl_004441,data crawl mbg (in).xlsx,Sheet1,4442,no wonder anakuoneanga kijana shika adabu na adabu ikushike mshikamane,70,10,,,,,,,
label_sample_0265,mbg_crawl_064645,data crawl mbg (in).xlsx,Sheet1,64646,pemprov kalbar siap luncurkan program makan bergizi gratis untuk pelajar bnetwork,81,11,,,,,,,
label_sample_0266,mbg_crawl_015848,data crawl mbg (in).xlsx,Sheet1,15849,kalo negara belom siap jalankan program mbg mending ditunda dulu atau dibatalkan,80,12,,,,,,,
label_sample_0267,mbg_crawl_019529,data crawl mbg (in).xlsx,Sheet1,19530,semakin banyak dukungan semakin sukses program mbg buat papua,61,9,,,,,,,
label_sample_0268,mbg_crawl_014956,data crawl mbg (in).xlsx,Sheet1,14957,bertemu pm ishiba shigeru presiden prabowo pastikan jepang bantu program mbg,76,11,,,,,,,
label_sample_0269,mbg_crawl_046855,data crawl mbg (in).xlsx,Sheet1,46856,bakti untuk negeri babinsa serui bahagia terlibat langsung distribusi mbg,73,10,,,,,,,
label_sample_0270,mbg_crawl_024587,data crawl mbg (in).xlsx,Sheet1,24588,diperlukan dapur sehat mbg untuk melayani ribu pelajar di gunungkidul,69,10,,,,,,,
label_sample_0271,mbg_crawl_040936,data crawl mbg (in).xlsx,Sheet1,40937,program mbg bangkitkan ekonomi lokal lewat produk susu keren,60,9,,,,,,,
label_sample_0272,mbg_crawl_062400,data crawl mbg (in).xlsx,Sheet1,62401,bersama dukung makan bergizi gratis cegah stunting biar anak sekolah tambah sehat,81,12,,,,,,,
label_sample_0273,mbg_crawl_064676,data crawl mbg (in).xlsx,Sheet1,64677,biar gak nongol terus bisa gak aguz dikasih program makan bergizi gratis biar diem,82,14,,,,,,,
label_sample_0274,mbg_crawl_035202,data crawl mbg (in).xlsx,Sheet1,35203,presiden udah siapin rencana buat program mbg tetap jalan walau ada banjir,74,12,,,,,,,
label_sample_0275,mbg_crawl_056375,data crawl mbg (in).xlsx,Sheet1,56376,sukseskan makan bergizi gratis makanbergizigratis mbg papua,59,7,,,,,,,
label_sample_0276,mbg_crawl_005658,data crawl mbg (in).xlsx,Sheet1,5659,w dah bosen bebeh bgt tiap matkul bahasannya mbg mulu apalagi susu ikan,71,13,,,,,,,
label_sample_0277,mbg_crawl_046377,data crawl mbg (in).xlsx,Sheet1,46378,program mbg di magelang tetap berjalan saat ramadan begini menu dan distribusinya,81,12,,,,,,,
label_sample_0278,mbg_crawl_053616,data crawl mbg (in).xlsx,Sheet1,53617,apakah program makan bergizi gratis prabowo buruk bagi perekonomian,67,9,,,,,,,
label_sample_0279,mbg_crawl_033850,data crawl mbg (in).xlsx,Sheet1,33851,distribusi program mbg tetap dijalankan meski ada banjir dari presiden,70,10,,,,,,,
label_sample_0280,mbg_crawl_016257,data crawl mbg (in).xlsx,Sheet1,16258,umkm give full support untuk program mbg demi masyarakat sehat umkmdukungmbg,76,11,,,,,,,
label_sample_0281,mbg_crawl_035361,data crawl mbg (in).xlsx,Sheet1,35362,lebaran lebih seru kalo gaji udah aman di rekening terima kasih buat staf gizi mbg,82,15,,,,,,,
label_sample_0282,mbg_crawl_063827,data crawl mbg (in).xlsx,Sheet1,63828,program makan bergizi gratis gerakan perekonomian lokal penuhigiziindonesia,75,8,,,,,,,
label_sample_0283,mbg_crawl_011576,data crawl mbg (in).xlsx,Sheet1,11577,lebih dari sekedar gerakan mbg adalah gaya hidup sehat dengan produk lokal,74,12,,,,,,,
label_sample_0284,mbg_crawl_043317,data crawl mbg (in).xlsx,Sheet1,43318,bangga jadi bagian dari perubahan positif ini program mbg emang juara,69,11,,,,,,,
label_sample_0285,mbg_crawl_056440,data crawl mbg (in).xlsx,Sheet1,56441,hilang cerita makan bergizi gratis anak sekolah sudah puasa siap tu libur panjang,81,13,,,,,,,
label_sample_0286,mbg_crawl_010411,data crawl mbg (in).xlsx,Sheet1,10412,nasi kotak buat artis pasti budgetnya k up gak sih lah mbg berapa,65,13,,,,,,,
label_sample_0287,mbg_crawl_023375,data crawl mbg (in).xlsx,Sheet1,23376,program mbg salah satu solusi terbaik untuk anak papua kita dukung yuk,70,12,,,,,,,
label_sample_0288,mbg_crawl_010357,data crawl mbg (in).xlsx,Sheet1,10358,mbg jalan harga pangan naik gk pak kmi gk trimakasih nambah beban rakyat aj,75,14,,,,,,,
label_sample_0289,mbg_crawl_011527,data crawl mbg (in).xlsx,Sheet1,11528,ikutan mbg biar tubuh lebih fit dan petani lokal makin dipanggil pahlawan,73,12,,,,,,,
label_sample_0290,mbg_crawl_047597,data crawl mbg (in).xlsx,Sheet1,47598,langkah besar dari mbg buat pendidikan papua jadi makin terjangkau dan fleksibel,80,12,,,,,,,
label_sample_0291,mbg_crawl_060197,data crawl mbg (in).xlsx,Sheet1,60198,walau sebenarnya makan bergizi gratis itu ga benar benar gratis,63,10,,,,,,,
label_sample_0292,mbg_crawl_047278,data crawl mbg (in).xlsx,Sheet1,47279,keren upaya pemerintah dan militer buat dukung pendidikan lewat program mbg,75,11,,,,,,,
label_sample_0293,mbg_crawl_071841,data crawl mbg (in).xlsx,Sheet1,71842,pemerintah pastikan mbg buat juta jiwa langkah optimis dan keren abis,69,11,,,,,,,
label_sample_0294,mbg_crawl_034877,data crawl mbg (in).xlsx,Sheet1,34878,presiden totalitas pastikan lintas aliran mbg tetap sampai di setiap daerah banjir,82,12,,,,,,,
label_sample_0295,mbg_crawl_055242,data crawl mbg (in).xlsx,Sheet1,55243,sekolah di papua akan diberdayakan menjadi dapur makan bergizi gratis,69,10,,,,,,,
label_sample_0296,mbg_crawl_043258,data crawl mbg (in).xlsx,Sheet1,43259,di balik generasi sehat ada juta penerima mbg di sumbar salute for a better future,82,15,,,,,,,
label_sample_0297,mbg_crawl_003454,data crawl mbg (in).xlsx,Sheet1,3455,video pro kontra susu ikan vs susu sapi di program mbg prabowo,62,12,,,,,,,
label_sample_0298,mbg_crawl_033612,data crawl mbg (in).xlsx,Sheet1,33613,meski banjir tak kunjung usai presiden pastikan program mbg berlanjut,69,10,,,,,,,
label_sample_0299,mbg_crawl_015693,data crawl mbg (in).xlsx,Sheet1,15694,kompak bener semua mendukung mbg ekonomi rakyat jadi prioritas,62,9,,,,,,,
label_sample_0300,mbg_crawl_043061,data crawl mbg (in).xlsx,Sheet1,43062,kepedulian sumbar layak dicontoh program mbg bawa dampak positif untuk banyak orang,83,12,,,,,,,
label_sample_0301,mbg_crawl_025773,data crawl mbg (in).xlsx,Sheet1,25774,dana mbg hadir pendidikan tetap adem sinergimencerdaskanbangsa,62,7,,,,,,,
label_sample_0302,mbg_crawl_045138,data crawl mbg (in).xlsx,Sheet1,45139,kebijakan mbg di papua diapresiasi warga harap dampaknya bisa jauh ke depan,75,12,,,,,,,
label_sample_0303,mbg_crawl_069092,data crawl mbg (in).xlsx,Sheet1,69093,makan bergizi gratis mantap jiwa semua bisa dapat makanan sehat makanbergiziponpes,82,11,,,,,,,
label_sample_0304,mbg_crawl_011505,data crawl mbg (in).xlsx,Sheet1,11506,siswa sd di sukoharjo keracunan mbg dpr jangan digeneralisir jadi sebuah kegagalan,82,12,,,,,,,
label_sample_0305,mbg_crawl_046653,data crawl mbg (in).xlsx,Sheet1,46654,mbok uwess ah mbg teroos negara genting kayak gini masih aja mbg,64,12,,,,,,,
label_sample_0306,mbg_crawl_064354,data crawl mbg (in).xlsx,Sheet1,64355,sudah kudugem makan bergizi gratis bakalan ada kasus keracunan tipikal konoha,77,11,,,,,,,
label_sample_0307,mbg_crawl_030564,data crawl mbg (in).xlsx,Sheet1,30565,sok peduli anak global dulu aja bikin program mbg bt anak indonesia diejekk,75,13,,,,,,,
label_sample_0308,mbg_crawl_058075,data crawl mbg (in).xlsx,Sheet1,58076,ragil gojo lihat dengar pahami sabrina siang makan bergizi gratis,65,10,,,,,,,
label_sample_0309,mbg_crawl_071802,data crawl mbg (in).xlsx,Sheet1,71803,generasi sehat dimulai dari dukungan kita semua untuk papua barat daya dengan mbg,81,13,,,,,,,
label_sample_0310,mbg_crawl_015849,data crawl mbg (in).xlsx,Sheet1,15850,perancis suruh lihat menu mbg yg minimalis kalau nggak nangis,61,10,,,,,,,
label_sample_0311,mbg_crawl_028908,data crawl mbg (in).xlsx,Sheet1,28909,kalo anggaran mbg dipotong bisa bisa jatah makannya cuman ribu rupiah dong,74,12,,,,,,,
label_sample_0312,mbg_crawl_040616,data crawl mbg (in).xlsx,Sheet1,40617,keberhasilan mbg bergantung pada integritas dan akuntabilitas,61,7,,,,,,,
label_sample_0313,mbg_crawl_011586,data crawl mbg (in).xlsx,Sheet1,11587,anggota dpr dorong pemerintah kuatkan pengawasan makanan dalam mbg,66,9,,,,,,,
label_sample_0314,mbg_crawl_053621,data crawl mbg (in).xlsx,Sheet1,53622,makan bergizi gratis itu jadi taktik perang dagang dgn amrik tak tik apaan tuh,78,14,,,,,,,
label_sample_0315,mbg_crawl_059471,data crawl mbg (in).xlsx,Sheet1,59472,langkah prabowo dengan makan bergizi gratis adalah solusi hebat,63,9,,,,,,,
label_sample_0316,mbg_crawl_016387,data crawl mbg (in).xlsx,Sheet1,16388,pokoknya tim mbg dan umkm bikin hidup sehat itu jadi lebih realistis umkmdukungmbg,82,13,,,,,,,
label_sample_0317,mbg_crawl_064760,data crawl mbg (in).xlsx,Sheet1,64761,muncul usulan makan bergizi gratis minta dibiayai zakat pan berikan respon,74,11,,,,,,,
label_sample_0318,mbg_crawl_027553,data crawl mbg (in).xlsx,Sheet1,27554,kali aja jadi staf khusus buat nakut in anak yg gak mau makan mbg,65,14,,,,,,,
label_sample_0319,mbg_crawl_062372,data crawl mbg (in).xlsx,Sheet1,62373,program makan bergizi gratis menurunkan angka stunting di papua papuasejahtera,78,10,,,,,,,
label_sample_0320,mbg_crawl_003246,data crawl mbg (in).xlsx,Sheet1,3247,wakil presiden terpilih uji coba program mbg di kota tangerang,62,10,,,,,,,
label_sample_0321,mbg_crawl_053264,data crawl mbg (in).xlsx,Sheet1,53265,generasi sehat bukan sekedar wacana dengan adanya program makan bergizi gratis ini,82,12,,,,,,,
label_sample_0322,mbg_crawl_023861,data crawl mbg (in).xlsx,Sheet1,23862,mbg memicu perkembangan pesat anak papua ke arah lebih baik,59,10,,,,,,,
label_sample_0323,mbg_crawl_006489,data crawl mbg (in).xlsx,Sheet1,6490,bukan soal modal tapi strategi mbg kasih insight nya mbgdorongekonomi,69,10,,,,,,,
label_sample_0324,mbg_crawl_056454,data crawl mbg (in).xlsx,Sheet1,56455,puasaa yuk dengan makan bergizi gratis ayo dukung agar tetap jalan,66,11,,,,,,,
label_sample_0325,mbg_crawl_063932,data crawl mbg (in).xlsx,Sheet1,63933,program makan bergizi gratis untuk anak anak indonesia penuhigiziindonesia,74,9,,,,,,,
label_sample_0326,mbg_crawl_021531,data crawl mbg (in).xlsx,Sheet1,21532,ã ã pada baik bgtt full dpt makan enakk dan bneran gratiss rill mbg,67,14,,,,,,,
label_sample_0327,mbg_crawl_033664,data crawl mbg (in).xlsx,Sheet1,33665,presiden yakinkan program mbg tersalur meski banjir melanda,59,8,,,,,,,
label_sample_0328,mbg_crawl_010359,data crawl mbg (in).xlsx,Sheet1,10360,jubir kepresidenan menu susu di mbg diprioritaskan bagi daerah penghasil,72,10,,,,,,,
label_sample_0329,mbg_crawl_018635,data crawl mbg (in).xlsx,Sheet1,18636,keracunan usai konsumsi mbg belasan murid sd di takalar dilarikan ke puskesmas,78,12,,,,,,,
label_sample_0330,mbg_crawl_057178,data crawl mbg (in).xlsx,Sheet1,57179,kodim oku panen sayur dukung program makan bergizi gratis untuk masyarakat,74,11,,,,,,,
label_sample_0331,mbg_crawl_027952,data crawl mbg (in).xlsx,Sheet1,27953,ya kali udh dukung mbg sampe berani keluar kata tabok ga diangkat,65,12,,,,,,,
label_sample_0332,mbg_crawl_068683,data crawl mbg (in).xlsx,Sheet1,68684,iya kan pak kasih lah mereka ini makan bergizi gratis biar ga stunting otaknya,78,14,,,,,,,
label_sample_0333,mbg_crawl_037507,data crawl mbg (in).xlsx,Sheet1,37508,daripada bayar buzzer bot mending cairin gaji pegawai mbg ya min,64,11,,,,,,,
label_sample_0334,mbg_crawl_029942,data crawl mbg (in).xlsx,Sheet1,29943,mbg lebih parah daripada pandemi covid waktu covid aja tetep cair,65,11,,,,,,,
label_sample_0335,mbg_crawl_066799,data crawl mbg (in).xlsx,Sheet1,66800,umkm ngeluarin peran penting untuk bantu makan bergizi gratis umkmdukungmbg,75,10,,,,,,,
label_sample_0336,mbg_crawl_067913,data crawl mbg (in).xlsx,Sheet1,67914,intip menu makan bergizi gratis hingga proses pembagiannya ke siswa di makassar,79,12,,,,,,,
label_sample_0337,mbg_crawl_047565,data crawl mbg (in).xlsx,Sheet1,47566,mirip siapa gitu yaa digencarkan program mbg ketimbang pendidikan gratis lagulama,81,11,,,,,,,
label_sample_0338,mbg_crawl_036534,data crawl mbg (in).xlsx,Sheet1,36535,presiden ambil tindakan nyata agar mbg tetap ada di masa banjir,63,11,,,,,,,
label_sample_0339,mbg_crawl_066826,data crawl mbg (in).xlsx,Sheet1,66827,almuniza banda aceh siap laksanakan program makan bergizi gratis,64,9,,,,,,,
label_sample_0340,mbg_crawl_054786,data crawl mbg (in).xlsx,Sheet1,54787,ketua bgn ungkap faktor kunci sukses program makan bergizi gratis,65,10,,,,,,,
label_sample_0341,mbg_crawl_046559,data crawl mbg (in).xlsx,Sheet1,46560,gerakan program mbg papua barat bawa angin segar untuk masa depan sehat,71,12,,,,,,,
label_sample_0342,mbg_crawl_034455,data crawl mbg (in).xlsx,Sheet1,34456,potensi mo di betak untuk kemana lagi si untuk mbg yang ga seberapa itu,71,14,,,,,,,
label_sample_0343,mbg_crawl_016208,data crawl mbg (in).xlsx,Sheet1,16209,program mbg jadi makin ciamik berkat kontribusi cerdas dari umkm umkmdukungmbg,78,11,,,,,,,
label_sample_0344,mbg_crawl_026394,data crawl mbg (in).xlsx,Sheet1,26395,mbg makan bergizi gratis ï x f makan bersyukur gratis ï x f,59,13,,,,,,,
label_sample_0345,mbg_crawl_035180,data crawl mbg (in).xlsx,Sheet1,35181,presiden punya tindak lanjut pastikan mbg di wilayah banjir,59,9,,,,,,,
label_sample_0346,mbg_crawl_069356,data crawl mbg (in).xlsx,Sheet1,69357,berarti makan siang gratis harusnya gak rb ya per porsi biar dpt yg bergizi,75,14,,,,,,,
label_sample_0347,mbg_crawl_028883,data crawl mbg (in).xlsx,Sheet1,28884,atau mbg yang t hr pdhl mbg seminggu bisa buat beli vaksin setahun,66,13,,,,,,,
label_sample_0348,mbg_crawl_032764,data crawl mbg (in).xlsx,Sheet1,32765,mbg bantu umkm capai potensi maksimalnya tanpa batas mbgdorongekonomi,69,9,,,,,,,
label_sample_0349,mbg_crawl_037270,data crawl mbg (in).xlsx,Sheet1,37271,salut buat semua yang udah saling support untuk kesuksesan mbg papua,68,11,,,,,,,
label_sample_0350,mbg_crawl_044634,data crawl mbg (in).xlsx,Sheet1,44635,politik gak ngaruh ke kehidupan kita makan noh mbg minyak oplosan dll,69,12,,,,,,,
label_sample_0351,mbg_crawl_061526,data crawl mbg (in).xlsx,Sheet1,61527,umkm maju dengan program makan gratis bergizi ini mbgdorongekonomi,66,9,,,,,,,
label_sample_0352,mbg_crawl_048013,data crawl mbg (in).xlsx,Sheet1,48014,nah itu dia pake pengurangan anggaran yg katanya buat mbg ternyata buat dana,76,13,,,,,,,
label_sample_0353,mbg_crawl_040413,data crawl mbg (in).xlsx,Sheet1,40414,weekend produktif dirjen agung gandeng peternak olah susu lokal untuk mbg,73,11,,,,,,,
label_sample_0354,mbg_crawl_034486,data crawl mbg (in).xlsx,Sheet1,34487,yauda hapus aja program mbg sm danantara dananya dialihin buat hapus kemiskinan,79,12,,,,,,,
label_sample_0355,mbg_crawl_056495,data crawl mbg (in).xlsx,Sheet1,56496,tantangan program makan bergizi gratis di malang masih minim libatkan masyarakat,80,11,,,,,,,
label_sample_0356,mbg_crawl_022834,data crawl mbg (in).xlsx,Sheet1,22835,sama seperti yg dimaksudkan pemerintah serangga akan di jadikan menu mbg,72,11,,,,,,,
label_sample_0357,mbg_crawl_033578,data crawl mbg (in).xlsx,Sheet1,33579,wilayah banjir tetap perhatian presiden pastiin program mbg atur terus sampe beres,82,12,,,,,,,
label_sample_0358,mbg_crawl_059063,data crawl mbg (in).xlsx,Sheet1,59064,dikasih pilihan pendidikan gratis malah pilih makan bergizi gratis aja udh aneh,79,12,,,,,,,
label_sample_0359,mbg_crawl_011791,data crawl mbg (in).xlsx,Sheet1,11792,pemerintah perhatikan surat kaleng dari anak anak dalam program mbg,67,10,,,,,,,
label_sample_0360,mbg_crawl_006718,data crawl mbg (in).xlsx,Sheet1,6719,mantap banget mbg ini peluang buat setiap umkm buat bersinar mbgdorongekonomi,77,11,,,,,,,
label_sample_0361,mbg_crawl_019600,data crawl mbg (in).xlsx,Sheet1,19601,program mbg bikin kita yakin masa depan anak bangsa ada di jalur yang tepat,75,14,,,,,,,
label_sample_0362,mbg_crawl_062459,data crawl mbg (in).xlsx,Sheet1,62460,bgn pertimbangkan ulat sagu hingga belalang jadi menu program makan bergizi gratis,82,12,,,,,,,
label_sample_0363,mbg_crawl_026602,data crawl mbg (in).xlsx,Sheet1,26603,kemarin aku bilang ke temenku kalau mbg itu kurang efektif tapi responnya,73,12,,,,,,,
label_sample_0364,mbg_crawl_040937,data crawl mbg (in).xlsx,Sheet1,40938,penginisiasi bagus nih dari program mbg sinergikan peternak lokal dengan gizi sehat,83,12,,,,,,,
label_sample_0365,mbg_crawl_016317,data crawl mbg (in).xlsx,Sheet1,16318,kerjasama umkm sunda sama mbg bikin pangan sehat makin dikenal luas umkmdukungmbg,81,12,,,,,,,
label_sample_0366,mbg_crawl_019526,data crawl mbg (in).xlsx,Sheet1,19527,setiap baca mbg yang muncul dipikiran aku mall bali galeria,59,10,,,,,,,
label_sample_0367,mbg_crawl_040899,data crawl mbg (in).xlsx,Sheet1,40900,program mbg di papua pegunungan emang keren banget dengan dukungan kita semua,77,12,,,,,,,
label_sample_0368,mbg_crawl_033514,data crawl mbg (in).xlsx,Sheet1,33515,super mbg buktiin kalau kesejahteraan dimulai dari anak dan ibu,63,10,,,,,,,
label_sample_0369,mbg_crawl_041767,data crawl mbg (in).xlsx,Sheet1,41768,lombok timur dukung mbg dengan memanfaatkan teknologi bioflok,61,8,,,,,,,
label_sample_0370,mbg_crawl_034999,data crawl mbg (in).xlsx,Sheet1,35000,owalah mending daptar di dapur mbg aja dan digaji sesuai ump,60,11,,,,,,,
label_sample_0371,mbg_crawl_033357,data crawl mbg (in).xlsx,Sheet1,33358,mampus lo indon makin diinjek yabg penting kenyang mbg omke gas omke gas,72,13,,,,,,,
label_sample_0372,mbg_crawl_014742,data crawl mbg (in).xlsx,Sheet1,14743,dinkes kotim pastikan menu mbg penuhi standar kecukupan gizi,60,9,,,,,,,
label_sample_0373,mbg_crawl_047117,data crawl mbg (in).xlsx,Sheet1,47118,semua semangat buat masa depan pendidikan program mbg bukti nyata kita bisa,75,12,,,,,,,
label_sample_0374,mbg_crawl_027776,data crawl mbg (in).xlsx,Sheet1,27777,trus kenapa harus maksain mbg kita juga paham kalo emang program itu ga diterusin,81,14,,,,,,,
label_sample_0375,mbg_crawl_045223,data crawl mbg (in).xlsx,Sheet1,45224,apresiasi penting dari warga papua untuk kebijakan mbg jadi bukti keberhasilan,78,11,,,,,,,
label_sample_0376,mbg_crawl_056953,data crawl mbg (in).xlsx,Sheet1,56954,ayo ikuti langkah pemuda papua dalam program makan bergizi gratis,65,10,,,,,,,
label_sample_0377,mbg_crawl_017280,data crawl mbg (in).xlsx,Sheet1,17281,program mbg bisa jadi solusi untuk stabilitas harga dan ketahanan pangan,72,11,,,,,,,
label_sample_0378,mbg_crawl_037904,data crawl mbg (in).xlsx,Sheet1,37905,dan pemerintah dunia pengen belajar mbg dr indonesia dengan dikasih batagor,75,11,,,,,,,
label_sample_0379,mbg_crawl_020777,data crawl mbg (in).xlsx,Sheet1,20778,terlihat dari aksi knpb penolakan mbg di papua makin bertenaga,62,10,,,,,,,
label_sample_0380,mbg_crawl_010965,data crawl mbg (in).xlsx,Sheet1,10966,deddy cahyadi masalah perawan dan anak kecil mengenai mbg mau dipukul,69,11,,,,,,,
label_sample_0381,mbg_crawl_047272,data crawl mbg (in).xlsx,Sheet1,47273,salut buat pemerintah dan pangdam kasuari program mbg beneran oke,65,10,,,,,,,
label_sample_0382,mbg_crawl_040967,data crawl mbg (in).xlsx,Sheet1,40968,cintai lokal dengan program mbg yang luncurkan susu jadi solusi gizi,68,11,,,,,,,
label_sample_0383,mbg_crawl_043808,data crawl mbg (in).xlsx,Sheet1,43809,makanan dari mbg bulan puasa ini bikin semangat beda menunya tetap sehat,72,12,,,,,,,
label_sample_0384,mbg_crawl_009442,data crawl mbg (in).xlsx,Sheet1,9443,bpjs lbh penting dr mbg pmerintah udh salah fatal dlm mengambil prioritas,73,12,,,,,,,
label_sample_0385,mbg_crawl_071637,data crawl mbg (in).xlsx,Sheet1,71638,iya yg saya heran tuh kata merata maksudnya apa sih sdh merata semua daerah dpt mbg,83,16,,,,,,,
label_sample_0386,mbg_crawl_005099,data crawl mbg (in).xlsx,Sheet1,5100,solaria di mbg ni pindah apa gimana sii udh muter tetep gak nemu,64,13,,,,,,,
label_sample_0387,mbg_crawl_024039,data crawl mbg (in).xlsx,Sheet1,24040,papua yang sejahtera tercermin dari anak anak yang terdidik berkat program mbg,78,12,,,,,,,
label_sample_0388,mbg_crawl_024223,data crawl mbg (in).xlsx,Sheet1,24224,berisik bgt kayak bakal diangkat status aje kurawa dedy chef mbg,64,11,,,,,,,
label_sample_0389,mbg_crawl_070521,data crawl mbg (in).xlsx,Sheet1,70522,turu sebelum wowo dateng nyuapin mbg kematian em em em bege,59,11,,,,,,,
label_sample_0390,mbg_crawl_047528,data crawl mbg (in).xlsx,Sheet1,47529,coba tanya dana buat mbg nya sebagian kemana sampe nasinya basi wkwkwk,70,12,,,,,,,
label_sample_0391,mbg_crawl_032708,data crawl mbg (in).xlsx,Sheet1,32709,what if prabowo sengaja bikin mbg prioritas krn gamau duit nya dipaksa buat ikn,79,14,,,,,,,
label_sample_0392,mbg_crawl_014344,data crawl mbg (in).xlsx,Sheet1,14345,pangdam udayana apresiasi bupati jembrana laksanakan makan bergizi gratis mbg,77,10,,,,,,,
label_sample_0393,mbg_crawl_007988,data crawl mbg (in).xlsx,Sheet1,7989,keluar juga cecunguknya ngebelain statemen serangga jadi menu mbg,65,9,,,,,,,
label_sample_0394,mbg_crawl_005349,data crawl mbg (in).xlsx,Sheet1,5350,program mbg bikin makan sehat jadi seru dan gampang makanbergizibangunnegeri,76,10,,,,,,,
label_sample_0395,mbg_crawl_069282,data crawl mbg (in).xlsx,Sheet1,69283,yaallah makan gratis bergizi dari mana gue yg liatnya aja gak nafsu apalagi anak,80,14,,,,,,,
label_sample_0396,mbg_crawl_017487,data crawl mbg (in).xlsx,Sheet1,17488,dapur umum mbg bantul memungkinkan digelar di pondok pesantren,62,9,,,,,,,
label_sample_0397,mbg_crawl_006729,data crawl mbg (in).xlsx,Sheet1,6730,permintaan meningkat produksi umkm pangan makin greget dibantu mbg mbgdorongekonomi,83,10,,,,,,,
label_sample_0398,mbg_crawl_015517,data crawl mbg (in).xlsx,Sheet1,15518,dukung mbg yuk biar setiap lapisan masyarakat dapet berkah dari program kerennya,80,12,,,,,,,
label_sample_0399,mbg_crawl_047363,data crawl mbg (in).xlsx,Sheet1,47364,selama kita kompak dukung mbg masa depan pendidikan anak bangsa lebih cerah,75,12,,,,,,,
label_sample_0400,mbg_crawl_022035,data crawl mbg (in).xlsx,Sheet1,22036,dana otsus dan mbg berikan pendidikan berkualitas dan hidup sehat untuk papua,77,12,,,,,,,
label_sample_0401,mbg_crawl_029919,data crawl mbg (in).xlsx,Sheet1,29920,ketua komisi xi pro penghematan anggaran dan mbg adem senyap kl soal coretax,76,13,,,,,,,
label_sample_0402,mbg_crawl_020729,data crawl mbg (in).xlsx,Sheet1,20730,program kian berkualitas lewat evaluasi gratis mbg yg intens mbgselektifdanhigienis,83,10,,,,,,,
label_sample_0403,mbg_crawl_025751,data crawl mbg (in).xlsx,Sheet1,25752,papua siap sambut laju mbg dengan target juta penerima pada tahun,65,11,,,,,,,
label_sample_0404,mbg_crawl_035365,data crawl mbg (in).xlsx,Sheet1,35366,mbg kan mau didanain mereka dgn syarat ambil barang dari mereka jg jadi yg bego siapa,85,16,,,,,,,
label_sample_0405,mbg_crawl_044522,data crawl mbg (in).xlsx,Sheet1,44523,salut buat mbg yang di bulan puasa ini tetap boosts kita dengan menu beragam dan sehat,86,16,,,,,,,
label_sample_0406,mbg_crawl_031789,data crawl mbg (in).xlsx,Sheet1,31790,pemanfaatan dana mbg buat sekolah bisa bikin generasi cerdas makin kreatif kolaborasitingkatkanpendidikan,105,12,,,,,,,
label_sample_0407,mbg_crawl_052712,data crawl mbg (in).xlsx,Sheet1,52713,program makan bergizi gratis di papua dapet dukungan penuh semoga makin banyak anak sehat dan ceria,99,16,,,,,,,
label_sample_0408,mbg_crawl_049214,data crawl mbg (in).xlsx,Sheet1,49215,pelajar di papua kembali berdemo menolak makanbergizigratis keqnya cuma anies yang paham beginian,97,13,,,,,,,
label_sample_0409,mbg_crawl_014302,data crawl mbg (in).xlsx,Sheet1,14303,usul supaya gaji dpr dpd dan pejabat negara yg besarnya diatas jt dipotong buat nyumbang mbg,92,16,,,,,,,
label_sample_0410,mbg_crawl_071593,data crawl mbg (in).xlsx,Sheet1,71594,indonesia kalo diajak diskusi nanti ga nyambung prabowo masi bingung mbg sama danantara,87,13,,,,,,,
label_sample_0411,mbg_crawl_029480,data crawl mbg (in).xlsx,Sheet1,29481,mbg makin seru aparat terus kawal keamanan sekolah di papua biar semua bisa belajar dengan tenang,97,16,,,,,,,
label_sample_0412,mbg_crawl_027729,data crawl mbg (in).xlsx,Sheet1,27730,pemerintah akan menindak opm secara tegas apabila mbg papua menjadi target teror papua,86,13,,,,,,,
label_sample_0413,mbg_crawl_013523,data crawl mbg (in).xlsx,Sheet1,13524,solusi makan gratis itu sederhana dan gampang banget sisa komfers mbg di hapus dari program prioritas selesai clear,115,18,,,,,,,
label_sample_0414,mbg_crawl_012489,data crawl mbg (in).xlsx,Sheet1,12490,dan banyak prorgram yang bisa lebih sustainable daripada mbg mbg ini yang bakal gitu terus sampe kapanpun,105,17,,,,,,,
label_sample_0415,mbg_crawl_024124,data crawl mbg (in).xlsx,Sheet1,24125,anakã mau dibuat pinter dengan dikasih makan gratis how lagian sampe sekarang aja adek gue belom dapet tuh mbg,110,19,,,,,,,
label_sample_0416,mbg_crawl_065700,data crawl mbg (in).xlsx,Sheet1,65701,salut sama pm jepang yang concern sama isu makan bergizi gratis semoga berkelanjutan sinergiindonesiajepang,107,14,,,,,,,
label_sample_0417,mbg_crawl_027206,data crawl mbg (in).xlsx,Sheet1,27207,pemerintah gercep buat pastikan masyarakat dapet gizi terbaik mbg penuhi gizi penuhigiziindonesia,97,12,,,,,,,
label_sample_0418,mbg_crawl_010247,data crawl mbg (in).xlsx,Sheet1,10248,jgn merendah kang gw melihat seni mengatur mie bisa pada lurus rapih gitu jgn disamain sama mbg,95,17,,,,,,,
label_sample_0419,mbg_crawl_071940,data crawl mbg (in).xlsx,Sheet1,71941,gabungan kekuatan yusen tabuni dan mbg papua bawa semangat baru ke pembangunan daerah,85,13,,,,,,,
label_sample_0420,mbg_crawl_016698,data crawl mbg (in).xlsx,Sheet1,16699,peran umkm dalam mbg jadi contoh baik untuk menciptakan akses pangan sehat bagi semua kalangan umkmdukungmbg,108,16,,,,,,,
label_sample_0421,mbg_crawl_016485,data crawl mbg (in).xlsx,Sheet1,16486,kalo bukan karena umkm mungkin sistem mbg tidak akan seterkenal hari ini umkmdukungmbg,86,13,,,,,,,
label_sample_0422,mbg_crawl_021850,data crawl mbg (in).xlsx,Sheet1,21851,jir hahaha kayaknya dulu pernah viral prediksi akhir feb maret bakalan bnyk kasus keracunann mbg beneran dongg,110,17,,,,,,,
label_sample_0423,mbg_crawl_007948,data crawl mbg (in).xlsx,Sheet1,7949,anggaran rb siswa u satu minggu seminggu hari sekolah jadi sehari rb mirip mbg di konoha,88,16,,,,,,,
label_sample_0424,mbg_crawl_031750,data crawl mbg (in).xlsx,Sheet1,31751,yuk fasilitasi sekolah dengan lebih baik lewat program mbg demi pembelajaran maksimal kolaborasitingkatkanpendidikan,116,13,,,,,,,
label_sample_0425,mbg_crawl_006044,data crawl mbg (in).xlsx,Sheet1,6045,volvo cars zeekr maersk dcb iib bmw mz lge stla vw trtn rbl jks cs mbg nsan hd lha sj din arw hpe pvh ph usfb sat,113,27,,,,,,,
label_sample_0426,mbg_crawl_034394,data crawl mbg (in).xlsx,Sheet1,34395,lawan stunting dengan program mbg karena anak sehat adalah harapan bangsa yang wajib kita jaga,94,15,,,,,,,
label_sample_0427,mbg_crawl_067165,data crawl mbg (in).xlsx,Sheet1,67166,umkm terus bergerak wujudkan makan bergizi gratis mbg demi kesehatan dan kesejahteraan masyarakat umkmdukungmbg,111,14,,,,,,,
label_sample_0428,mbg_crawl_012533,data crawl mbg (in).xlsx,Sheet1,12534,comparing mbg sama nasi kotak aja udah aneh yakali nasi kotak artis budgetnya cuma k box,88,16,,,,,,,
label_sample_0429,mbg_crawl_026307,data crawl mbg (in).xlsx,Sheet1,26308,papua tak lagi gundah soal gizi dengan hadirnya mbg makanbergiziuntukindonesia makanbergizigratisbantuumkm,106,11,,,,,,,
label_sample_0430,mbg_crawl_014208,data crawl mbg (in).xlsx,Sheet1,14209,nonton berita speechless sekali program mbg susah sampai ada usulan pakai duit zakat kacau memang,97,15,,,,,,,
label_sample_0431,mbg_crawl_054191,data crawl mbg (in).xlsx,Sheet1,54192,penduduk indonesia masih mbg makan bergizi gratis mbg meramaikan berbagai media berita,86,12,,,,,,,
label_sample_0432,mbg_crawl_067102,data crawl mbg (in).xlsx,Sheet1,67103,demi kesehatan bersama yuk ramein umkm yang support makan bergizi gratis umkmdukungmbg,86,12,,,,,,,
label_sample_0433,mbg_crawl_031369,data crawl mbg (in).xlsx,Sheet1,31370,prabowo buat fasilitas sekolah jadi prioritas lewat kebijakan mbg kolaborasitingkatkanpendidikan,96,10,,,,,,,
label_sample_0434,mbg_crawl_070405,data crawl mbg (in).xlsx,Sheet1,70406,nih duo sama sama dongo gitu lho yg satu ujug ujug ai ai yg ini mbg mbg mbg berdarah kuping gua,95,21,,,,,,,
label_sample_0435,mbg_crawl_062988,data crawl mbg (in).xlsx,Sheet1,62989,workshop pengelolaan sampah sisa makan bergizi gratis kamis makanbergizigratis kemenagjombang humaskemenagjombang,113,11,,,,,,,
label_sample_0436,mbg_crawl_042393,data crawl mbg (in).xlsx,Sheet1,42394,seandainya ente omon gini sebelum kepikiran mbg ye seandainya pendidikan lebih penting daripada makan gratis ndut,113,16,,,,,,,
label_sample_0437,mbg_crawl_009254,data crawl mbg (in).xlsx,Sheet1,9255,mbg memberikan peluang bagi pengusaha dan masyarakat lokal untuk berperan aktif dalam perekonomian,98,13,,,,,,,
label_sample_0438,mbg_crawl_052680,data crawl mbg (in).xlsx,Sheet1,52681,papua bakal lebih sehat dan pintar dengan makan bergizi gratis berkat support penuh dari masyarakat indonesia,109,16,,,,,,,
label_sample_0439,mbg_crawl_060707,data crawl mbg (in).xlsx,Sheet1,60708,kontribusi kecil perubahan besar bantu pelaksanaan makan bergizi gratis kolaborasitingkatkanpendidikan,102,10,,,,,,,
label_sample_0440,mbg_crawl_049890,data crawl mbg (in).xlsx,Sheet1,49891,buat aja programnya entah bisa di realisasikan atau tidak urusan belakangan makansianggratis,92,12,,,,,,,
label_sample_0441,mbg_crawl_067113,data crawl mbg (in).xlsx,Sheet1,67114,banyak yang peduli salah satunya umkm yang kasih support buat makan bergizi gratis umkmdukungmbg,96,14,,,,,,,
label_sample_0442,mbg_crawl_032832,data crawl mbg (in).xlsx,Sheet1,32833,teman bus yg lintas kota malah dialihin ke apbd tapi mbg di handle semua dari pusat kan aneh ya,95,19,,,,,,,
label_sample_0443,mbg_crawl_027230,data crawl mbg (in).xlsx,Sheet1,27231,pangan berkualitas jadi prioritas utama buat kesejahteraan rakyat mbg penuhi gizi penuhigiziindonesia,101,12,,,,,,,
label_sample_0444,mbg_crawl_042144,data crawl mbg (in).xlsx,Sheet1,42145,gak heran lh mereka kerja kan gotong royong gak apa lah toh urusan mbg menteri hutan jg ikut kok,96,19,,,,,,,
label_sample_0445,mbg_crawl_025079,data crawl mbg (in).xlsx,Sheet1,25080,bravo kmp r mendukung mbg di tanah papua adlh langkah besar membawa perubahan positif sukses slalu,98,16,,,,,,,
label_sample_0446,mbg_crawl_013783,data crawl mbg (in).xlsx,Sheet1,13784,baru mulai udah minta agar dana zakat infak dan sodakoh digunakan utk bantu mbg beda tipis ama taktik jokowi,108,19,,,,,,,
label_sample_0447,mbg_crawl_058192,data crawl mbg (in).xlsx,Sheet1,58193,knpb biadab mereka menghasut dan mengancam pelajar supaya ikut aksi menolak makan bergizi gratis,96,14,,,,,,,
label_sample_0448,mbg_crawl_016693,data crawl mbg (in).xlsx,Sheet1,16694,program mbg jadi semangat baru umkm dalam hadirkan pangan sehat kini dan nanti umkmdukungmbg,92,14,,,,,,,
label_sample_0449,mbg_crawl_071119,data crawl mbg (in).xlsx,Sheet1,71120,yaelah kaum iq dibagi sekolam minta tuh junjungan lu jelasin kaitan mbg dan hilirisasi dengan tarif impor as,108,18,,,,,,,
label_sample_0450,mbg_crawl_056661,data crawl mbg (in).xlsx,Sheet1,56662,gaya hidup sehat makin berasa dengan makan bergizi gratis selama ramadhan yuk bantu dukung program ini,102,16,,,,,,,
label_sample_0451,mbg_crawl_063160,data crawl mbg (in).xlsx,Sheet1,63161,fakta di sini adalah bahwa dia belum merasakan manfaat program makan bergizi gratis bukan yg lain,97,16,,,,,,,
label_sample_0452,mbg_crawl_065255,data crawl mbg (in).xlsx,Sheet1,65256,indonesia dan jepang bersinergi demi menciptakan program makan bergizi gratis yang membangun masa depan cerah,109,15,,,,,,,
label_sample_0453,mbg_crawl_043813,data crawl mbg (in).xlsx,Sheet1,43814,harapan pemuda papua program mbg bisa secepatnya beroperasi di seluruh daerah mbgpapua,86,12,,,,,,,
label_sample_0454,mbg_crawl_065131,data crawl mbg (in).xlsx,Sheet1,65132,duh ada siswa dipungut uang tambahan untuk makan bergizi gratis di sekolah istana respons begini,96,15,,,,,,,
label_sample_0455,mbg_crawl_060503,data crawl mbg (in).xlsx,Sheet1,60504,makan bergizi gratis mendukung anak anak untuk belajar lebih fokus dan sehat kolaborasitingkatkanpendidikan,107,13,,,,,,,
label_sample_0456,mbg_crawl_013864,data crawl mbg (in).xlsx,Sheet1,13865,kalau di fikir buanyak yg blm dapat mbg tp gk ada yg protes ibu ini aja yg mau jadi pahlawan,92,20,,,,,,,
label_sample_0457,mbg_crawl_016738,data crawl mbg (in).xlsx,Sheet1,16739,pangan sehat jadi mudah didapat berkat umkm yang konsisten mendukung mbg di berbagai daerah umkmdukungmbg,105,15,,,,,,,
label_sample_0458,mbg_crawl_020796,data crawl mbg (in).xlsx,Sheet1,20797,tingkatkan kualitas program mbg lewat evaluasi gratis yang konsisten mbgselektifdanhigienis,91,10,,,,,,,
label_sample_0459,mbg_crawl_014390,data crawl mbg (in).xlsx,Sheet1,14391,kelihatannya pemerintah sedang kelabakan soal anggaran untuk mbg tunda saja dulu sampai keuangannya sehat,105,14,,,,,,,
label_sample_0460,mbg_crawl_012934,data crawl mbg (in).xlsx,Sheet1,12935,tolong bu beritahu pak wowo kalo zakat haram utk mbg kalo gak mampu batalin aja janjinya,88,16,,,,,,,
label_sample_0461,mbg_crawl_044462,data crawl mbg (in).xlsx,Sheet1,44463,siapa sih yg ngeyakinin dia program mbg bisa nguntungin dia eh salah nguntungin rakyat,86,14,,,,,,,
label_sample_0462,mbg_crawl_070068,data crawl mbg (in).xlsx,Sheet1,70069,aktivitas belajar di banjarmasin dimulai hari ini siswa belum dapat jatah makan siang program mbg lewat,103,16,,,,,,,
label_sample_0463,mbg_crawl_034899,data crawl mbg (in).xlsx,Sheet1,34900,itu cuma t bisa ngilangin kemiskinan abosolut lha itu mbg t mending buat kemiskian tp tidak dilakukan xixixi,108,18,,,,,,,
label_sample_0464,mbg_crawl_049241,data crawl mbg (in).xlsx,Sheet1,49242,dua wna iran sekap dan rampok rekan senegaranya di gianyar mayorteddy makanbergizigratis danantara pesanala juun,112,15,,,,,,,
label_sample_0465,mbg_crawl_002135,data crawl mbg (in).xlsx,Sheet1,2136,dangay meun diay graw aussi mais ngay wakh ak goor mounane mako fa am al dafa khere mom rombal,94,19,,,,,,,
label_sample_0466,mbg_crawl_068606,data crawl mbg (in).xlsx,Sheet1,68607,program makan bergizi gratis adalah bukti nyata perhatian pemerintah terhadap masa depan bangsa,95,13,,,,,,,
label_sample_0467,mbg_crawl_010971,data crawl mbg (in).xlsx,Sheet1,10972,kalo kritik deddy corbuzier ke anak anak yang complain tentang mbg itu masuknya yang mana bang,94,16,,,,,,,
label_sample_0468,mbg_crawl_032861,data crawl mbg (in).xlsx,Sheet1,32862,yuk kita bareng bareng maju bersama lewat dukungan penuh pada program mbg mbgdorongekonomi,90,13,,,,,,,
label_sample_0469,mbg_crawl_035880,data crawl mbg (in).xlsx,Sheet1,35881,dengan dukungan tni polri program mbg dan swasembada pangan makin mantap sinergitasuntukbangsa,94,12,,,,,,,
label_sample_0470,mbg_crawl_062838,data crawl mbg (in).xlsx,Sheet1,62839,kadin bantu pertumbuhan ekonomi ri melalui program makan bergizi gratis pertumbuhanekonomiri,92,11,,,,,,,
label_sample_0471,mbg_crawl_004438,data crawl mbg (in).xlsx,Sheet1,4439,hal ini lantaran mbg direncanakan akan memanfaatkan telur sebagai salah satu menunya,84,12,,,,,,,
label_sample_0472,mbg_crawl_004609,data crawl mbg (in).xlsx,Sheet1,4610,ilmu kimiyabe galiwudç x d â x ù ù ø ø â x â kr â â x ø ù ø â x â mt â â x ù ù ù â x â sn â mbg,95,37,,,,,,,
label_sample_0473,mbg_crawl_029214,data crawl mbg (in).xlsx,Sheet1,29215,apaan dah utang membengkak penambahan kementerian wamen ada stafsus pula mbg buat cover ikn lu nanggepinnya gimana,114,17,,,,,,,
label_sample_0474,mbg_crawl_020529,data crawl mbg (in).xlsx,Sheet1,20530,dalam setiap gigitan program mbg pastikan makanan gratis bebas risiko mbgselektifdanhigienis,92,11,,,,,,,
label_sample_0475,mbg_crawl_007151,data crawl mbg (in).xlsx,Sheet1,7152,ini meal plannya pas gw join dietela ya jd dibikin sama legit ahli gizi mbg disupervise sama ahli gizi ga,105,20,,,,,,,
label_sample_0476,mbg_crawl_032043,data crawl mbg (in).xlsx,Sheet1,32044,dengan mbg fasilitas sekolah jadi saksi perubahan positif kolaborasitingkatkanpendidikan,88,9,,,,,,,
label_sample_0477,mbg_crawl_009472,data crawl mbg (in).xlsx,Sheet1,9473,dukung mbg untuk kita agar setiap lapisan masyarakat bisa mengakses makanan bergizi untuk hidup lebih sehat,107,16,,,,,,,
label_sample_0478,mbg_crawl_017205,data crawl mbg (in).xlsx,Sheet1,17206,itu gak bijak pak takutnya ada yg menggoreng kalo rakyat utang budi mbg sm pak ps maaf pak,90,18,,,,,,,
label_sample_0479,mbg_crawl_013986,data crawl mbg (in).xlsx,Sheet1,13987,dana zis nyang dari kelompok pbnu aja yang buat mbg termasuk dana nyang dari pemerintah,87,15,,,,,,,
label_sample_0480,mbg_crawl_015822,data crawl mbg (in).xlsx,Sheet1,15823,makan bergizi gratis untuk ibu hamil mulai januari ini bedanya dengan mbg anak sekolah,86,14,,,,,,,
label_sample_0481,mbg_crawl_012012,data crawl mbg (in).xlsx,Sheet1,12013,mbg hadir untuk membuat anak keracunan ironi sekali ortunya bayar pajak untuk membuat anaknya sendiri keracunan,111,16,,,,,,,
label_sample_0482,mbg_crawl_065345,data crawl mbg (in).xlsx,Sheet1,65346,ini langkah baik dari jepang kerja sama makan bergizi gratis bakal banyak manfaatnya sinergiindonesiajepang,107,14,,,,,,,
label_sample_0483,mbg_crawl_020561,data crawl mbg (in).xlsx,Sheet1,20562,terus pantau evaluasi agar program mbg mampu bawa pangan higienis dan berkualitas mbgselektifdanhigienis,104,13,,,,,,,
label_sample_0484,mbg_crawl_034911,data crawl mbg (in).xlsx,Sheet1,34912,kalo t bisa hilangkan kemiskinan ekstrim kenapa gak pake uang itu aja daripada bikin mbg,88,15,,,,,,,
label_sample_0485,mbg_crawl_041423,data crawl mbg (in).xlsx,Sheet1,41424,john jonga berpendapat mbg langkah baik untuk papua yuk bantu kabar baik ini menyebar,85,14,,,,,,,
label_sample_0486,mbg_crawl_024248,data crawl mbg (in).xlsx,Sheet1,24249,tmn gue guru kmren nyobain menu mbg katanya kaya makanan d penjarabjir ky yg udh nyobain makanan penjara aje,108,19,,,,,,,
label_sample_0487,mbg_crawl_048221,data crawl mbg (in).xlsx,Sheet1,48222,banggar nilai anggaran makan bergizi gratis rp triliun masuk akal banggardpr saidabdullah makanbergizigratis,108,13,,,,,,,
label_sample_0488,mbg_crawl_033185,data crawl mbg (in).xlsx,Sheet1,33186,mbg membawa perubahan besar dari dukungan kecil untuk ekonomi dan generasi sehat mbgdorongekonomi,97,13,,,,,,,
label_sample_0489,mbg_crawl_036983,data crawl mbg (in).xlsx,Sheet1,36984,mning klo mbg nya kali sehari makanannya bnrn bergizi semua rakyat kebagian tanpa terkecuali,92,14,,,,,,,
label_sample_0490,mbg_crawl_068570,data crawl mbg (in).xlsx,Sheet1,68571,program makan bergizi gratis adalah langkah nyata untuk menciptakan generasi emas indonesia wujudkangenerasiemas,112,13,,,,,,,
label_sample_0491,mbg_crawl_016660,data crawl mbg (in).xlsx,Sheet1,16661,dengan partisipasi umkm mbg lancarkan misi besarnya untuk kesehatan lewat pangan berkualitas umkmdukungmbg,106,13,,,,,,,
label_sample_0492,mbg_crawl_053255,data crawl mbg (in).xlsx,Sheet1,53256,makin bervisi makin ke depan dengan program makan bergizi gratis generasi sehat makin di depan,94,15,,,,,,,
label_sample_0493,mbg_crawl_039725,data crawl mbg (in).xlsx,Sheet1,39726,tapi emang sih keliatan nya kalau intensitas nya tinggi gini mainin dia kayanya kurang cocok,92,15,,,,,,,
label_sample_0494,mbg_crawl_065011,data crawl mbg (in).xlsx,Sheet1,65012,nikmati makan bergizi gratis bareng siswa ksal kalau tidak enak saya protes ke komandan,87,14,,,,,,,
label_sample_0495,mbg_crawl_060713,data crawl mbg (in).xlsx,Sheet1,60714,dukung anak anak meraih bintang dengan makan bergizi gratis kolaborasitingkatkanpendidikan,90,10,,,,,,,
label_sample_0496,mbg_crawl_012929,data crawl mbg (in).xlsx,Sheet1,12930,mafia ada aja idenya berdalih mbg padahal import emang mbg sepuluh ribu pakai daging,84,14,,,,,,,
label_sample_0497,mbg_crawl_012893,data crawl mbg (in).xlsx,Sheet1,12894,tinjau mbg di sleman kepala kantor komunikasi kepresidenan sebut anak anak sudah mulai terbiasa makan sehat,107,16,,,,,,,
label_sample_0498,mbg_crawl_054038,data crawl mbg (in).xlsx,Sheet1,54039,makan bergizi gratis bawa angin segar buat kesehatan anak indonesia yuk kita dukung bareng bareng,97,15,,,,,,,
label_sample_0499,mbg_crawl_070054,data crawl mbg (in).xlsx,Sheet1,70055,tas skolah gitu dibagiin sebelum mbg katanya wkwkwk pantes boncos banget apbn kita ini hahaha,93,15,,,,,,,
label_sample_0500,mbg_crawl_008635,data crawl mbg (in).xlsx,Sheet1,8636,jenderal tb hasanuddin sebut deddy corbuzier bisa dipidana militer buntut ucapan ke anak anak soal mbg,102,16,,,,,,,
label_sample_0501,mbg_crawl_034366,data crawl mbg (in).xlsx,Sheet1,34367,program mbg bantu cegah stunting di indonesia mari beri dukungan kita agar gizi seimbang terwujud,97,15,,,,,,,
label_sample_0502,mbg_crawl_054109,data crawl mbg (in).xlsx,Sheet1,54110,program makan bergizi gratis penuhi gizi anak anak menuju indonesia emas makanbergizigratis,91,12,,,,,,,
label_sample_0503,mbg_crawl_034174,data crawl mbg (in).xlsx,Sheet1,34175,kamu tahu mbg adalah kunci untuk generasi sehat dan kuat mari kirim apresiasi kita untuk program ini,100,17,,,,,,,
label_sample_0504,mbg_crawl_063013,data crawl mbg (in).xlsx,Sheet1,63014,makan bergizi gratis hari ini wilayah jakarta utara sma awasimbg makanbergizigratis awasimbg,92,12,,,,,,,
label_sample_0505,mbg_crawl_016345,data crawl mbg (in).xlsx,Sheet1,16346,kontribusi umkm bikin program mbg jadi perhatian masyarakat sehat makin terjamin umkmdukungmbg,94,12,,,,,,,
label_sample_0506,mbg_crawl_024312,data crawl mbg (in).xlsx,Sheet1,24313,anak sekolah loh mereka objek sebenarnya dari proker mbg ini dan mereka nolak kurang jelas apa lagi,99,17,,,,,,,
label_sample_0507,mbg_crawl_065314,data crawl mbg (in).xlsx,Sheet1,65315,kunjungan pm jepang fokus ke makan bergizi gratis yuk sambut positif sinergiindonesiajepang,91,12,,,,,,,
label_sample_0508,mbg_crawl_003787,data crawl mbg (in).xlsx,Sheet1,3788,dan mbg pun ga mau ketinggalan renovasi mbg dan dfs sekarang disatukan dibuat jalan tembus dari ace,99,17,,,,,,,
label_sample_0509,mbg_crawl_069586,data crawl mbg (in).xlsx,Sheet1,69587,makasn siang gratis mulu kntl apaan si goblok negara lagi ancur mikirin makan siang gratis,90,15,,,,,,,
label_sample_0510,mbg_crawl_033140,data crawl mbg (in).xlsx,Sheet1,33141,dengan program mbg mari kita bawa perubahan berarti pada umkm dan gizi anak mbgdorongekonomi,92,14,,,,,,,
label_sample_0511,mbg_crawl_038508,data crawl mbg (in).xlsx,Sheet1,38509,tolong nih tuntaskan gizi mbg pemain ya jgn lupa ajak fufufafa beserta para para maniac gemoy cheerleaders nya,110,18,,,,,,,
label_sample_0512,mbg_crawl_013128,data crawl mbg (in).xlsx,Sheet1,13129,suruh pejabat pusat mpe daerah yg makan menu mbg anak makan jatah pejabat yg uang makannya aja x lipat dari mbg,111,21,,,,,,,
label_sample_0513,mbg_crawl_012154,data crawl mbg (in).xlsx,Sheet1,12155,sebagai program unggulan presiden bhw mbg ini harusnya dijamin tepat sasaran tepat jumlah tepat mutu dan tepat waktu,116,18,,,,,,,
label_sample_0514,mbg_crawl_062433,data crawl mbg (in).xlsx,Sheet1,62434,program makan bergizi gratis bener bener ngefek banget bikin anak sekolah dan bumil makin sehat harikerjanyata,110,16,,,,,,,
label_sample_0515,mbg_crawl_009845,data crawl mbg (in).xlsx,Sheet1,9846,markup data kaya gini denger rahasia umum juga ya min dengan berbagai cara di dunia saham,89,16,,,,,,,
label_sample_0516,mbg_crawl_008959,data crawl mbg (in).xlsx,Sheet1,8960,pemerintah realisasikan program mbg sebagai langkah strategis memperkuat gizi masyarakat plnuntukindonesia,106,11,,,,,,,
label_sample_0517,mbg_crawl_055879,data crawl mbg (in).xlsx,Sheet1,55880,bgn gandeng kpk untuk turut serta mengawal dan mengawasi program makan bergizi gratis,85,13,,,,,,,
label_sample_0518,mbg_crawl_044162,data crawl mbg (in).xlsx,Sheet1,44163,ikuti langkah berkilau program mbg bakal memberi warna baru bagi adat papua mbgpapua,84,13,,,,,,,
label_sample_0519,mbg_crawl_023168,data crawl mbg (in).xlsx,Sheet1,23169,program mbg bantu anak papua jadi lebih kuat dan cerdas tokoh agama anjurkan kita untuk kontribusi,98,16,,,,,,,
label_sample_0520,mbg_crawl_039460,data crawl mbg (in).xlsx,Sheet1,39461,plus program mbg itu program apaan gess bisa nya kalian menangkan dg program kek gitu,85,15,,,,,,,
label_sample_0521,mbg_crawl_053000,data crawl mbg (in).xlsx,Sheet1,53001,kayanya di hack deh gw kemaren juga gitu ada akun yg fotonya si apon tapi tweetnya bahas makan bergizi gratis,109,20,,,,,,,
label_sample_0522,mbg_crawl_030764,data crawl mbg (in).xlsx,Sheet1,30765,bakalan kena juga kalo program mbg ini mulai banyak masalahnya soalnya mbg ini kan yang sering wara wiri si wakilnya,116,20,,,,,,,
label_sample_0523,mbg_crawl_016083,data crawl mbg (in).xlsx,Sheet1,16084,program mbg adalah upaya kolektif untuk memastikan anak anak mendapatkan nutrisi yang mereka butuhkan umkmdukungmbg,115,15,,,,,,,
label_sample_0524,mbg_crawl_016569,data crawl mbg (in).xlsx,Sheet1,16570,umkm bersama mbg berikan jaminan masyarakat terima pangan sehat dan berkualitas untuk kesejahteraan umkmdukungmbg,113,14,,,,,,,
label_sample_0525,mbg_crawl_047388,data crawl mbg (in).xlsx,Sheet1,47389,pelajar makin semangat belajar berkat program mbg yuk dukung terus program keren ini,84,13,,,,,,,
label_sample_0526,mbg_crawl_032002,data crawl mbg (in).xlsx,Sheet1,32003,fasilitas oke bikin perbedaan dukung mbg untuk sekolah yang lebih baik kolaborasitingkatkanpendidikan,101,12,,,,,,,
label_sample_0527,mbg_crawl_061361,data crawl mbg (in).xlsx,Sheet1,61362,umkm semakin terbantu dalam menghadapi tantangan pasar berkat adanya program makan bergizi gratis mbgdorongekonomi,114,14,,,,,,,
label_sample_0528,mbg_crawl_053275,data crawl mbg (in).xlsx,Sheet1,53276,generasi kita berhak sehat dengan program makan bergizi gratis pemerintah hadir nyata buat rakyat,97,14,,,,,,,
label_sample_0529,mbg_crawl_063242,data crawl mbg (in).xlsx,Sheet1,63243,wapres gibran tegaskan makan bergizi gratis investasi untuk masa depan news viral fyp,85,13,,,,,,,
label_sample_0530,mbg_crawl_020249,data crawl mbg (in).xlsx,Sheet1,20250,kalau mbg diganti jadi pendidikan gratis infrastruktur pendukung di masa depan lebih banyak yg terbangun,104,15,,,,,,,
label_sample_0531,mbg_crawl_059354,data crawl mbg (in).xlsx,Sheet1,59355,lebih banyak mudharatnya anjrit ini makan siang gratis udh mah kaga bergizi bener lu ya,87,15,,,,,,,
label_sample_0532,mbg_crawl_066556,data crawl mbg (in).xlsx,Sheet1,66557,makanâ bergiziâ gratis program ini berusaha menciptakan masyarakat yang tangguh dan kreatif untuk anak kita,107,15,,,,,,,
label_sample_0533,mbg_crawl_024610,data crawl mbg (in).xlsx,Sheet1,24611,mbg tidak sepenuhnya sukses namun melumpuhkan banyak lini vital fungsi negara let s see,87,14,,,,,,,
label_sample_0534,mbg_crawl_035780,data crawl mbg (in).xlsx,Sheet1,35781,sinergitas kuat tni polri tak hanya amankan mudik tapi juga program mbg sinergitasuntukbangsa,93,13,,,,,,,
label_sample_0535,mbg_crawl_039100,data crawl mbg (in).xlsx,Sheet1,39101,lalu cpns gmn danantara yg bikin saham sampe di pause pagar laut mbg bermasalah come on guys sadar,98,18,,,,,,,
label_sample_0536,mbg_crawl_063677,data crawl mbg (in).xlsx,Sheet1,63678,wamendag dyah roro esti meninjau program makan bergizi gratis di slb negeri slipi jakarta seperti apa,101,16,,,,,,,
label_sample_0537,mbg_crawl_009687,data crawl mbg (in).xlsx,Sheet1,9688,penting penampakan nya dulu gizi nomer sekian biar dilihatnya bagus dan dapat meningkatkan nilai mbg berhasil,109,16,,,,,,,
label_sample_0538,mbg_crawl_047359,data crawl mbg (in).xlsx,Sheet1,47360,bangkit bareng sama program mbg masyarakat sejahtera ketahanan pangan terjaga peluang melimpah,94,12,,,,,,,
label_sample_0539,mbg_crawl_035704,data crawl mbg (in).xlsx,Sheet1,35705,tni polri kompak amankan program prabowo dari mbg hingga swasembada pangan sinergitasuntukbangsa,96,12,,,,,,,
label_sample_0540,mbg_crawl_061586,data crawl mbg (in).xlsx,Sheet1,61587,program makan bergizi gratis jadi peluang emas buat umkm di sektor pangan meroket mbgdorongekonomi,98,14,,,,,,,
label_sample_0541,mbg_crawl_070227,data crawl mbg (in).xlsx,Sheet1,70228,template jawaban wowo kita ini negara kuat dan besar kita harus berdikari mandiri asing mbg lanjutin,100,16,,,,,,,
label_sample_0542,mbg_crawl_031477,data crawl mbg (in).xlsx,Sheet1,31478,berikan sekolah terbaik dengan fasilitas memadai dukung program mbg kolaborasitingkatkanpendidikan,98,10,,,,,,,
label_sample_0543,mbg_crawl_018777,data crawl mbg (in).xlsx,Sheet1,18778,hii jgn lauk ayam yg mengandung telur larva belatung masuk n lolos di salah satu menu mbg atuutt,96,18,,,,,,,
label_sample_0544,mbg_crawl_059566,data crawl mbg (in).xlsx,Sheet1,59567,program makan bergizi gratis berkontribusi pada terciptanya peluang ekonomi yang lebih adil,91,12,,,,,,,
label_sample_0545,mbg_crawl_024856,data crawl mbg (in).xlsx,Sheet1,24857,demi mbg anggaran bmkg dipotong dan akibatnya bisa jadi peringatan gempa dan tsunami terlambat,94,14,,,,,,,
label_sample_0546,mbg_crawl_016826,data crawl mbg (in).xlsx,Sheet1,16827,umkm bikin pelaksanaan mbg jadi lebih efektif dengan produk pangan sehat yang accessible umkmdukungmbg,102,14,,,,,,,
label_sample_0547,mbg_crawl_022101,data crawl mbg (in).xlsx,Sheet1,22102,dana otsus dan mbg kolaborasi top pendidikan dan gizi papua bersatu untuk perubahan besar,89,14,,,,,,,
label_sample_0548,mbg_crawl_054098,data crawl mbg (in).xlsx,Sheet1,54099,gizi sehat papua maju dukung terus program makan bergizi gratis untuk kesehatan anak anak papua mbguntukpapua,109,16,,,,,,,
label_sample_0549,mbg_crawl_065946,data crawl mbg (in).xlsx,Sheet1,65947,dukung kerja sama makan bergizi gratis antara indonesia dan jepang semoga rakyat makin sehat sinergiindonesiajepang,115,15,,,,,,,
label_sample_0550,mbg_crawl_066713,data crawl mbg (in).xlsx,Sheet1,66714,bersama umkm kita bisa wujudkan program makan bergizi gratis yang lebih masif umkmdukungmbg,91,13,,,,,,,
label_sample_0551,mbg_crawl_010946,data crawl mbg (in).xlsx,Sheet1,10947,wajar costnya terlalu gede hampir semua kementerian cost cutting kok dialihin buat biaya mbg,92,14,,,,,,,
label_sample_0552,mbg_crawl_033293,data crawl mbg (in).xlsx,Sheet1,33294,dengan mbg kita hadirkan lebih banyak gizi berkualitas untuk anak anak mbgdorongekonomi,87,12,,,,,,,
label_sample_0553,mbg_crawl_042914,data crawl mbg (in).xlsx,Sheet1,42915,terlalu mayora diduga kuasai mbg ramadhan makan bergizi hanya omon omon gulanya berlebih perfect liners mayora mbg,114,17,,,,,,,
label_sample_0554,mbg_crawl_039094,data crawl mbg (in).xlsx,Sheet1,39095,pemimpin dunia mana yang mau belajar mbg dari indonesia cepat kau kasih tau mana siapa yeuu kocak,97,17,,,,,,,
label_sample_0555,mbg_crawl_023700,data crawl mbg (in).xlsx,Sheet1,23701,mbg adalah proyek besar ada cuan besar yang menanti diproyek ini itulah kenapa prabowo ngotot,93,15,,,,,,,
label_sample_0556,mbg_crawl_060726,data crawl mbg (in).xlsx,Sheet1,60727,bersama makan bergizi gratis kita bangun generasi sehat dan berilmu kolaborasitingkatkanpendidikan,98,11,,,,,,,
label_sample_0557,mbg_crawl_053188,data crawl mbg (in).xlsx,Sheet1,53189,program makan bergizi gratis langkah kecil dengan dampak besar dari pemerintah untuk generasi,93,13,,,,,,,
label_sample_0558,mbg_crawl_048860,data crawl mbg (in).xlsx,Sheet1,48861,kepala bgn upayakan modal mbg mbg makanbergizigratis makansianggratis mbguntukmasadepan,87,9,,,,,,,
label_sample_0559,mbg_crawl_060561,data crawl mbg (in).xlsx,Sheet1,60562,makan bergizi gratis adalah wujud kepedulian pemerintah terhadap anak anak indonesia kolaborasitingkatkanpendidikan,115,12,,,,,,,
label_sample_0560,mbg_crawl_054852,data crawl mbg (in).xlsx,Sheet1,54853,dengan dukungan dari pemerintah dan industri kreatif program makan bergizi gratis makin meyakinkan,98,13,,,,,,,
label_sample_0561,mbg_crawl_016263,data crawl mbg (in).xlsx,Sheet1,16264,setiap porsi bergizi dari umkm untuk mbg selangkah lebih dekat ke harapan umkmdukungmbg,87,13,,,,,,,
label_sample_0562,mbg_crawl_042902,data crawl mbg (in).xlsx,Sheet1,42903,kami percaya dan berdo a semoga program mbg akan menjangkau seluruh daerah indonesia dari sumbawa sampai raja ampat,115,18,,,,,,,
label_sample_0563,mbg_crawl_014189,data crawl mbg (in).xlsx,Sheet1,14190,mang program mbg ini tidak boleh dari sumbangan rakyat cukup gaji tunjangan anggota dpr yg orng ini dipotong utk mbg,116,20,,,,,,,
label_sample_0564,mbg_crawl_054262,data crawl mbg (in).xlsx,Sheet1,54263,makan gratis bergizi lebih mendesak daripada lapangan pekerjaan makanan bergizi yg dimaksud,91,12,,,,,,,
label_sample_0565,mbg_crawl_032289,data crawl mbg (in).xlsx,Sheet1,32290,dengan dukungan kuat mbg siap pacu ekonomi indonesia lebih dari seperti harapan prabowo,87,13,,,,,,,
label_sample_0566,mbg_crawl_046459,data crawl mbg (in).xlsx,Sheet1,46460,ketika gizi tersebar harapan pun bertumbuh terima kasih buat semua yang terlibat di program mbg,95,15,,,,,,,
label_sample_0567,mbg_crawl_027128,data crawl mbg (in).xlsx,Sheet1,27129,pemerintah kasih perhatian besar buat kesejahteraan masyarakat mbg penuhi gizi penuhigiziindonesia,98,11,,,,,,,
label_sample_0568,mbg_crawl_060964,data crawl mbg (in).xlsx,Sheet1,60965,makan bergizi gratis by prabowo solusi mantap turunkan stunting naikkan kualitas sdm kolaborasitingkatkanpendidikan,115,13,,,,,,,
label_sample_0569,mbg_crawl_050803,data crawl mbg (in).xlsx,Sheet1,50804,protein lokal itu penting indonesiaemas programpresiden presidenprabowo makansianggratis kesehatangratisuntuksemua,114,9,,,,,,,
label_sample_0570,mbg_crawl_042256,data crawl mbg (in).xlsx,Sheet1,42257,stopp program mbg yg ga ada pengaruhnya bwt rkyt mending alokasikan ke dana pendidikan,86,14,,,,,,,
label_sample_0571,mbg_crawl_051636,data crawl mbg (in).xlsx,Sheet1,51637,seneng deh liatnya mereka pasti seneng bisa dapat makan bergizi gratis ini makasih byk mbg d kediri yaa koncokulo mbg,117,20,,,,,,,
label_sample_0572,mbg_crawl_007524,data crawl mbg (in).xlsx,Sheet1,7525,serangga itu makanan bergizi dan biasa dimakan warga kita tapi kurang berotak kalau disarankan untuk mbg,104,16,,,,,,,
label_sample_0573,mbg_crawl_056164,data crawl mbg (in).xlsx,Sheet1,56165,dpr ri dan mbg menggelar sosialisasi program makan bergizi gratis untuk mewujudkan generasi sehat indonesia,107,15,,,,,,,
label_sample_0574,mbg_crawl_037340,data crawl mbg (in).xlsx,Sheet1,37341,mari kita lihat siapa ajah investornya boleh spill dan ihsg anjlok karena invest ke mbg ups,91,16,,,,,,,
label_sample_0575,mbg_crawl_032475,data crawl mbg (in).xlsx,Sheet1,32476,mbg sebenernya bisa pertimbangkan di handle sama warteg bahari secara sekarang udah outlet wkwk,95,14,,,,,,,
label_sample_0576,mbg_crawl_015633,data crawl mbg (in).xlsx,Sheet1,15634,semua bisa terlibat sama mbg dari petani sampai ahli gizi tambah berkat buat ekonomi daerah,91,15,,,,,,,
label_sample_0577,mbg_crawl_024822,data crawl mbg (in).xlsx,Sheet1,24823,dunia salut karena mbg berani sajikan ke anak sd makanan basi makanan ada lalat n ulat gk ada didunia yg seperti ini,116,22,,,,,,,
label_sample_0578,mbg_crawl_017141,data crawl mbg (in).xlsx,Sheet1,17142,pemprov dki komitmen dukung program makanan bergizi gratis di jakarta pemprovdkijakarta mbg makanbergizigratis,110,13,,,,,,,
label_sample_0579,mbg_crawl_041227,data crawl mbg (in).xlsx,Sheet1,41228,papua lebih baik bersama john jonga yang menyampaikan pesan mengenai pentingnya program mbg,91,13,,,,,,,
label_sample_0580,mbg_crawl_006293,data crawl mbg (in).xlsx,Sheet1,6294,inovasi berkelanjutan jadi andalan umkm pangan berkat mbg pasarnya makin luas mbgdorongekonomi,94,12,,,,,,,
label_sample_0581,mbg_crawl_045450,data crawl mbg (in).xlsx,Sheet1,45451,ga usah bayar thr dan gaji tahun ini buat cpns dan asn baru lumayan meuren danantara dan mbg effect,99,19,,,,,,,
label_sample_0582,mbg_crawl_062292,data crawl mbg (in).xlsx,Sheet1,62293,wah program makan bergizi gratis ini keren banget anak anak jadi bisa tumbuh sehat dan cerdas semangat mendukung,112,18,,,,,,,
label_sample_0583,mbg_crawl_031763,data crawl mbg (in).xlsx,Sheet1,31764,fasilitas prima adalah kunci pendidikan hebat mari dukung program mbg untuk perbaikan kolaborasitingkatkanpendidikan,116,13,,,,,,,
label_sample_0584,mbg_crawl_051807,data crawl mbg (in).xlsx,Sheet1,51808,program mbg bikin tingkat gizi naik sambil bantu ekonomi lokal jalan bareng yuk dukung bareng bareng mbg,104,17,,,,,,,
label_sample_0585,mbg_crawl_010341,data crawl mbg (in).xlsx,Sheet1,10342,ga nyambung anjir respon nya yg dipermasalahkan itu makian nya bukan mbg nya dalah capek,88,15,,,,,,,
label_sample_0586,mbg_crawl_024202,data crawl mbg (in).xlsx,Sheet1,24203,this is why kenapa mbg di bikin ribut gas dibikin ribut supaya ini berjalan mulus dan rakyat terlambat sadar,108,19,,,,,,,
label_sample_0587,mbg_crawl_033325,data crawl mbg (in).xlsx,Sheet1,33326,mbg adalah program pemerintah dalam rangka meningkatkan kualitas gizi anak di papua mbg,87,13,,,,,,,
label_sample_0588,mbg_crawl_026311,data crawl mbg (in).xlsx,Sheet1,26312,papua semarak penuh harapan dengan program mbg makanbergiziuntukindonesia makanbergizigratisbantuumkm,101,9,,,,,,,
label_sample_0589,mbg_crawl_061582,data crawl mbg (in).xlsx,Sheet1,61583,makan bergizi gratis memperkuat rantai pasok pangan dari hulu ke hilir mbgdorongekonomi,87,12,,,,,,,
label_sample_0590,mbg_crawl_003696,data crawl mbg (in).xlsx,Sheet1,3697,personil polsek muara batang gadis melaksanakan giat patroli siang di desa singkuang ii,87,13,,,,,,,
label_sample_0591,mbg_crawl_060900,data crawl mbg (in).xlsx,Sheet1,60901,makan bergizi gratis dari prabowo punya misi besar buat stunting kalah telak kolaborasitingkatkanpendidikan,107,13,,,,,,,
label_sample_0592,mbg_crawl_016972,data crawl mbg (in).xlsx,Sheet1,16973,program mbg hadir berkat umkm yang semangat bikin makanan sehat bisa dinikmati lebih banyak orang hebat umkmdukungmbg,117,17,,,,,,,
label_sample_0593,mbg_crawl_020913,data crawl mbg (in).xlsx,Sheet1,20914,tuntutan bem si dalam aksi indonesia gelap evaluasi makan bergisi gratis mbg hingga minta tukin dosen asn dicairkan,115,18,,,,,,,
label_sample_0594,mbg_crawl_019565,data crawl mbg (in).xlsx,Sheet1,19566,bisa ga sih pejabat disuruh makan siang sama persis kyk menu mbg biar ngerti kalo ini tuh ga layak anj,102,20,,,,,,,
label_sample_0595,mbg_crawl_032342,data crawl mbg (in).xlsx,Sheet1,32343,lagi kepikiran kan yg dapet mbg kan anak sekolah ya trs yg ga sekolah ttp dapet apa ga ya,89,19,,,,,,,
label_sample_0596,mbg_crawl_042720,data crawl mbg (in).xlsx,Sheet1,42721,rumusan ekonominya bagaimana bosse anaknya dikasi mbg satu kali orang tuanya kena phk,85,13,,,,,,,
label_sample_0597,mbg_crawl_023819,data crawl mbg (in).xlsx,Sheet1,23820,mamam tu anak usia thn yg rata all in jg nunggu dpt mbg tau lulus aja blm dpt mbg mamam tu,90,21,,,,,,,
label_sample_0598,mbg_crawl_001486,data crawl mbg (in).xlsx,Sheet1,1487,ini cwek gue menyalaa mbg bluu karina superbeing teaser karina armageddon teaser karina,87,13,,,,,,,
label_sample_0599,mbg_crawl_032032,data crawl mbg (in).xlsx,Sheet1,32033,dana mbg bantu sekolah berkembang yuk optimalkan buat generasi unggul kolaborasitingkatkanpendidikan,100,11,,,,,,,
label_sample_0600,mbg_crawl_026135,data crawl mbg (in).xlsx,Sheet1,26136,berharap semua daerah bisa punya program kayak mbg ini makanbergiziuntukindonesia makanbergizigratisbantuumkm,109,11,,,,,,,
label_sample_0601,mbg_crawl_032268,data crawl mbg (in).xlsx,Sheet1,32269,wujudkan indonesia yang lebih sehat dan sukses bareng program mbg yuk jadi bagian dari perubahan,96,15,,,,,,,
label_sample_0602,mbg_crawl_053311,data crawl mbg (in).xlsx,Sheet1,53312,makan bergizi gratis ini adalah langkah yang luar biasa untuk menciptakan generasi yang lebih sehat teruskan,108,16,,,,,,,
label_sample_0603,mbg_crawl_035618,data crawl mbg (in).xlsx,Sheet1,35619,bersama tni polri keamanan mudik lebaran aman papua damai mbg lancar buat pembangunan yang merata sinergitasuntukbangsa,119,16,,,,,,,
label_sample_0604,mbg_crawl_045860,data crawl mbg (in).xlsx,Sheet1,45861,udh mending mbg distop ae trs duitnya buat boost pendidikan kesehatan ama buka lapangan kerja ngapain ttp prioritasin program yg dr hulu ke hilir aja tidak feasible dan struktural,179,29,,,,,,,
label_sample_0605,mbg_crawl_030648,data crawl mbg (in).xlsx,Sheet1,30649,pernyataan hasan itu merespons terhadap aksi penolakan mbg oleh aliansi sejumlah pelajar di wilayah papua dan kaitannya dengan potensi ancaman kelompok kriminal bersenjata kkb di dalamnya,187,26,,,,,,,
label_sample_0606,mbg_crawl_050815,data crawl mbg (in).xlsx,Sheet1,50816,gizi berkualitas dengan produk lokal indonesiaemas programpresiden presidenprabowo makansianggratis kesehatangratisuntuksemua,125,10,,,,,,,
label_sample_0607,mbg_crawl_049739,data crawl mbg (in).xlsx,Sheet1,49740,program makan bergizi gratis mbg bertujuan mengurangi angka malnutrisi dan stunting di indonesia cekfakta makanbergizigratis dukungmbg,134,16,,,,,,,
label_sample_0608,mbg_crawl_011304,data crawl mbg (in).xlsx,Sheet1,11305,apa kabar mbg ada yang melontarkan wacana ambil dana zakat jika dana mbg tidak cukup khilafahajaranislam islamkaffah nisa khilafah,130,19,,,,,,,
label_sample_0609,mbg_crawl_071629,data crawl mbg (in).xlsx,Sheet1,71630,kalau kritiknya untuk kebaikan kan gapapa dan untuk saat ini pun mbg juga masih dalam tahap proses agar kedepannya lebih baik lagi dalam menyeimbangkan gizi anak,161,26,,,,,,,
label_sample_0610,mbg_crawl_027613,data crawl mbg (in).xlsx,Sheet1,27614,kl sekedar stunting banyak program yg bisa dikerjakan tidak perlu mbg jgn gara mbg tidak ada skolahan jalan dll hmm aneh buzzer nya,131,23,,,,,,,
label_sample_0611,mbg_crawl_026446,data crawl mbg (in).xlsx,Sheet1,26447,bahkan sampe skrg adek gue kagaa ada dpt mbg gas juga masih lancar minyak masih jaya alhamdulillah gatau dah kalau guenya yg kaga tau,133,24,,,,,,,
label_sample_0612,mbg_crawl_010752,data crawl mbg (in).xlsx,Sheet1,10753,makanya kam dibuka loker relawan mbg update tu di website pemerintah lagi buka loker itu kan usaha untuk menambah sdm yg kerja bagian itu,137,24,,,,,,,
label_sample_0613,mbg_crawl_010063,data crawl mbg (in).xlsx,Sheet1,10064,wkwkwk ngakak sejadi jadinya gw temen temen gw masuk ig sekretariat wapres karena tadi siang sekolahnya didatengin gibran buat mbg lucu bgt,139,22,,,,,,,
label_sample_0614,mbg_crawl_022475,data crawl mbg (in).xlsx,Sheet1,22476,kayak elo tau aja tong tong duit efisiensi anggaran itu buat ape selain utk mbg utk ape lagi tong tong ndasmu botak ndasmu,122,23,,,,,,,
label_sample_0615,mbg_crawl_065263,data crawl mbg (in).xlsx,Sheet1,65264,dukung penuh inisiatif pm jepang soal makan bergizi gratis bantu anak anak indonesia tumbuh sehat dan cerdas sinergiindonesiajepang,131,18,,,,,,,
label_sample_0616,mbg_crawl_026112,data crawl mbg (in).xlsx,Sheet1,26113,bergerak bersama membangun papua sehat dengan dukungan program mbg makanbergiziuntukindonesia makanbergizigratisbantuumkm,121,11,,,,,,,
label_sample_0617,mbg_crawl_008549,data crawl mbg (in).xlsx,Sheet1,8550,pak sekarang saja uang untuk belanja jasa dan barang disetiap kementerian sudah di potong untuk mbg sulit rasa untuk dapat pertumbuhan ekonomi meningkat,152,23,,,,,,,
label_sample_0618,mbg_crawl_071936,data crawl mbg (in).xlsx,Sheet1,71937,ini para pns gak mau demo apa udah kerjaannya mau diambil tni sekarang ketambahan efisiensi buat gaji koruptor mbg yg gak jelas,127,22,,,,,,,
label_sample_0619,mbg_crawl_014521,data crawl mbg (in).xlsx,Sheet1,14522,dari awal muncul haus validasi bawa bawa status ilmuan dan profesornya mulu keblinger dan gak napak tanah karena dukung mbg sama aja kayak yang lain tipikal yes man,164,28,,,,,,,
label_sample_0620,mbg_crawl_013863,data crawl mbg (in).xlsx,Sheet1,13864,kalo kita rakyat kan juga boleh usul untuk membantu dana mbg gimana kalo dpd mpr dibubarin trus anggarannya dialihkan ke mbg,124,21,,,,,,,
label_sample_0621,mbg_crawl_020116,data crawl mbg (in).xlsx,Sheet1,20117,mahasiswa yg ketangkep ngaku ikutan demo karena di iming i k pelajar yg demo mbg di papua juga bayaran parah gila tolol banged pada mau di benturin sama aparad cuman karena imbalan segitu,187,33,,,,,,,
label_sample_0622,mbg_crawl_006344,data crawl mbg (in).xlsx,Sheet1,6345,menkeu efisiensi kementerian yang potensial termasuk pendidikan dan kesehatan tapi isolop dan menhan ngga demi naikin anggaran program mbg toh wo wo,148,22,,,,,,,
label_sample_0623,mbg_crawl_030534,data crawl mbg (in).xlsx,Sheet1,30535,refocusing anggaran mbg dan ikn stop total aja sih alihkan ke perputaran ekonomi kerakyatan dulu gw lebih respect kalau mbg dibatalkan siap mendukung penuh dan jadi buzzer gratis pak prabowo,190,30,,,,,,,
label_sample_0624,mbg_crawl_004469,data crawl mbg (in).xlsx,Sheet1,4470,sasa harshtag inafaa kuwa fagiawote ile kiburi imejaa na hawa wajinga only a totally new breed of parliamentarians will fix it,126,21,,,,,,,
label_sample_0625,mbg_crawl_034586,data crawl mbg (in).xlsx,Sheet1,34587,program terbesar di dunia mbg mu itu bahkan belum nyampe sama sekali ke daerah saya ga ngarep juga sih karena cuma omon omon belaka,131,24,,,,,,,
label_sample_0626,mbg_crawl_067372,data crawl mbg (in).xlsx,Sheet1,67373,dukungan umkm pada makan bergizi gratis sediakan pangan sehat demi tingkatkan kesehatan dan kesejahteraan masyarakat umkmdukungmbg,130,16,,,,,,,
label_sample_0627,mbg_crawl_010073,data crawl mbg (in).xlsx,Sheet1,10074,pak sudah tempat memilih ketua badan gizi nasional ini orgnya sangat terbuka malah menyerukan agar memfoto video menu makanan mbg,129,20,,,,,,,
label_sample_0628,mbg_crawl_024978,data crawl mbg (in).xlsx,Sheet1,24979,salut buat kmp r dukungan kalian untuk program mbg di papua pasti akan membawa dampak positif bagi masyarakat setempat semoga inisiatif ini terus berlanjut dan memberikan manfaat nyata,184,28,,,,,,,
label_sample_0629,mbg_crawl_011247,data crawl mbg (in).xlsx,Sheet1,11248,dengan foto mbg yg beredar kira gizi yg ditargetkan tuh tercapai gak belum lagi yg beredar katanya masakan mentah belum matang gitu kira bergizinya dari aspek yg gimana,168,28,,,,,,,
label_sample_0630,mbg_crawl_052516,data crawl mbg (in).xlsx,Sheet1,52517,program makan bergizi gratis dari pemerintah keren banget sih makin aman dan terjamin deh pekerja di ekosistem mbg soalnya ada bpjs ketenagakerjaan juga,152,23,,,,,,,
label_sample_0631,mbg_crawl_067303,data crawl mbg (in).xlsx,Sheet1,67304,menpora dito ariotedjo bandingkan komposisi gizi makan bergizi gratis dengan asupan atlet olimpiade bahlillahadalia kuningkeren golkarindonesia partaigolkar golkarpedia,168,18,,,,,,,
label_sample_0632,mbg_crawl_029183,data crawl mbg (in).xlsx,Sheet1,29184,setuju di lanjutin asal jgn pake apbn pake dana investor asing yg kata presiden ke investor udah pada ngantri apbn khusus utk mbg investor asing khusus ikn,155,27,,,,,,,
label_sample_0633,mbg_crawl_064704,data crawl mbg (in).xlsx,Sheet1,64705,wamenperin faisol riza meninjau program makan bergizi gratis di jakarta timur memberikan gizi untuk anak anak di paud dan sd,124,20,,,,,,,
label_sample_0634,mbg_crawl_064448,data crawl mbg (in).xlsx,Sheet1,64449,istana anggap usulan makan bergizi gratis dibiayai zakat memalukan klik untuk baca kompascom baca berita tanpa iklan download aplikasi,134,19,,,,,,,
label_sample_0635,mbg_crawl_043593,data crawl mbg (in).xlsx,Sheet1,43594,nih ya gaes yg nyari videonya tak cariin karena ini rillmin herannya yg gini ada yg milih dan menang jd gak usah heran next apapun itu doi bantuin mbg pokoknya mah wkwkwk,170,32,,,,,,,
label_sample_0636,mbg_crawl_007674,data crawl mbg (in).xlsx,Sheet1,7675,ulat haram dalam islam kok bisa nya mau kasih makanan haram ke anak muslim lagian walau bukan muslim rakyat bisa cari ulat sendiri di pohon ga perlu ada program mbg,164,30,,,,,,,
label_sample_0637,mbg_crawl_050743,data crawl mbg (in).xlsx,Sheet1,50744,investasi dalam generasi sehat indonesiaemas programpresiden presidenprabowo makansianggratis kesehatangratisuntuksemua,119,9,,,,,,,
label_sample_0638,mbg_crawl_058769,data crawl mbg (in).xlsx,Sheet1,58770,makan bergizi gratis membuka peluang peningkatan ekonomi dengan mendorong sektor pertanian peternakan dan industri pangan yang lebih berkelanjutan,146,18,,,,,,,
label_sample_0639,mbg_crawl_049909,data crawl mbg (in).xlsx,Sheet1,49910,usulan airlangga program makan siang gratis pakai dana bos ditolak perhimpunan guru dan fraksi pks makansianggratis airlangga danabos pks guru lewat,148,21,,,,,,,
label_sample_0640,mbg_crawl_067320,data crawl mbg (in).xlsx,Sheet1,67321,dalam beberapa kasus program makan bergizi gratis juga menyediakan makanan untuk mereka yang baru saja menjalani operasi atau perawatan medis umkmdukungmbg,155,21,,,,,,,
label_sample_0641,mbg_crawl_031823,data crawl mbg (in).xlsx,Sheet1,31824,erasi cerdas dimulai dari sekolah yang layak gunakan anggaran mbg demi pendidikan berkualitas kolaborasitingkatkanpendidikan,124,14,,,,,,,
label_sample_0642,mbg_crawl_026199,data crawl mbg (in).xlsx,Sheet1,26200,program mbg benar benar memberi harapan baru bagi anak anak papua yang penuh semangat makanbergiziuntukindonesia makanbergizigratisbantuumkm,140,16,,,,,,,
label_sample_0643,mbg_crawl_043077,data crawl mbg (in).xlsx,Sheet1,43078,pertanyaannya bagaimana sistemnya apbn apbd itu mengalir ke masyarakat sedangkan uang hasil efisiensi masih di tampung di danantara dan mbg,139,20,,,,,,,
label_sample_0644,mbg_crawl_023458,data crawl mbg (in).xlsx,Sheet1,23459,kenapa mbg tidak di fokuskan dulu di daerah t jadi tidak terlalu membebani anggaran di awal yang berdampak kemana mana sekolah dengan reputasi orang kaya dapet mbg seakan akan menjadi sia sia,191,32,,,,,,,
label_sample_0645,mbg_crawl_010922,data crawl mbg (in).xlsx,Sheet1,10923,pemprov dki jakarta menyatakan kesiapannya apabila diminta memberikan kontribusi dalam mendukung anggaran program makan bergizi gratis mbg,138,17,,,,,,,
label_sample_0646,mbg_crawl_055753,data crawl mbg (in).xlsx,Sheet1,55754,gizi baik hari cerah dengan program makan bergizi gratis kita pastikan setiap anak indonesia tumbuh sehat dan penuh energi penuhigiziindonesia sehatitupenting,158,21,,,,,,,
label_sample_0647,mbg_crawl_014505,data crawl mbg (in).xlsx,Sheet1,14506,ya berhentikan saja itu mbg nya susah amat sih bermanfaat juga kagak secara fakta di lapangan bergizi apanya bikin bengkak anggaran iya bikin apbn bego iya,155,26,,,,,,,
label_sample_0648,mbg_crawl_056272,data crawl mbg (in).xlsx,Sheet1,56273,dalam sesi ceramah di masjid kampus ugm anies menerima beberapa pertanyaan dari jemaah salah satunya mengenai program makan bergizi gratis mbg anies ugm,152,23,,,,,,,
label_sample_0649,mbg_crawl_054548,data crawl mbg (in).xlsx,Sheet1,54549,ihsg anjlok ya karena emang mau dibikin anjlok aja kalo prabowo tetap memberantas korupsi dan tetap menjalankan program makan bergizi gratis begitu kamerad yg paling berkorban,175,26,,,,,,,
label_sample_0650,mbg_crawl_062577,data crawl mbg (in).xlsx,Sheet1,62578,program makan bergizi gratis adalah langkah nyata dalam menciptakan masyarakat yang sehat dan produktif mari kita dukung bersama,128,18,,,,,,,
label_sample_0651,mbg_crawl_064384,data crawl mbg (in).xlsx,Sheet1,64385,udah deh makan bergizi gratis itu mending ditiadakan saja anggarannya bisa dialihkan untuk jaminan kesehatan masyarakat,119,16,,,,,,,
label_sample_0652,mbg_crawl_045336,data crawl mbg (in).xlsx,Sheet1,45337,adik aku berekspektasi mbg yang diberikan bakal kaya di kantin kantin korea yang banyak org korea nge buat videonya lunch part sekian gituu adik kamu sangat naif,161,27,,,,,,,
label_sample_0653,mbg_crawl_064186,data crawl mbg (in).xlsx,Sheet1,64187,ada buzzer pemerintah yang digaji pakai uang pajak rakyat menjelaskan soal makan bergizi gratis tak komentar sedikit ya,119,18,,,,,,,
label_sample_0654,mbg_crawl_058412,data crawl mbg (in).xlsx,Sheet1,58413,mungkin ini implementasi dari sumber protein alternatif ibu ibu di surabaya protes temukan ulat dan lalat di menu makan bergizi gratis anaknya via,146,23,,,,,,,
label_sample_0655,mbg_crawl_011004,data crawl mbg (in).xlsx,Sheet1,11005,mbg itu diambil dari ppn yg naik jadi dari pph org tua mereka yg dipotong dari gajinya tiap bulan makin besar pendapatannya pph nya juga makin besar so stop nyamain mbg sm charity,179,33,,,,,,,
label_sample_0656,mbg_crawl_014690,data crawl mbg (in).xlsx,Sheet1,14691,blunder ppn mbg pada gamau mikir dampak lainnya giliran dikasih lihat fakta di lapangan malah cuci tangan mana pendukungnya pada tolol lagi masih aja ngebelain,159,25,,,,,,,
label_sample_0657,mbg_crawl_019314,data crawl mbg (in).xlsx,Sheet1,19315,baru banget kmrn diceritain temen kalau dana mbg dikorupsi sama suppliernya alias udah dana nya ga banyak dikorupsi pulaa,121,19,,,,,,,
label_sample_0658,mbg_crawl_011391,data crawl mbg (in).xlsx,Sheet1,11392,kan ga semua butuh mbg bisa kan diberikan kepada yang butuh aja di data juga bisa mana anak orang mampu mana yang kagak jadi ga buang buang anggaran sama makanan,161,30,,,,,,,
label_sample_0659,mbg_crawl_010273,data crawl mbg (in).xlsx,Sheet1,10274,wooee zakat itu dibagikan kepada fakir miskin atau orang fisabilillah bukan untuk mbg yang mana sebagian besar masih mampu makan di rumah ojo ngawur bambaang,157,25,,,,,,,
label_sample_0660,mbg_crawl_045850,data crawl mbg (in).xlsx,Sheet1,45851,ini pemerintah sama legislatif kok kayak amatiran ya apa gak dipikir imbasnya apa banyak yg gak bisa menafkahi keluarga dan jadi pengangguran apa karena mbg jadi menghemat sampai segitunya,188,29,,,,,,,
label_sample_0661,mbg_crawl_070354,data crawl mbg (in).xlsx,Sheet1,70355,melalui program makan bergizi gratis pemerintah berupaya untuk memenuhi gizi pada anak anak seluruh indonesia mbg makanbergizigratis dukungmbg,142,18,,,,,,,
label_sample_0662,mbg_crawl_035010,data crawl mbg (in).xlsx,Sheet1,35011,dan pemerintah masih insist kalo mbg membuka lapangan pekerjaan dan menurunkan kemiskinan ï x f program gak rasional ya allah kenapa masih bersikeras,149,23,,,,,,,
label_sample_0663,mbg_crawl_049750,data crawl mbg (in).xlsx,Sheet1,49751,heheheh mari kita tunggu realisasinya gimana ges fyp fyp prabowo prabowosubianto makansianggratis proker explore explorepage,124,15,,,,,,,
label_sample_0664,mbg_crawl_001913,data crawl mbg (in).xlsx,Sheet1,1914,ps kanit samapta polsek muara batang gadis melaksanakan giat sambang sekaligus menyampaikan pesan pesan kamtibmas kepada masyarakat desa singkuang i,148,20,,,,,,,
label_sample_0665,mbg_crawl_068845,data crawl mbg (in).xlsx,Sheet1,68846,harusnya sesuai tujuannya makan bergizi gratis untuk mengatasi stunting klo trrnyata makananya ga bergizi gmn mencapai tujuan awal mengatasi stunting,149,20,,,,,,,
label_sample_0666,mbg_crawl_008880,data crawl mbg (in).xlsx,Sheet1,8881,nah betul del orang yg duduk di kursi empuk harus sama menu y dngn menu mbg ulat belalang dasar yg ngasih ide y stres tidak smua anak suka mkn ulat sama belalang,161,32,,,,,,,
label_sample_0667,mbg_crawl_031846,data crawl mbg (in).xlsx,Sheet1,31847,wujudkan sekolah impian dengan fasilitas terbaik mari optimalkan anggaran lewat program mbg demi pendidikan mumpuni kolaborasitingkatkanpendidikan,146,16,,,,,,,
label_sample_0668,mbg_crawl_036863,data crawl mbg (in).xlsx,Sheet1,36864,juta rumah ga ada juta lapangan pekerjaan malah makin banyak phk mbg menunya mau diganti pake batagor jadi ini rezim kerjanya ngapain sih,137,23,,,,,,,
label_sample_0669,mbg_crawl_062324,data crawl mbg (in).xlsx,Sheet1,62325,alhamdulillah bisa makan bergizi gratis tanpa mikirin harga sayur naik lagi semoga yang butuh beneran dapat ya jangan malah disikat oknum,137,21,,,,,,,
label_sample_0670,mbg_crawl_003535,data crawl mbg (in).xlsx,Sheet1,3536,di mbg extension lantai sudah ada store baru nih yukk mampir cek siapa tau ada kebutuhan perlengkapan olahraga fashion yg kamu butuhkan malbaligaleria familymall mbgextension,174,25,,,,,,,
label_sample_0671,mbg_crawl_003639,data crawl mbg (in).xlsx,Sheet1,3640,ia membantah bahwa dalam pertemuan itu ada pembicaraan soal tawaran menteri termasuk soal program makan bergizi gratis mbg,122,18,,,,,,,
label_sample_0672,mbg_crawl_027468,data crawl mbg (in).xlsx,Sheet1,27469,enggak kagetlah dia berjasa sudah memarahi anak sd yg protes mbg udah capek gedein badan gak pake baju biar anak sd pd takut,124,23,,,,,,,
label_sample_0673,mbg_crawl_018737,data crawl mbg (in).xlsx,Sheet1,18738,segala macam kasus menutupi kasus sebelumnya occrp mbg pagar laut penembakan efisiensi danantara pertamina timah dan lain lain,126,18,,,,,,,
label_sample_0674,mbg_crawl_005727,data crawl mbg (in).xlsx,Sheet1,5728,panyabungan startnews bupati mandailing natal madina hm jafar sukhairi nasution menyambut baik program makanan bergizi gratis mbg yang digalakkan pemerintah untuk pelajar,170,22,,,,,,,
label_sample_0675,mbg_crawl_031371,data crawl mbg (in).xlsx,Sheet1,31372,langkah inovatif prabowo dengan mbg sinergikan gizi optimal dan pendidikan plus untuk masa depan hebat kolaborasitingkatkanpendidikan,133,16,,,,,,,
label_sample_0676,mbg_crawl_007803,data crawl mbg (in).xlsx,Sheet1,7804,program mbg ini bukti nyata niat baik pemerintah buat peduli kesehatan masyarakat semoga makin banyak yang terbantu harikerjanyata,130,18,,,,,,,
label_sample_0677,mbg_crawl_015945,data crawl mbg (in).xlsx,Sheet1,15946,makanan mbg prabowo gibran yg keliatan makanannya proper kayakny cmn buzzer imposter yg ngaku ngaku dari subang kemaren oke gas,127,20,,,,,,,
label_sample_0678,mbg_crawl_011056,data crawl mbg (in).xlsx,Sheet1,11057,juru bicara jubir kantor komunikasi kepresidenan pco dedek prayudi menegaskan bahwa program makan bergizi gratis mbg tidak memangkas anggaran lainnya,149,20,,,,,,,
label_sample_0679,mbg_crawl_012865,data crawl mbg (in).xlsx,Sheet1,12866,mempersilakan apa minta nih banyak kegiatan apbd yg dipending nunggu juknis kemenkeu denger denger utk sharing biaya mbg emang hasyu kalian ini siapa berbuat siapa yg ikut tanggungjawab,185,28,,,,,,,
label_sample_0680,mbg_crawl_009607,data crawl mbg (in).xlsx,Sheet1,9608,iya iya suka mu aja iyain aja deh di atas ngarang kalaupun iya ga mengubah fakta lapangan jika mbg ini berdampak negatif terhadap umkm satu karangan cerita tidak bisa mengubah fakta lapangan kan,194,33,,,,,,,
label_sample_0681,mbg_crawl_064520,data crawl mbg (in).xlsx,Sheet1,64521,horas dusanakmido kantor imigrasi kelas ii tpi sibolga bekerja sama dengan bank bri cabang sibolga menghadirkan kegiatan makan bergizi gratis di sd muhammadiyah plus sibuluan indah kamis januari,194,28,,,,,,,
label_sample_0682,mbg_crawl_018786,data crawl mbg (in).xlsx,Sheet1,18787,budi mengutarakan rencananya untuk mewujudkan kop hub untuk menyuplai kebutuhan mbg budiariesetiadi menkop budiarie menteri mbg,127,16,,,,,,,
label_sample_0683,mbg_crawl_035015,data crawl mbg (in).xlsx,Sheet1,35016,contohnya waktu kesehatan dan pendidikan ga dijadiin prioritas tapi yang malah dipush itu mbg katanya buat ningkatin gizi anak dan bantu umkm tapi eksekusinya berantakan total,175,26,,,,,,,
label_sample_0684,mbg_crawl_041741,data crawl mbg (in).xlsx,Sheet1,41742,mbg di papua harusnya bukan prioritas di papua lbh butuh pendidikan dan kesehatan kampung yg dekat dng ibukota kabupaten kota msh bnyk yg blm bisa akses kedua hal tsb,166,29,,,,,,,
label_sample_0685,mbg_crawl_022572,data crawl mbg (in).xlsx,Sheet1,22573,tapera bpjs kelangkaan gas melon mbg berujung efisiensi pagar laut danatara ada yg mau nambahin ini baru jalan berapa bulan udah blunder banget pemerintah,154,24,,,,,,,
label_sample_0686,mbg_crawl_049414,data crawl mbg (in).xlsx,Sheet1,49415,semangat bakti wujudkan kebaikan polri mendukung penuh program makan bergizi gratis memastikan supaya masyarakat mendapatkan asupan gizi yang layak makanbergizigratis,166,20,,,,,,,
label_sample_0687,mbg_crawl_032489,data crawl mbg (in).xlsx,Sheet1,32490,jumlah pelajar di indonesia juta orang x harga porsi makan bergizi gratis mbg rp rp miliar artinya negara butuh uang rp miliar x hari rp trilyun per bulan untuk program mbg sebulan,180,32,,,,,,,
label_sample_0688,mbg_crawl_037747,data crawl mbg (in).xlsx,Sheet1,37748,pak mohon agar pemain bola nasional diikutkan ke program makan bergizi gratis mbg agar mereka tidak kurang gizi lagi seperti klaim dari kepala badan gizi nasional terima kasih,175,28,,,,,,,
label_sample_0689,mbg_crawl_068440,data crawl mbg (in).xlsx,Sheet1,68441,mari kita dukung program makan bergizi gratis untuk menciptakan masa depan indonesia yang lebih sehat dan lebih sejahtera makanbergizibangunnegeri,146,19,,,,,,,
label_sample_0690,mbg_crawl_014445,data crawl mbg (in).xlsx,Sheet1,14446,presiden prabowo subianto disebut menggunakan dana pribadi dalam program makan bergizi gratis mbg karena penerapannya masih dalam tahap uji coba dan belum dibiayai apbn simak selengkapnya,187,26,,,,,,,
label_sample_0691,mbg_crawl_051381,data crawl mbg (in).xlsx,Sheet1,51382,center for strategic and international studies csis nilai program makan bergizi gratis memiliki banyak manfaat positif prabowo presidenprabowo makananbergizigratis mbg astacita,176,21,,,,,,,
label_sample_0692,mbg_crawl_039542,data crawl mbg (in).xlsx,Sheet1,39543,ketua dewan ekonomi nasional luhut binsar pandjaitan bilang kalau program makan bergizi gratis mbg punya dampak luar biasa buat ekonomi indonesia,145,21,,,,,,,
label_sample_0693,mbg_crawl_058050,data crawl mbg (in).xlsx,Sheet1,58051,otak mereka kopong nder baru ke isi pas jam makan bergizi gratis percuma debat sama orang budeg mah nggak mau kalah yg ada,122,23,,,,,,,
label_sample_0694,mbg_crawl_059603,data crawl mbg (in).xlsx,Sheet1,59604,setiap sendok makanan bergizi adalah investasi bagi masa depan bangsa mari kita dukung program makan bergizi gratis untuk anak anak indonesia giziuntukanak makanbergizigratis,174,23,,,,,,,
label_sample_0695,mbg_crawl_010264,data crawl mbg (in).xlsx,Sheet1,10265,mbg hari kedua nggak dimakan sama ghifari catering dari sekolah biasanya kemakan walau kadang nggak habis tapi ini nggak disentuh pusing bangett besok blg apa sama prof mei,172,28,,,,,,,
label_sample_0696,mbg_crawl_010226,data crawl mbg (in).xlsx,Sheet1,10227,saya jujur masih bingung program makan bergizi gratis mbg setiap sekolah itu tiap hari atau bulan sekali atau tahun sekali pak dikasihnya,137,22,,,,,,,
label_sample_0697,mbg_crawl_052375,data crawl mbg (in).xlsx,Sheet1,52376,mbg makan beracun gratis pelajar sdn kasipute di kab bombana sulawesi tenggara muntah usai menerima makan siang bergizi rabu min siapa yg bisa dituntut dg kasus spt ini,168,28,,,,,,,
label_sample_0698,mbg_crawl_070343,data crawl mbg (in).xlsx,Sheet1,70344,kontras pemikiran exmertua dengan ps project mbg hasilnya tai kata exmertua bagaimana turunkan harga pangan jika utang ln hanya jadi tai mimpi disiang bolong,157,24,,,,,,,
label_sample_0699,mbg_crawl_007155,data crawl mbg (in).xlsx,Sheet1,7156,kan yg masih banyak yg ga sekolah karena ga mampu miskin yg berarti gabisa ikut merasakan fasilitas mbg itu orang penyalurannya aja lewat sekolah hadeuhh,153,25,,,,,,,
label_sample_0700,mbg_crawl_034543,data crawl mbg (in).xlsx,Sheet1,34544,bang jangan tersinggung lho ya tapi jawaban elu selalu positif tentang mbg ini elu salah satu warga yang all in all in joget joget ok gas ya,140,27,,,,,,,
label_sample_0701,mbg_crawl_052485,data crawl mbg (in).xlsx,Sheet1,52486,seluruh kepala daerah se sumut bersama tujuh kementerian segera bahas inflasi ketahanan pangan dan makan bergizi gratis,119,17,,,,,,,
label_sample_0702,mbg_crawl_034270,data crawl mbg (in).xlsx,Sheet1,34271,betul makanan basi atau ada anak keracunan saat mbg aja yg disalahkan anaknya yg merekam bukan mengubah sistemnya sehingga tidak terjadi hal seperti itu lagi,157,25,,,,,,,
label_sample_0703,mbg_crawl_062486,data crawl mbg (in).xlsx,Sheet1,62487,pln hadir mendukung program makan bergizi gratis memastikan energi listrik tak pernah padam demi kesejahteraan rakyat plnuntukindonesia,135,17,,,,,,,
label_sample_0704,mbg_crawl_013616,data crawl mbg (in).xlsx,Sheet1,13617,tp didunia kan mereka senangâ walaupun rakyat yg diperas dgn pajak dan ada yg minta sumbangan utk mbg kebijakanâ yg jelas membebani rakyat,138,23,,,,,,,
label_sample_0705,mbg_crawl_022606,data crawl mbg (in).xlsx,Sheet1,22607,mungkin di jam tertentu mereka dikumpulin di kelas ga boleh keluar buat mbg karena ga dateng ya wajar anak sekolah kelaparan,124,21,,,,,,,
label_sample_0706,mbg_crawl_064478,data crawl mbg (in).xlsx,Sheet1,64479,menteri abdul kadir karding dan pilar tinjau langsung makan bergizi gratis di tangsel menu makanan dan distribusi rapih abudlkadirkarding makanbergizigratis pilarsagaichsan,172,21,,,,,,,
label_sample_0707,mbg_crawl_002727,data crawl mbg (in).xlsx,Sheet1,2728,di sisi lain syarifah soraya seorang praktisi gizi dari mgia menyoroti manfaat program mbg terhadap kesehatan generasi muda,123,18,,,,,,,
label_sample_0708,mbg_crawl_069905,data crawl mbg (in).xlsx,Sheet1,69906,prabowo nih lucu banget dana pendidikan penelitian aja dipangkas buat mbg lah sekarang bilang iptek kita kalah jadi realistis aja bikin tkdn lah alias diturunin diganti instentif aja lah,186,29,,,,,,,
label_sample_0709,mbg_crawl_032367,data crawl mbg (in).xlsx,Sheet1,32368,program mbg rawan segala sebaiknya diganti sekolah gratis dan anggarannya untuk melengkapi sarana prasarana sekolah mbg thn per thn rp sanggup tercapai sasaran dll,163,24,,,,,,,
label_sample_0710,mbg_crawl_038792,data crawl mbg (in).xlsx,Sheet1,38793,mereka tuh kenapa sih bisa kecintaan bgt sama wowook heran padahal bukti udah terpampang jelas dari mbg yg ancur ancuran,120,20,,,,,,,
label_sample_0711,mbg_crawl_010397,data crawl mbg (in).xlsx,Sheet1,10398,ganti aja nama program makan bergizi gratis mbg jadi makan bersyukur gratis gaboleh komplain mbggk bro pikir hebat bisa mengolok olok anak kecil dengan bertelanjang dada,169,26,,,,,,,
label_sample_0712,mbg_crawl_009690,data crawl mbg (in).xlsx,Sheet1,9691,gimana mau puas gebrakan awal janji mbg aja ribet antara anggaran dg pelaksanaan ujung tombak pendidik generasi penerus malah dicabut tukinnya pajak malah tambah naik apalagi tuh,178,27,,,,,,,
label_sample_0713,mbg_crawl_061924,data crawl mbg (in).xlsx,Sheet1,61925,kesehatan sm pendidikan jd prioritas pendukung wkwkkwkwkw pdhl kl pendidikan kesehatannya jd prio utama makan bergizi gratis bisa diapus tujuan awal mbg untuk mencegah stunting kan,180,26,,,,,,,
label_sample_0714,mbg_crawl_008155,data crawl mbg (in).xlsx,Sheet1,8156,melalui program makan bergizi gratis indonesia maju mbg makanbergizigratis makanbergiziuntukindonesi anaksehatbangsahebat gizigratisuntuknegeri ekonomimaju indonesiaemas,169,14,,,,,,,
label_sample_0715,mbg_crawl_007456,data crawl mbg (in).xlsx,Sheet1,7457,waktu liat diminta efisiensi aja tanpa hal lainnya yang kepikiran cuma ga ada duitnya atau buat program mbg time will tell,122,21,,,,,,,
label_sample_0716,mbg_crawl_053659,data crawl mbg (in).xlsx,Sheet1,53660,terlalu banyak masalah yang harus diselesaikan tapi makan bergizi gratis adalah langkah pertama untuk pastikan semua orang sehat dan bisa berpikir jernih nggak cuma masalah ekonomi,180,26,,,,,,,
label_sample_0717,mbg_crawl_045591,data crawl mbg (in).xlsx,Sheet1,45592,alasan pemerintah lagi cekak tunda sampai tidak ada batas efek domino mbg duit pemerintah ludes dalam bulan dan sebagian di korupsi,131,21,,,,,,,
label_sample_0718,mbg_crawl_021569,data crawl mbg (in).xlsx,Sheet1,21570,poin omongan lu kemana manaa gua liat si mas pangeran solo itu dari dulu juga ga bisa tuh ngomong depan publik dengan lugas dan terstruktur barusan aja ditanya mbg aja jawabnya malah puskesmas,192,33,,,,,,,
label_sample_0719,mbg_crawl_039328,data crawl mbg (in).xlsx,Sheet1,39329,yg aku inget umay shahab krn dulu dibully habis habisan pas komentarin program mbg wkwk kalo yg aku notis kittendust ofc panutanku hehe,135,23,,,,,,,
label_sample_0720,mbg_crawl_051151,data crawl mbg (in).xlsx,Sheet1,51152,gw masih gak ngerti sasaran program makan bergizi gratis ini buat siapa sih sebenarnya gw yg tolol apa emang berubah ubah sasarannya makansianggratis prabowogibran,163,24,,,,,,,
label_sample_0721,mbg_crawl_028683,data crawl mbg (in).xlsx,Sheet1,28684,mbg apakah sangat urgent harus sekarang dilaksanakan emang dulu sebelum janji kagak dihitung dan dipikir dulu ya jd semakin pesimis kedepannya,142,21,,,,,,,
label_sample_0722,mbg_crawl_013166,data crawl mbg (in).xlsx,Sheet1,13167,ngapain bayar bujer bison telmi program mbg pragib raih jt suara pemilu program mbg jt anak paud sd sma ibu hamil warga rentan dll suara murid ortu kakek dll jt,160,30,,,,,,,
label_sample_0723,mbg_crawl_014122,data crawl mbg (in).xlsx,Sheet1,14123,kalo gitu minta satu tiap hari menu mbg itu dimakan opung tiap siang di depan jurnalis dong bisa kenyang dan mau terus makan ga tuh opung,137,26,,,,,,,
label_sample_0724,mbg_crawl_048852,data crawl mbg (in).xlsx,Sheet1,48853,menurut alifudin usulan yang menuai pro dan kontra itu harus dipertimbangkan dengan cermat agar tidak menimbulkan dampak negatif bagi masyarakat terutama anak anak serangga makanbergizigratis dpr,195,26,,,,,,,
label_sample_0725,mbg_crawl_031260,data crawl mbg (in).xlsx,Sheet1,31261,penjabat bupati langkat h m faisal hasrimy ap m ap menghadiri rapat koordinasi program makanan bergizi gratis mbg bersama badan gizi nasional bgn di ruang pola kantor bupati langkat senin,187,30,,,,,,,
label_sample_0726,mbg_crawl_060047,data crawl mbg (in).xlsx,Sheet1,60048,makan tuh program makan bergizi gratis yang gak jelas dibalik program itu banyak sektor yang anggarannya dipangkas banyak yang nangis program jelek dipertahankan karena ego bodoh,178,26,,,,,,,
label_sample_0727,mbg_crawl_051503,data crawl mbg (in).xlsx,Sheet1,51504,dorong pemdes di kukar buat makan bergizi gratis tiap desa bakal ada penyertaan modal kukar mbgdorongekonomi mbg kalimantantimur update kaltim money indonesia,158,22,,,,,,,
label_sample_0728,mbg_crawl_062685,data crawl mbg (in).xlsx,Sheet1,62686,kepala badan gizi nasional dadan hindayana mengatakan serangga seperti belalang hingga ulat sagu bisa menjadi bagian dari menu protein untuk program makan bergizi gratis n serangga protein mbg,192,28,,,,,,,
label_sample_0729,mbg_crawl_018456,data crawl mbg (in).xlsx,Sheet1,18457,harusnya digimanain didiemin aja gitu ya biar menyebar virus homoseksual nya bang hewan mah kalau mau nyuri mau zina mau buang kotoran dimana aja ya gakan dihukum lah bang gimana si mikirnya aneh,195,33,,,,,,,
label_sample_0730,mbg_crawl_057305,data crawl mbg (in).xlsx,Sheet1,57306,program pekarangan pangan lestari dilaksanakan dalam rangka mendukung ketahanan pangan dan program makan bergizi gratis poldametrojaya polrestangsel bhayangkaritangsel pekaranganpanganlestari,191,19,,,,,,,
label_sample_0731,mbg_crawl_066030,data crawl mbg (in).xlsx,Sheet1,66031,sinergi banget nih pm jepang ke indo salah satu agendanya nge backup program makan bergizi gratis sinergiindonesiajepang,120,17,,,,,,,
label_sample_0732,mbg_crawl_022858,data crawl mbg (in).xlsx,Sheet1,22859,seandainya pemerintah mau mengalokasikan dana mbg langsung kepada orangtua siswa resiko seperti ini mungkin akan sangat minim,125,17,,,,,,,
label_sample_0733,mbg_crawl_036401,data crawl mbg (in).xlsx,Sheet1,36402,terlepas dari hoaks atau tidaknya alasan beberapa vendor mbg mundur kita sama sama tau lah siapa yang memegang kendali media dialah yang mengendalikan fakta cc,159,25,,,,,,,
label_sample_0734,mbg_crawl_039129,data crawl mbg (in).xlsx,Sheet1,39130,da riil omon omon baru nerapin mbg bbrp bulan aja kok dah kayak selevel dengan jepang dan korsel dahlah pakk mending ngurusin pendidikan buat anak aja dlu diberesin,164,28,,,,,,,
label_sample_0735,mbg_crawl_059454,data crawl mbg (in).xlsx,Sheet1,59455,masa depan papua dimulai dari gizi yang baik program makan bergizi gratis hadir untuk anak anak yang lebih sehat dan bahagia giziuntukanak papuabangkit,151,23,,,,,,,
label_sample_0736,mbg_crawl_008013,data crawl mbg (in).xlsx,Sheet1,8014,setelah usulan kelor buat mbg muncul wacana serangga buat lawuhnya lama lama nanti ada usulan ubur ubur ikan lele meskipun kzl tetep jogedin aje,144,24,,,,,,,
label_sample_0737,mbg_crawl_048834,data crawl mbg (in).xlsx,Sheet1,48835,terimakasih pak prabowo atas program makan bergizi gratis mbg makanbergizigratis makanbergiziuntukindonesi anaksehatbangsahebat gizigratisuntuknegeri ekonomimaju indonesiaemas,175,15,,,,,,,
label_sample_0738,mbg_crawl_035991,data crawl mbg (in).xlsx,Sheet1,35992,udah udah urusan pribadi orang ini urusan kita adalah uu tni mbg pemimpin goblok dan banyak hal lain jangan terpengaruh pengalihan isu murahan,142,23,,,,,,,
label_sample_0739,mbg_crawl_060456,data crawl mbg (in).xlsx,Sheet1,60457,program pendidikan dan makan bergizi gratis adalah bentuk nyata pemerintah dalam menciptakan keadilan sosial kolaborasitingkatkanpendidikan,139,15,,,,,,,
label_sample_0740,mbg_crawl_070492,data crawl mbg (in).xlsx,Sheet1,70493,orang tau ga sih sekolah yang dapet mbg tu ga semuanya dan ga setiap hari i mean bisa jadi seminggu sekali atau bahkan sebulan sekali baru dapet makan sing gratis otak nya uouo tololl,183,34,,,,,,,
label_sample_0741,mbg_crawl_029696,data crawl mbg (in).xlsx,Sheet1,29697,mbg program abal abal sedot pangkas anggaran k l pemda berakibat programnya lumpuh hanya utk ngambil hati rakyat manjain rakyat sekalian pembodohan era pemerintahan omon omon,174,26,,,,,,,
label_sample_0742,mbg_crawl_016968,data crawl mbg (in).xlsx,Sheet1,16969,mbg dan umkm kerjasama apik yang mengantarkan kita pada masyarakat yang lebih peduli akan kesehatan dan gizi umkmdukungmbg,122,18,,,,,,,
label_sample_0743,mbg_crawl_056186,data crawl mbg (in).xlsx,Sheet1,56187,makan bergizi gratis saat ramadan tetap ada di bulan ramadhan dan bisa dibawa pulang makanbergizigratis indonesiasehat,118,16,,,,,,,
label_sample_0744,mbg_crawl_023055,data crawl mbg (in).xlsx,Sheet1,23056,program kocag mbg nya khusus sekolahâ favorit yg ortu nya orng kaya semua wkkwwk ditunggu mbg buat sekolah angkasa sekalian,123,20,,,,,,,
label_sample_0745,mbg_crawl_015083,data crawl mbg (in).xlsx,Sheet1,15084,empati tuh ke negara yang emang baik aja baru empati kalau ke negara yang emang mau menguasai dunia mau ngerusak dunia dengan ikutan perang dimana gimana kita bisa empati,170,29,,,,,,,
label_sample_0746,mbg_crawl_020294,data crawl mbg (in).xlsx,Sheet1,20295,noh panutan lu padaa bersyukur gk kalian dikasi bansos rebuan thn sekali mbg rb banyak keracunan lagi wahh sangat bersyukur,123,20,,,,,,,
label_sample_0747,mbg_crawl_052479,data crawl mbg (in).xlsx,Sheet1,52480,hati bumil jgn ikut mkn mbg tar ikut keracunan prabowo mengungkap ada profesor nyinyir mengkritik program makan bergizi gratis mbg ia berkelakar agar profesor itu belajar dengan ustaz adi hidayat,195,30,,,,,,,
label_sample_0748,mbg_crawl_065606,data crawl mbg (in).xlsx,Sheet1,65607,kualitas hidup jadi lebih baik gara gara kolaborasi makan bergizi gratis antara jepang dan indonesia keren sinergiindonesiajepang,129,17,,,,,,,
label_sample_0749,mbg_crawl_066272,data crawl mbg (in).xlsx,Sheet1,66273,knapasi berita yg dari indonesia ni kalo bukan kucheng ngeliatin duel tikus buaya puraâ tenggelam sambil dadahâ ya program makan siang gratis yang ternyata basi dan tidak bergizi,178,28,,,,,,,
label_sample_0750,mbg_crawl_008855,data crawl mbg (in).xlsx,Sheet1,8856,kenapa gak dana pejabat saja yang digunakan untuk membantu mbg ini sih selalu saja rakyat dan anak anak yg diatur sana sini,123,22,,,,,,,
label_sample_0751,mbg_crawl_032803,data crawl mbg (in).xlsx,Sheet1,32804,pemerintah resmi meningkatkan anggaran untuk program makan bergizi gratis mbg menjadi rp triliun pada tahun demi meningkatkan kualitas gizi anak anak indonesia,159,22,,,,,,,
label_sample_0752,mbg_crawl_044227,data crawl mbg (in).xlsx,Sheet1,44228,bikin kebijakan cuma buat buang buang duit hal sepele aja mbg banyak masalah kontol emang makin kesini otak pemerintah,118,19,,,,,,,
label_sample_0753,mbg_crawl_039128,data crawl mbg (in).xlsx,Sheet1,39129,pakk di jakarta aja belum semua sdn dapat program mbg apalagi di daerah pakk negara mana pakk yg mau belajar program mbg,120,22,,,,,,,
label_sample_0754,mbg_crawl_022143,data crawl mbg (in).xlsx,Sheet1,22144,hahahaha ini salah satu narasi yg pernah aku dpt ketika berkomentar di ig diserbu warga ig intinya mbg lebih realistis dibanding lainnya boomm,142,23,,,,,,,
label_sample_0755,mbg_crawl_058846,data crawl mbg (in).xlsx,Sheet1,58847,yaelah voters masih aja tone deaf mana tuh yang koar koar siapapun presiden nya kita bakalan gini gini aja kasih makan tuh otak lo pake makanan gratis yang katanya bergizi itu fuck you all,188,34,,,,,,,
label_sample_0756,mbg_crawl_051260,data crawl mbg (in).xlsx,Sheet1,51261,dengan makanan bergizi kita wujudkan generasi cerdas dan sehat langkah kecil hari ini dampak besar di masa depan penuhigiziindonesia makansianggratis kalbarpeduli generasisehat kalbar,183,23,,,,,,,
label_sample_0757,mbg_crawl_049662,data crawl mbg (in).xlsx,Sheet1,49663,program makan bergizi gratis mbg adalah langkah strategis pemerintah dalam mengurangi angka kemiskinan dengan memastikan anak anak mendapatkan gizi yang baik sejak dini makanbergizigratis mbg,191,25,,,,,,,
label_sample_0758,mbg_crawl_058452,data crawl mbg (in).xlsx,Sheet1,58453,mudahnya hidup sehat dan bahagia dengan program makan bergizi gratis di papua makanbergiziuntukindonesia makanbergizigratisbantuumkm,132,14,,,,,,,
label_sample_0759,mbg_crawl_052988,data crawl mbg (in).xlsx,Sheet1,52989,dukung program makan bergizi gratis untuk anak anak agar mereka bisa tumbuh sehat dan kuat setiap anak berhak mendapatkan gizi yang seimbang demi masa depan yang lebih baik mbg,176,29,,,,,,,
label_sample_0760,mbg_crawl_013459,data crawl mbg (in).xlsx,Sheet1,13460,beneran penasaran seberapa jauh pemerintah bakalan obrak abrik anggaran lain yang lebih penting demi program mbg ini dan berapa lama jg nih program akan bertahan,161,25,,,,,,,
label_sample_0761,mbg_crawl_044224,data crawl mbg (in).xlsx,Sheet1,44225,stress masalahnya apa solusinya apa muak banget rasanya sama pemerintah dikira mbg bisa nyegah banjir kali ya gara gara mbg noh semuanya jdi bermasalah pgn berkata kasar tp dah puasa,182,30,,,,,,,
label_sample_0762,mbg_crawl_011218,data crawl mbg (in).xlsx,Sheet1,11219,blm lagi kali dirinci ada yg belanja pegawai lebih apbd kalo dukung mbg pasti yg dikurangi sektor lain bukan belpeg nya,119,21,,,,,,,
label_sample_0763,mbg_crawl_052586,data crawl mbg (in).xlsx,Sheet1,52587,generasi penerus bangsa palestina numpang makan dan berak di indonesia untuk sementara pak ga sia sia program makan bergizi gratis,130,20,,,,,,,
label_sample_0764,mbg_crawl_031511,data crawl mbg (in).xlsx,Sheet1,31512,program mbg gimana kalau buat tingkatkan fasilitas sekolah pendidikan yang top masa depan lebih cerah kolaborasitingkatkanpendidikan,132,16,,,,,,,
label_sample_0765,mbg_crawl_048145,data crawl mbg (in).xlsx,Sheet1,48146,kepala badan gizi nasional bgn dadan hindayana memberikan tanggapan terkait viralnya laporan menu makanan bergizi gratis mbg yang belum matang di media sosial,158,23,,,,,,,
label_sample_0766,mbg_crawl_025886,data crawl mbg (in).xlsx,Sheet1,25887,mbg menunjukkan komitmen nyata pemerintah dalam memberikan akses gizi yang baik bagi masyarakat yang membutuhkan di papua makanbergiziuntukindonesia makanbergizigratisbantuumkm,176,19,,,,,,,
label_sample_0767,mbg_crawl_058177,data crawl mbg (in).xlsx,Sheet1,58178,apa itu makan bergizi gratis yuuk sahabat sehat simak info lengkapnya pada slide diatas mbg makanbergizigratis dinkesklaten dinkeskabklaten,139,18,,,,,,,
label_sample_0768,mbg_crawl_050088,data crawl mbg (in).xlsx,Sheet1,50089,program makan siang gratis dari pemerintah baru bapanas turun tangan langsung yuk dukung bersama makansianggratis prabowogibran makananbergizigratis indonesia makananbergizi,173,19,,,,,,,
label_sample_0769,mbg_crawl_043543,data crawl mbg (in).xlsx,Sheet1,43544,pak menteri jalan lintas di kab musi rawas rusak parah apakah balai hanya diam tidak berbuat apa krn anggaran nya sdh dipake danantara dan mbg indonesiagelap,157,26,,,,,,,
label_sample_0770,mbg_crawl_050375,data crawl mbg (in).xlsx,Sheet1,50376,prabowo gibran siap wujudkan program makan siang gratis bagi juta anak sekolah dan santri indonesiaemas programpresiden presidenprabowo makansianggratis kesehatangratisuntuksemua,178,19,,,,,,,
label_sample_0771,mbg_crawl_005947,data crawl mbg (in).xlsx,Sheet1,5948,kamis agitsni m u luhkan kab skbmi koordinasi dengan sdn selajambe dan mi selajambe untuk mbg makan bergizi gratis dari kkp giatluhkansatmingkalbogor sukabumi aktivitas makanbergizi gemarikan,191,26,,,,,,,
label_sample_0772,mbg_crawl_053815,data crawl mbg (in).xlsx,Sheet1,53816,program makan bergizi gratis tingkatkan kemampuan akademis generasi muda menuju indonesia emas programmbg makanbergizigratis dukungmbg indonesiaemas,148,16,,,,,,,
label_sample_0773,mbg_crawl_037981,data crawl mbg (in).xlsx,Sheet1,37982,padahal kalo ortu anak ga di phk juga gizinya bisa lebih baik dari yg mereka kasih dasarnya mendesak karena di desak untuk menggaji yg ngurusin mbg tapi udh terlanjur di korup,175,31,,,,,,,
label_sample_0774,mbg_crawl_031582,data crawl mbg (in).xlsx,Sheet1,31583,pendidikan keren itu dimulai dari sekolah yang nyaman ayo manfaatkan anggaran mbg buat benahin fasilitas sekolah kita kolaborasitingkatkanpendidikan,148,18,,,,,,,
label_sample_0775,mbg_crawl_012688,data crawl mbg (in).xlsx,Sheet1,12689,pemerintah akan mendorong penggunaan anggaran pendapatan dan belanja daerah apbd untuk mendukung pelaksanaan program makan bergizi gratis mbg,141,18,,,,,,,
label_sample_0776,mbg_crawl_023035,data crawl mbg (in).xlsx,Sheet1,23036,media asing aja udah kata andalan sdm rendah yg udh berasa paling keras dan kritis untung ada mbg skrg otaknya bisa berkembang untuk menerima pendidikan scr maksimal,165,27,,,,,,,
label_sample_0777,mbg_crawl_015882,data crawl mbg (in).xlsx,Sheet1,15883,di adakan progam mbg ini sudah bagus apalagi progam ini langsung di awasi di setiap sekolah tambah bagus lagi tak merugikan siswa yg dapet mbg tadi,147,26,,,,,,,
label_sample_0778,mbg_crawl_040752,data crawl mbg (in).xlsx,Sheet1,40753,efisiensi anggaran bukan berarti mengorbankan pendidikan program mbg dan pendidikan tetap berjalan untuk membangun generasi unggul pendidikanuntukbangsa efisiensiberkualitas,173,18,,,,,,,
label_sample_0779,mbg_crawl_004589,data crawl mbg (in).xlsx,Sheet1,4590,udah lama banget bahkan gak inget kapan terakhir kesana pokoknya waktu gramedia yang masih di bagian dalam jadi sekalian keliling mengitari mbg sambil nunggu kak merry dateng,174,27,,,,,,,
label_sample_0780,mbg_crawl_046844,data crawl mbg (in).xlsx,Sheet1,46845,nih awas ketuker dah mgb sama mbg by the way bantu aku buat bisa hype jossgawin if u see this let s be moots guys mygoldenblood jossgawin,137,27,,,,,,,
label_sample_0781,mbg_crawl_061374,data crawl mbg (in).xlsx,Sheet1,61375,kabar baik buat anak anak indonesia anggaran makan bergizi gratis jadi triliun rupiah mari kita ciptakan generasi sehat dan kuat mbgdorongekonomi,145,21,,,,,,,
label_sample_0782,mbg_crawl_030574,data crawl mbg (in).xlsx,Sheet1,30575,mbg memajukan umkm menumbuhkan ekonomi menciptakan generasi yang sehat fyp swasembadaenergi astacita mbgdorongekonomi peringatansuperdarurat pak bowo ciawi,155,17,,,,,,,
label_sample_0783,mbg_crawl_050447,data crawl mbg (in).xlsx,Sheet1,50448,sumber video sekretariat presiden presidenprabowo prabowo prabowosubianto makansianggratis makansiang makansiangbergizi sidangkabinet makanbergizi,146,12,,,,,,,
label_sample_0784,mbg_crawl_008600,data crawl mbg (in).xlsx,Sheet1,8601,lah kemaren ada yg makan ulet sagu dikasianin makanya pd seneng ada mbg biar ga makan itu skrg malah mau dikasih ulet sagu,122,23,,,,,,,
label_sample_0785,mbg_crawl_022531,data crawl mbg (in).xlsx,Sheet1,22532,dear pemerintah konoha drpd jalanin mbg yg ga efisien dan ngorbanin banyak hal mendingan hapus dulu dah persyaratan daftar kerja yg ngeberatin khususnya batasan usia,165,25,,,,,,,
label_sample_0786,mbg_crawl_032827,data crawl mbg (in).xlsx,Sheet1,32828,istana anggaran kemenham sebenarnya t hanya saja untuk efisiensi anggaran efektif hanya miliar saja prioritas utama kami mbg program ham hanya prioritas cadangan,161,23,,,,,,,
label_sample_0787,mbg_crawl_024989,data crawl mbg (in).xlsx,Sheet1,24990,kaga penting urusin noh keluarga yang kena phk urusin hutan yang mau di gunduli urusin masalah stunting di pelosok program mbg mu ga guna pak,141,25,,,,,,,
label_sample_0788,mbg_crawl_060453,data crawl mbg (in).xlsx,Sheet1,60454,program pendidikan dan makan bergizi gratis adalah bukti nyata komitmen pemerintah untuk kesejahteraan anak anak indonesia kolaborasitingkatkanpendidikan,153,17,,,,,,,
label_sample_0789,mbg_crawl_002691,data crawl mbg (in).xlsx,Sheet1,2692,tadi pas jalan di mbg i see something ada bapak bapak jualan minuman i guess soalnya dia ada nyebutin yakult ngerasa terharu sama bersalah aja sih krn ga mampir buat sekedar liat menu beliau,190,34,,,,,,,
label_sample_0790,mbg_crawl_059366,data crawl mbg (in).xlsx,Sheet1,59367,bersyukurlah karena sekarang ada makan bergizi gratis pemerintah sudah lama bikin aturan sekolah negeri gratis jadi kalo sekolah negeri bayar maka itu artinya gurunya jahat,172,25,,,,,,,
label_sample_0791,mbg_crawl_015714,data crawl mbg (in).xlsx,Sheet1,15715,pov nya kemiskinan merajalela sekarang pengangguran korupsi pesta anggaran pejabat dan kalian dengan mbg berlagak seperti pahlawan,130,17,,,,,,,
label_sample_0792,mbg_crawl_019407,data crawl mbg (in).xlsx,Sheet1,19408,mbg tuh gimmick pengalih isu alesan efisiensi faktor utama pemerintah bikin kebijakan efisiensi tuh bukan mbg tpi untuk danantara mbg yg bukan faktor utama dijadiin kambing hitam,178,27,,,,,,,
label_sample_0793,mbg_crawl_017408,data crawl mbg (in).xlsx,Sheet1,17409,di tempat saya gak ada makan bergizi gratis tetap hidup anakâ sekolah gak ada dampaknya ya palingâ kebutuhan pokpk semakin mahal krn naiknya ppn dan pajak utk membiayai mbg ini,176,30,,,,,,,
label_sample_0794,mbg_crawl_031523,data crawl mbg (in).xlsx,Sheet1,31524,dengan mbg fasilitas sekolah jadi prioritas untuk direnovasi demi kenyamanan belajar banyak orang kolaborasitingkatkanpendidikan,128,14,,,,,,,
label_sample_0795,mbg_crawl_043990,data crawl mbg (in).xlsx,Sheet1,43991,makanan sehat tubuh kuat pikiran cerdas ï x f program mbg membantu membangun kebiasaan makan sehat sejak dini apakah kamu sudah menerapkan pola makan sehat hari ini sehatbersamambg,180,28,,,,,,,
label_sample_0796,mbg_crawl_022182,data crawl mbg (in).xlsx,Sheet1,22183,ekspose mbg malah sdh dinikmati siswa yg terlihat byk dr kelompok yg cukup gizi tdk atunting bahkan konon sebagian org tuanya sebenarnya lbh suka diberikannkpd yg membutuhkan,174,27,,,,,,,
label_sample_0797,mbg_crawl_001480,data crawl mbg (in).xlsx,Sheet1,1481,bhabinkamtibmas polsek muara batang gadis melaksanakan giat patroli pilar di desa tabuyung sekaligus menyampaikan pesan pesan kamtibmas kepada masyarakat desa tabuyung,167,21,,,,,,,
label_sample_0798,mbg_crawl_031333,data crawl mbg (in).xlsx,Sheet1,31334,prabowo memastikan pembaruan di bidang pendidikan dan kesehatan dapat melalui inisiatif mbg kolaborasitingkatkanpendidikan,122,13,,,,,,,
label_sample_0799,mbg_crawl_024720,data crawl mbg (in).xlsx,Sheet1,24721,wokwowok nyokap gue nyumpah nyumpahin prabski karna mbg kata nyokap itu dia ntar dikudeta tuh tinggal nunggu waktu aja,118,19,,,,,,,
label_sample_0800,mbg_crawl_031505,data crawl mbg (in).xlsx,Sheet1,31506,ayo optimalkan anggaran mbg untuk sekolah yang sehat dan mendukung kreativitas anak anak kolaborasitingkatkanpendidikan,119,14,,,,,,,
label_sample_0801,mbg_crawl_051546,data crawl mbg (in).xlsx,Sheet1,51547,ternyata presiden indonesia saat ini sangat pro rakyat ya sampai memikirkan tentang gizi anak anak setiap hari makanbergizi mbg,127,19,,,,,,,
label_sample_0802,mbg_crawl_020188,data crawl mbg (in).xlsx,Sheet1,20189,suatu bangsa harus bersatu padu bareng garong benur untuk dijual ke vietnam dan ingpestasi di vietnam sekolah tinggi tinggi cuman tahunya jual yang ada bukan mengelola menjadi nilai lebih pantes manut aja buat mbg ternyata emang g punya otak semua,247,40,,,,,,,
label_sample_0803,mbg_crawl_034594,data crawl mbg (in).xlsx,Sheet1,34595,sama kak kayak ibuku cuman baru engeh efeknya sekarang ini kak sebelumnya selalu bilang bagus dong dikasih makan dulu g ada yg ngasih pas program mbg baru mulai tapi ama adekku rutin dicengcengin sekarang,204,34,,,,,,,
label_sample_0804,mbg_crawl_064401,data crawl mbg (in).xlsx,Sheet1,64402,hanya ibu yg tau apa yg terbaik unk anaknya baik gizinya kualitasnya maupun menu makanannya sekali lagi ahok benar semoga ga terjadi lg kasian mereka pelajarannya jadi terganggu geger makan bergizi gratis berujung keracunan massal di sukoharjo,243,37,,,,,,,
label_sample_0805,mbg_crawl_059011,data crawl mbg (in).xlsx,Sheet1,59012,ko diem aja to min pak prabowo juga mbok ya buka suara apa ya ga kasian sama pegawai yg pada dirumahkan mbok ya punya hati sedikit gitu lho alasan buat makan bergizi gratis tapi dg cara ngebuat anak lain sekeluarga gabisa makan karna bapak tulang punggungnya dipecat,266,47,,,,,,,
label_sample_0806,mbg_crawl_024176,data crawl mbg (in).xlsx,Sheet1,24177,mak gue cerita ketemu kang sate ngeluh dikit yg beli krn mbg nyesel katanya milih mak gua ketawa renyah blg alhamdulillah sadar bang saya mah untungnya ga pilih mereka tuh untung kgk ditusuk lidi sate,200,35,,,,,,,
label_sample_0807,mbg_crawl_061204,data crawl mbg (in).xlsx,Sheet1,61205,dalam aksi tersebut terdapat beberapa isu yang dibawakan mulai dari program makan bergizi gratis hingga kabinet gemuk baca selengkapnya penulis zaffar nur hakim hasna kamilah penanggung jawab zaffar nur hakim,208,30,,,,,,,
label_sample_0808,mbg_crawl_061202,data crawl mbg (in).xlsx,Sheet1,61203,panglima tni mengerahkan komando distrik militer kodim pangkalan utama tni angkatan laut lantamal dan pangkalan tni angkatan udara lanud untuk mendukung program makan bergizi gratis mbg tni berkomitmen penuh untuk mendukung keberhasilan program presiden ri,256,35,,,,,,,
label_sample_0809,mbg_crawl_037379,data crawl mbg (in).xlsx,Sheet1,37380,mereka akan bikin kita semua miskin tapi tidak lapar on point program kayak mbg bansos udah jelas banget implementasinya dan terbukti ampuh belum lagi mayoritas orang indo punya mentalitas kalo dikasih makan harus manut alhasil segan untuk jadi kritis dan mengkritik,266,41,,,,,,,
label_sample_0810,mbg_crawl_021610,data crawl mbg (in).xlsx,Sheet1,21611,menkop budi arie tinjau peternakan ayam petelur di bantul untuk persiapkan pasokan mbg koperasi petelur akan dibentuk dukung program presiden prabowo radar jogja budi arie setiadi budiariesetiadi koperasi prabowo u lewatberanda trending,236,32,,,,,,,
label_sample_0811,mbg_crawl_050215,data crawl mbg (in).xlsx,Sheet1,50216,makan siang gratis di sekolah memastikan anak anak mendapatkan gizi yang cukup untuk tumbuh sehat dan cerdas indonesiaemas programpresiden presidenprabowo makansianggratis kesehatangratisuntuksemua,197,22,,,,,,,
label_sample_0812,mbg_crawl_058109,data crawl mbg (in).xlsx,Sheet1,58110,huru hara yang terkumpul masalah ppn gas elpiji yg menumbalkan korban makan bergizi gratis yg g bergizi dan g gratis presiden yang arogan gak mau menerima kritik menganggap rakyat ini hanya anak kecil pagar di laut yg gk diadili dg jelas cont indonesiagelap,257,43,,,,,,,
label_sample_0813,mbg_crawl_025648,data crawl mbg (in).xlsx,Sheet1,25649,yg berhak bilang mewakili rakyat ya memang orang yg sudah dapat mandat prabowo bisa bilang dia didukung rakyat karena punya suara kalau dia bilang rakyat setuju dengan mbg karena itu janji kampanyenya tapi ya sampai di situ aja kalau yg lain ya kek kamu juga klaim,264,46,,,,,,,
label_sample_0814,mbg_crawl_012468,data crawl mbg (in).xlsx,Sheet1,12469,mbg udh dijalanin pr skrg dr pemerintah itu ngubah sifat anti kritik yg dibangun mulyono orang ngekritik itu berarti peduli kritikannya harus diterima dulu dan diakui klo memang ternyata masih ada kekurangan,207,32,,,,,,,
label_sample_0815,mbg_crawl_008907,data crawl mbg (in).xlsx,Sheet1,8908,tingkat kepuasan publik terhadap kinerja prabowo gibran menurut salah satu lembaga survey mencapai persen di hari kerja apa yang perlu dievaluasi dari program program prabowo gibran yang sudah berjalan seperti program mbg talk pengamat komunikasi politik dr,257,37,,,,,,,
label_sample_0816,mbg_crawl_013797,data crawl mbg (in).xlsx,Sheet1,13798,kagak ada tuh dikomen gue juga yg blg mbg ala kadarnya terus gara gue bilang yg penting ada dulu katanya gak apa nasi pungut dijalan klw buat org bermobil emang ala kadarnya kali yah gue yg pernah di garis depan pendidikan aja miris makanya dukung mbg,251,46,,,,,,,
label_sample_0817,mbg_crawl_040493,data crawl mbg (in).xlsx,Sheet1,40494,ketika ditanya itu saya pun jawab pak sebenarnya indonesia seharusnya terlebih dahulu terimbas krisis daripada thailand ekonomi kita rapuh pak jadi bapak selama ini dibohongi apalagi adanya soal mbg danantara dan juga liga korupsi indonesia serta mundurnya smi,260,38,,,,,,,
label_sample_0818,mbg_crawl_011490,data crawl mbg (in).xlsx,Sheet1,11491,siapa sih orang tua yg g mau anaknya makan makanan bergizi sy yakin g ada cuma keadaan aja yg membuat orang tua memberi makanan seadanya kalau sy boleh ususl mending alihkan saja mbg jadi program wajib belajar thn pastika biayanya gratis sy jamin ini investasi yg tepat,269,47,,,,,,,
label_sample_0819,mbg_crawl_018410,data crawl mbg (in).xlsx,Sheet1,18411,sampean alergi telur tp ndakpapa jg sih krn trget mbg ini kn ank skolah bumil bkn bpk alergi itu slh satu kndala kndala yg mdh dmitigasi drpd program trilyunn jd mbadzir krn menunya tlr dadar ikn kring sarden dll blm lg resiko keracunan krn downgrade bahanbaku,260,46,,,,,,,
label_sample_0820,mbg_crawl_012402,data crawl mbg (in).xlsx,Sheet1,12403,kalau orang tua bilang aku dulu tapi ngga ngerti esensi mbg udah gausah didengerin baca ngga dia rkp kalau mbg itu prioritas nasional ke bukan pribadi atau individu tercantum kok kalorinya jelly drink berapa kkal,212,35,,,,,,,
label_sample_0821,mbg_crawl_064763,data crawl mbg (in).xlsx,Sheet1,64764,bacoot aja lo yg di gedein otak lo kecilin kalau orang mengkritik tuh program tandanya itu orang kepengen tuh program bisa berjalan dengan baik sesuai janji kampanye yang di gaung kan dulu dan makan bergizi gratis yg di janjikan sesuai kebutuhan para siswa yg menerima,268,45,,,,,,,
label_sample_0822,mbg_crawl_030624,data crawl mbg (in).xlsx,Sheet1,30625,itu titipan bu menku yang ribet kesana kemari mencari tambahan kas negara demi nuruti keinginan sang presiden minta mbg jalan terus dan desakan sang mantan presiden minta ikn dilanjutkan bu menku telp pak menkes pak menkes wa dirut bpjs pokoknya naik pak menbumn senyum,269,44,,,,,,,
label_sample_0823,mbg_crawl_047837,data crawl mbg (in).xlsx,Sheet1,47838,cukup besar harga yang harus di bayar rakyat dalam degelan negeri pak inilah yang kami sebut dengan indonesiagelap ada mbg untuk sebagian kecil anak indonesia tapi ada puluhan ribu bapak anak indonesia tak ada pekerjaan terus harus penuhi kebutuhan gizi dng apa pak,265,43,,,,,,,
label_sample_0824,mbg_crawl_030147,data crawl mbg (in).xlsx,Sheet1,30148,ini habit petinggi yg dari dulu gua g srek tidak meneruskan sesuatu dari pemimpin sebelumnya proyek mbg wes gagal total gagal kalau mau berjalan solusi yg bagus berdayakan kantin canangkan program bersih alat makan setelah dipakai daripada jadiin proyek lahan basah oknum,271,42,,,,,,,
label_sample_0825,mbg_crawl_063224,data crawl mbg (in).xlsx,Sheet1,63225,hasan nasbi mengatakan program makan bergizi gratis mbg yang diluncurkan pemerintah tidak hanya sekadar menyediakan makanan sehat bagi anak anak tetapi juga membawa dampak positif dalam pembentukan perilaku dan kebiasaan mereka,227,31,,,,,,,
label_sample_0826,mbg_crawl_050271,data crawl mbg (in).xlsx,Sheet1,50272,masalah gizi dan stunting masih menjadi tantangan di indonesia program makan siang gratis di sekolah membantu memastikan setiap anak mendapatkan makanan bergizi yang mereka butuhkan untuk tumbuh optimal dan berprestasi indonesiaemas presidenprabowo makansianggratis,265,33,,,,,,,
label_sample_0827,mbg_crawl_020527,data crawl mbg (in).xlsx,Sheet1,20528,program mbg itu bukan yg paling urgent lebih mendesak menambah lapangan kerja gaji untuk hidup baik menurunkan harga barang dan menegakkan supremasi hukum tapi akiâ gemoy ngga suka dikasih masukan mindsetnya jelek anda bersama saya atau anda melawan saya kusut jadinya,268,41,,,,,,,
label_sample_0828,mbg_crawl_012626,data crawl mbg (in).xlsx,Sheet1,12627,pake dibandingin sama azka kalo ikut syuting dia gak komplen pas makan nasi kotak kan kocak mbg kan tiap hari kalo suka terjadi yg disajikan kurang layak gimana itu poinnya pak deddy nasi kotak azka juga pasti proper dan relatif yg oke kalo memungkinkan,253,44,,,,,,,
label_sample_0829,mbg_crawl_026579,data crawl mbg (in).xlsx,Sheet1,26580,katanya sudah merdeka tapi mau kuliah kok biayanya seperti waktu di jaman penjajahan hanya anak pejabat dan pengusaha kaya yang bisa kuliah rakyat jelata cukup dikasih mbg saja kata sujiwo tesdo jancok,201,32,,,,,,,
label_sample_0830,mbg_crawl_023654,data crawl mbg (in).xlsx,Sheet1,23655,mbg di seluruh indonesia kenyataannya di kabupaten tempat kami belum ada itu makan gratis begitu juga di ibukota provinsi lampung jarang sekolah yang ada mbg gabungnya seolah di seluruh sekolah telah ada mbg nyatanya jarang,223,35,,,,,,,
label_sample_0831,mbg_crawl_045453,data crawl mbg (in).xlsx,Sheet1,45454,ini pemerintah an maunya apaan sih bener ga tahan gw sm gobloknya udah tau kurikulum kagak bener libur ditambah terus ortu blm mulai cuti anak udah libur ortu udah mulai masuk kerja anak masih libur biar mbg ngurang situ yg bikin program ga pake otak ortu yg jd korban,268,49,,,,,,,
label_sample_0832,mbg_crawl_048427,data crawl mbg (in).xlsx,Sheet1,48428,program makan bergizi gratis oleh pemerintahan prabowo gibran memiliki sejumlah manfaat yaitu terpenuhinya gizi anak turunnya angka defisiensi makronutrien prabowogibran prabowo gibran quickwin makanbergizigratis indonesiasehat indonesiamaju kerjanyata merakyat,261,28,,,,,,,
label_sample_0833,mbg_crawl_068558,data crawl mbg (in).xlsx,Sheet1,68559,polres jember polda jatim melaksanakan program dari presiden bapak prabowo subianto yaitu membagikan makan siang bergizi gratis untuk anak sekolah kegiatan membagikan makan siang bergizi bertujuan untuk menambah atau memberikan asupan gizi yang lebih baik kepada anak anak,272,38,,,,,,,
label_sample_0834,mbg_crawl_041352,data crawl mbg (in).xlsx,Sheet1,41353,tentu tidak murah karena itu dunia usaha turut berpartisipasi selengkapnya jawaban saya mengenai mbg gotong royong silahkan disimak di video berikut ini yuk tanya apa lagi tulis di kolom komentar dengan hastag tanyanin mbg makanbergizigratis mbggotongroyong kadin,263,37,,,,,,,
label_sample_0835,mbg_crawl_025413,data crawl mbg (in).xlsx,Sheet1,25414,kepala kantor komunikasi kepresidenan hasan nasbi menanggapi ancaman dari organisasi papua merdeka opm yang mengancam akan membakar sekolah sekolah penerima mbg dengan menyatakan bahwa siapa pun yang mencoba menghalangi program ini akan berhadapan dengan tni polri,264,36,,,,,,,
label_sample_0836,mbg_crawl_067417,data crawl mbg (in).xlsx,Sheet1,67418,elu terlalu positif ngeliat pemerintah nyet jadi tujuannya itu buat cuma makan gratis makan bergizi cegah stunting atau apa udah bandingin belom sama janji kampanyenya bangun woi baru keluar dari goa apa gimane apa kerjaan lu emang nyebokin program ngaco,254,40,,,,,,,
label_sample_0837,mbg_crawl_006275,data crawl mbg (in).xlsx,Sheet1,6276,mulai terasa efek bagi bagi jabatan mbg dan iikn plus hutang negara herannya yg dipangkas selalu yg berbau subsidi rakyat padahal penyakit kronis negara ini dari dulu kanker korupsi pejabat dan hasil sda yang menguap ok gaass kanlah,232,38,,,,,,,
label_sample_0838,mbg_crawl_037555,data crawl mbg (in).xlsx,Sheet1,37556,bodoh banget udh mah ga tepat sasaran ga bergizi ga bernutrisi juga tidak ada urgensi nya mbg ini ga sepenting itu untuk diprioritaskan sekolah juga ga semuanya dapet bahkan di daerah kabupaten yang dapet malah sekolah percontohan yg emg udh bagus,247,41,,,,,,,
label_sample_0839,mbg_crawl_041153,data crawl mbg (in).xlsx,Sheet1,41154,lebih lanjut stafsus lenis kogoya mengajak seluruh elemen masyarakat untuk mendukung program ini demi masa depan yang lebih baik bagi generasi muda papua stafsusleniskogoya kemhan kemhanri programmakanbergizigratis mbg,218,28,,,,,,,
label_sample_0840,mbg_crawl_009246,data crawl mbg (in).xlsx,Sheet1,9247,mbg bukanlah bantuan karena ia dianggarkan dari dana apbn yang berasal dari pajak rakyat dan oleh sebab itu rakyat tak perlu bersyukur maupun berterima kasih kepada pemerintah letkol deddy corbuzier tak mampu memahami hal ini ulasan abil arqam,243,38,,,,,,,
label_sample_0841,mbg_crawl_058979,data crawl mbg (in).xlsx,Sheet1,58980,sudah ada gak ya evaluasi dari makan bergizi gratis yang sudah jalan beberapa bulan coba cek apakah ada kenaikan skor iq dari sebelum atau setelah makan bergizi gratis atau malah ga ada data evaluasinya utk mengukur seberapa efektif program ini,244,40,,,,,,,
label_sample_0842,mbg_crawl_048297,data crawl mbg (in).xlsx,Sheet1,48298,hi foters kalian masih ingatkan program makan siang gratis yang berubah menjadi makan bergizi gratis kita akan bahas malam ini dalam fokus terkini manfaat program makan gizi gratis apa ya foters fokusterkini tvrinasional makanbergizigratis,239,34,,,,,,,
label_sample_0843,mbg_crawl_011656,data crawl mbg (in).xlsx,Sheet1,11657,gw pernah jd extras dan dapet makan siang dr mereka enak anjir bandingin sm mbg ya jauh wajar si azka masih mau makan isinya ada ayam telor kadang dapet daging lah lu liat mbg noh kek apaan tahu bentukannya coba azka suruh makan mbg,232,44,,,,,,,
label_sample_0844,mbg_crawl_053406,data crawl mbg (in).xlsx,Sheet1,53407,halo program makan bergizi gratis mbg nggak bermasalah langsung meski ada tarif negatif trump ke impor ri pemerintah ri prioritaskan mbg rp t buat sdm lawan stunting tarif bisa tekan ekonomi tapi diplomasi ke as jaga stabilitas mbg tetap krusial apalagi,253,41,,,,,,,
label_sample_0845,mbg_crawl_071642,data crawl mbg (in).xlsx,Sheet1,71643,gak paham isi uud isi pancasila cuma beri makan ikan mbg sembako warga jika paham beri pancingan jaring kapal memadai hingga dpt ikan banyak bagi rata masyarakat hasil dijual hingga export bikin peluang usaha yg profit mampu bayar pajak devisa kembali pemasukan negara,268,43,,,,,,,
label_sample_0846,mbg_crawl_022553,data crawl mbg (in).xlsx,Sheet1,22554,intinya evaluasi masalahnya uang itu dipaksain dengan asal potong aggaran imo bakal lebih bagus tahapannya bikin fasilitasi tiap daerah buat sembada pangan baru bisa bilang mbg kalo caranya gitu biayanya bisa lebih murah petani dan pekerja muda yg lo bilang engga ilang,269,42,,,,,,,
label_sample_0847,mbg_crawl_042017,data crawl mbg (in).xlsx,Sheet1,42018,rasional saja mitra catering mbg dengan paket menu makan anggaran rata rata sepuluhriburp dapat apa dapat apa dipahami kemitraan yg sehat yg makan kenyang bergizi dan tidak terancam keracunan tekanan memenuhi paket mbg menjadi buntung,234,35,,,,,,,
label_sample_0848,mbg_crawl_048231,data crawl mbg (in).xlsx,Sheet1,48232,wuih keren nih pemerintah jepang undang pemerintah indonesia buat diskusi soal program makan bergizi gratis jepang mempersilakan pemerintah indonesia untuk bisa pelajari program makan gratis di jepang programpemerintah makanbergizigratis programmakansianggratis jepang,268,31,,,,,,,
label_sample_0849,mbg_crawl_044786,data crawl mbg (in).xlsx,Sheet1,44787,kenapa mbg di tuduh kpk di media ada pengurangan harga coba utk oknum pejabat yg sdh pernah dipanggil kpk spt kasus migor dn bnyak lagi tp di diamkan saja berani utk mrk tdk punya backing emang dulunya dibentuk kpk krna polri dn kejaksaan melempem tp skrg terpilih dr polisi juga,279,50,,,,,,,
label_sample_0850,mbg_crawl_062082,data crawl mbg (in).xlsx,Sheet1,62083,yth presidenku bapak salam hormat ijin usul pak sebaiknya yg diberi bantuan makan bergizi gratis yg membutuhkan saja sekolah mengusulkan nama anak yg membutuhkan dikandung maksud agar efektif dan efisien terima kasih,216,32,,,,,,,
label_sample_0851,mbg_crawl_055932,data crawl mbg (in).xlsx,Sheet1,55933,kpk temukan dugaan pengurangan anggaran dalam program makan bergizi gratis yang berpotensi memengaruhi kualitas makanan masyarakat pengawasan ketat terus dilakukan baca lebih lanjut di bawah ini idncitizen promedia,214,28,,,,,,,
label_sample_0852,mbg_crawl_063914,data crawl mbg (in).xlsx,Sheet1,63915,mengenai program makan bergizi gratis kalian termasuk yg mana a tidak setuju dengan programnya b setuju dengan programnya tapi implementasi harus tetap dievaluasi c tidak setuju dengan penyelenggara tapi kalau diselenggarakan oleh kubu kami sih otomatis akan setuju,265,38,,,,,,,
label_sample_0853,mbg_crawl_039589,data crawl mbg (in).xlsx,Sheet1,39590,iyakann asli yg voters ini otak nya dangkal dangkal bngt bahkan aku pun bilang mbg itu program aneh ga ada yg namanya makan siang gratis klo sampe ada itu bakalan chaos bngt karna org cuma mikirin soal makan aja ga ada yg mikir buat nyari makan karna udh d suapin,263,50,,,,,,,
label_sample_0854,mbg_crawl_053606,data crawl mbg (in).xlsx,Sheet1,53607,masyarakat yg sejahtera adalah yg bisa makan bergizi gratis di saat banyak mahasiswa yg kuliah di ln lebih milih dpt ilmu yg mumpuni tp rela sehari makan sekali atau di kasus aku seminggu hari makan mi hari bru makan nasi biar hemat pendidikan tuh hrsnya prioritas,264,46,,,,,,,
label_sample_0855,mbg_crawl_007635,data crawl mbg (in).xlsx,Sheet1,7636,burhan pun meminta pemberantasan korupsi kpk kejaksaan agung dan polri turut membantu pemerintah mengawasi program mbg agar tidak dikorupsi karena besar sekali warga yang mengat menyatakan tidak percaya pelaksana mbg ini bebas korupsi ujarnya,242,34,,,,,,,
label_sample_0856,mbg_crawl_046601,data crawl mbg (in).xlsx,Sheet1,46602,mulai maret makan bergizi gratis bakal habiskan anggaran rp triliun per bulan jika jumlah penerima mbg meningkat menjadi juta maka anggaran yang diperlukan bakal menjadi rp triliun per bulan kata kepala bgn dadan hindayana,222,34,,,,,,,
label_sample_0857,mbg_crawl_012054,data crawl mbg (in).xlsx,Sheet1,12055,gue gk suka sih sama mbg ini tapi tapi pak prabs udah terlanjur blunder kan bawa program ini pas kampanye dan psti ditagih dong dan skrg programnya udah jalan nih mau realisasinya buruk tp kan at least ke deliver kan wkwwkkw tipikal pemerintah kita bgt kan so no wonder la,272,50,,,,,,,
label_sample_0858,mbg_crawl_020881,data crawl mbg (in).xlsx,Sheet1,20882,kasau tinjau program ketahanan pangan dan makan bergizi gratis di lanud sulaiman kepala staf angkatan udara kasau marsekal tni m tonny harjono s e m m meninjau langsung program ketahanan pangan dan pelaksanaan program makan bergizi gratis mbg di lanud sulaiman dalam,266,42,,,,,,,
label_sample_0859,mbg_crawl_032694,data crawl mbg (in).xlsx,Sheet1,32695,rl assaamualaikum bray hahahahay selamat sore selamat sigma alpha beta izin kenalan ketua gua sedang mencari teman teman tongkrongan timeline butuh banget syarat nafas makan minum sendiri bukan mbg mengakui gw pacar hantaesan homophobe dni sawrry,246,36,,,,,,,
label_sample_0860,mbg_crawl_030177,data crawl mbg (in).xlsx,Sheet1,30178,oke katakan proyek ikn ini memang distop dulu karena mmg mau revisi anggaran yang perlu dipikirkan termasuk kau juga mikir jelek jeleknya si owo mau fokus proyek mbg ini yang berujung anggaran ikn dipotong ikn setengah jadi apa gak hancur kita duit rakyat itu loh wak,267,46,,,,,,,
label_sample_0861,mbg_crawl_062602,data crawl mbg (in).xlsx,Sheet1,62603,pemerintah mulai merealisasikan program makan bergizi gratis mbg program ini diluncurkan untuk mendukung salah satu dari delapan misi asta cita yaitu memperkuat pembangunan sumber daya manusia sdm swasembadaenergi astacitapemerintah makanbergizigratis anakgenerasiemas,268,31,,,,,,,
label_sample_0862,mbg_crawl_011817,data crawl mbg (in).xlsx,Sheet1,11818,program gak guna lahan korupsi baru mending gratiskan sekolah subsidi uang kuliah transportasi murah sembako murah lapangan kerja mudah untuk rakyat ri kasih makan rakyat aja ribet amat dah gitu dicekik dgn pajak yg tinggi gak guna itu mbg,239,39,,,,,,,
label_sample_0863,mbg_crawl_015789,data crawl mbg (in).xlsx,Sheet1,15790,penjabat gubernur jabar bey machmudin memastikan menganggarkan rp triliun untuk melaksanakan program makan bergizi gratis mbg di seluruh kota kabupaten se jabar selama setahun tvonenews programmakanbergizigratis jabar jawabarat anggaranmgb,239,29,,,,,,,
label_sample_0864,mbg_crawl_037080,data crawl mbg (in).xlsx,Sheet1,37081,yaudah biayain aja itu mbg pake uangmu ya pak pdhl udh jelas mbg dari pajak pajak darimana dari rakyat yg banting tulang kerja keras dulu janjinya mau buka lapangan kerja seluas luasnya eh trnyt lapangan kerja nya cuma buat circle nya doang,240,42,,,,,,,
label_sample_0865,mbg_crawl_070252,data crawl mbg (in).xlsx,Sheet1,70253,kali ini aku kurang setuju meneruskan produk seperti itu hanya akan membuat siklus persaingan dagang yang sama kurang sehatnya tolong elaborasi lagi contoh diversifikasi ekonomi yang bisa diterapkan untuk indonesia selain yang berkaitan dengan mbg,247,35,,,,,,,
label_sample_0866,mbg_crawl_049964,data crawl mbg (in).xlsx,Sheet1,49965,komisi pemberantasan korupsi kpk akan membuat kajian pencegahan rasuah dalam program makan siang gratis proyek itu harus dipantau ketat karena membutuhkan anggaran yang besar kpk makansianggratis medcomid,204,27,,,,,,,
label_sample_0867,mbg_crawl_019594,data crawl mbg (in).xlsx,Sheet1,19595,sayur timun minimal dibuat sayur acar plus wortel biar ada rasaâ nya sedikit nikmat ini timun sebagai lalapan telornya kena korting pula mbg fix cuma gugur kewajiban atau tunai janji aja praktiknya ala kadarnya,210,34,,,,,,,
label_sample_0868,mbg_crawl_056118,data crawl mbg (in).xlsx,Sheet1,56119,kau paham kata status mis istri cuma ada binikmu atau bukan jangan samakan dg wanits simpanan demikian pula status ibukota negara kota bandung ibukota prov jabar lagi belum karena bla bla bla koplak kali otakmu nanti makan yg bergizi ya lagi gratis,248,42,,,,,,,
label_sample_0869,mbg_crawl_061929,data crawl mbg (in).xlsx,Sheet1,61930,hh hari hari merenung kenapa aku wni prioritas utama perumahan tp gabisa kasih rumah terjangkau ya buat apa makan bergizi gratis tp pendidikan dikalahin ya buat apa yg beneran laper gabisa makan tu yg gabisa sekolah,215,36,,,,,,,
label_sample_0870,mbg_crawl_030840,data crawl mbg (in).xlsx,Sheet1,30841,kalau gw mah mending mbg fokus di daerah t dulu dah ga usah ngoyo satu indonesia dulu heck janji presiden terdahulu aja ga terpenuhi rakyat tetep biasa aja bapak menuhin janji dgn sebagian dulu juga dah bagus banget kok,219,39,,,,,,,
label_sample_0871,mbg_crawl_062701,data crawl mbg (in).xlsx,Sheet1,62702,ubahlah cara gaya meraih simpati massa pencitraan pun harus diubah dg gaya sombong terbukti kalah misal bantu program makan bergizi gratis anda bantu susunya atau tempenya dijamin orang akan bersimpati,201,30,,,,,,,
label_sample_0872,mbg_crawl_007329,data crawl mbg (in).xlsx,Sheet1,7330,program mbg presiden mendapat sambutan luar biasa dr sdm unggul indonesia melangitlah generasi sehat cerdas berakhlak sekolah semakin menyenangkan memupuk rasa senasib sepenanggungan tiada batas kaya miskin semua bahagia jadi ingin muda lagi eh sekolah lagi,257,36,,,,,,,
label_sample_0873,mbg_crawl_023122,data crawl mbg (in).xlsx,Sheet1,23123,perwakilan plt deputi ii kepala staf kepresidenan melakukan de bottlenecking pelaksanaan mbg melalui rapat koordinasi tindak lanjut percepatan pembayaran hak keuangan bgn dan alternatif sbml bersama bgn kemenkeu ri kementerian pan rb serta kemensetneg di gedung bina graha,272,38,,,,,,,
label_sample_0874,mbg_crawl_055367,data crawl mbg (in).xlsx,Sheet1,55368,program makan bergizi gratis mbg yang diperuntukkan bagi siswa sekolah kini menuai sorotan setelah menu yang diberikan saat ramadan diganti menjadi roti dan produk mayora energen berupa sereal instan perubahan ini dianggap semakin menjauh dari prinsip gizi seimbang terutama,274,39,,,,,,,
label_sample_0875,mbg_crawl_021000,data crawl mbg (in).xlsx,Sheet1,21001,haha ada benernya sejujurnya setelah kepilih gua baca ulang program dan telaah lagi banyak halangan aja mbg ini secara bahan baku negara ini tidak satu harga ini jadi kendala kalo contoh jepang beli beras di kyoto sama di tokyo harganya sama makanya bisa jalan,260,44,,,,,,,
label_sample_0876,mbg_crawl_008973,data crawl mbg (in).xlsx,Sheet1,8974,polres kotabaru turut mendukung pelaksanaan kegiatan uji coba makan bergizi gratis mbg yang berlangsung pada jumat program ini bertujuan meningkatkan gizi anak anak usia dini sekaligus menekan angka stunting di kabupaten kotabaru,229,32,,,,,,,
label_sample_0877,mbg_crawl_044956,data crawl mbg (in).xlsx,Sheet1,44957,program makan bergizi gratis mbg yang baru berjalan beberapa bulan menjadi sorotan setelah komisi pemberantasan korupsi kpk menerima laporan adanya dugaan pemotongan anggaran seporsi makanan bagi anak anak dari rp menjadi rp,224,32,,,,,,,
label_sample_0878,mbg_crawl_034428,data crawl mbg (in).xlsx,Sheet1,34429,berdasarkan survei awal kedaikopi litbang kompas publik indonesia mayoritas puas dengan kinerja prabowo gibran dengan tingkat kepuasan sekitar program mbg dan respons bencana jadi alasan utama namun protes mahasiswa dark indonesia feb maret tunjukkan,250,34,,,,,,,
label_sample_0879,mbg_crawl_043514,data crawl mbg (in).xlsx,Sheet1,43515,nyatanya efesiensi itu untuk kebijakan tdk tepat sasaran seperti mbg gemuknya kabinet gemuknya pengeluaran ruu itu dibahas dpr dan presiden stlh jadi baru diparaf presiden dan kursi di dpr milik kim plus prabowo ngefans prabowo boleh tp bkn berarti semua anda bela,264,42,,,,,,,
label_sample_0880,mbg_crawl_023765,data crawl mbg (in).xlsx,Sheet1,23766,ga ada sejarahnya negara maju karena pertanian dan mbg ini malah sekarang pertanian dan mbg buat genjot pertumbuhan ekonomi ke pertanian itu nilai tambah nya kecil dan sangat sensitif terhadap harga kalau naik dikit aja harganya udah diprotes sama konsumen,256,40,,,,,,,
label_sample_0881,mbg_crawl_030548,data crawl mbg (in).xlsx,Sheet1,30549,kalau ada apa bilang kalau ada apa bilang ituu kamisan udh puluhan tahun depan istana gk diwaro itu ada pagar laut gk lu samperin sekalian itu ada dosen nuntut tukin gk lu bantu itu anak papua minta pendidikan daripada mbg gk lu samperin indonesiagelap,252,44,,,,,,,
label_sample_0882,mbg_crawl_030973,data crawl mbg (in).xlsx,Sheet1,30974,buat pelajar yg dapet mbg kayak gw kalian gk usah ikut protes dengan cara gk makan mbg makan aja soalnya sayang mubazir kasian juga yg udh masak selama kita dapet mbg ayo kita bantu dengan cara yang lain indonesiagelap,218,39,,,,,,,
label_sample_0883,mbg_crawl_009608,data crawl mbg (in).xlsx,Sheet1,9609,hari nunggu sisaan sayur mbg si kaka gurunya resah karena di sekolah lain sampah sisa makanan jd masalah baru terutama sayur utk menyiasatinya guru menyarankan anak bawa wadah utk makanan sisa mereka dr sekolah,210,34,,,,,,,
label_sample_0884,mbg_crawl_004349,data crawl mbg (in).xlsx,Sheet1,4350,program makan bergizi gratis mbg untuk meningkatkan gizi anak sekaligus memberdayakan umkm serta meningkatkan ekonomi masyarakat kecil di daerah jaringan kuat di daerah akan mempercepat akselerasi umkm melalui penyediaan makanan bergizi dalam program mbg makanbergizigratis,273,35,,,,,,,
label_sample_0885,mbg_crawl_041733,data crawl mbg (in).xlsx,Sheet1,41734,jadi buat apa ya gedung dpr coba di list pembahasan uu apa saja di hotel mewah uu kejaksaan di sheraton uu pdp di intercontinental ruu tni di fairmont rakyat makan mbg minyak ga cukup sekitar ditulis liter bensin ga sesuai dibayar begitu kah,241,43,,,,,,,
label_sample_0886,mbg_crawl_002665,data crawl mbg (in).xlsx,Sheet1,2666,mangga asam dekat mbg alam sentral sendiri pilih mangga jambu nenas etc sendiri senduk serbuk asam masuk bekas max charge rm tupperware popiah basah dekat tapak penjaja sek belakang de palma nama dia mr popiah sebelah dia ada apam balik sedap nama apam balik istana,265,45,,,,,,,
label_sample_0887,mbg_crawl_046923,data crawl mbg (in).xlsx,Sheet1,46924,ga salah belajar ke sini pak anggaran anda sediakan t untuk mbg hari ini pa sudah cerdas anak anak sy setuju mbg tp akan lebih cerdas jika benar benar anda gratiskan sekolah dan kuliah soal makan sediakan aja juta lap kerja yg wapres anda janjikan,247,45,,,,,,,
label_sample_0888,mbg_crawl_024430,data crawl mbg (in).xlsx,Sheet1,24431,jujur aja sy makin gak paham arahnya efisiensi anggaran katanya buat mbg tapi salah satu imbasnya mahasiswa poltek di bawah kementerian harus ngirit bahan praktik yg jelas bakal ngefek ke output belajarnya terus sekarang malah ada wacana ini ini negara mau diapain sih,268,43,,,,,,,
label_sample_0889,mbg_crawl_042291,data crawl mbg (in).xlsx,Sheet1,42292,program mbg baik program ini hrs di tata dgn baik sasaran utama anak di pelosok kurang mampu termasuk yg tdk sekolah menu di buat o ahli gizi melibatkan ibu pkk di wilayah sekolah u masak bahan baku di beli ke petani sekitar sekolah melakukan pengawasan lbh efisien,265,47,,,,,,,
label_sample_0890,mbg_crawl_049891,data crawl mbg (in).xlsx,Sheet1,49892,live now program makansianggratis yang diusung prabowo gibran ramai diperbincangkan sumber anggaran program ini bakal menyedot ratusan triliun rupiah dari mana dananya kami bahas di ruangpublikkbr bersama dan live yt,216,30,,,,,,,
label_sample_0891,mbg_crawl_026580,data crawl mbg (in).xlsx,Sheet1,26581,nanya ke dpr dibilang wewenangnya pemerintah nanya ke pemerintah pejabat politis bakal promosiin presiden minta anggaran dipake untuk yg berdampak langsung ke masyarakat tapi ga disebut tuh selain mbg nanya bendahara negara kabur mulu,234,34,,,,,,,
label_sample_0892,mbg_crawl_041648,data crawl mbg (in).xlsx,Sheet1,41649,nih staffsus bisanya gaslighting teruus playing victim terus manipulatif teruuss wkwk habis mbg sekarang ruu tni nyalahin terus korbannya dengan menghighlight caranya merespon ketidakwajaran hal yg ga wajarr sudah seharusnya dilawan,232,31,,,,,,,
label_sample_0893,mbg_crawl_031326,data crawl mbg (in).xlsx,Sheet1,31327,pemerintah lagi butuh duit tum buat mbg entar ujungnya subsidi gas dikurangin bahkan dihapus ini tes the water aja niatnya cuma warung pengecer berbadan usaha jd pemerintah dapat pajak kalau itu ngak terlaksana pangkalan jd ujung tombak kalau lancar subsidi dikurangi,267,41,,,,,,,
label_sample_0894,mbg_crawl_051542,data crawl mbg (in).xlsx,Sheet1,51543,anggota dpd ri provinsi papua david harold waromi melakukan pertemuan dengan penjabat gubernur papua ramses limbong pada pertemuan ini membahas pelaksanaan program makan bergizi gratis mbg di papua dpdri papua mbg daridaerahuntukindonesia,238,32,,,,,,,
label_sample_0895,mbg_crawl_042035,data crawl mbg (in).xlsx,Sheet1,42036,gue sih amitâ kasih nilai aja udah bagus gak ada yg bener program mbg gak jalan danantara rampok duit rakyat liat jaksa agung mudah bgt di inversi erik tohir lgsg bilang tak ada korupsi dipertamina uu tni ubah uu tni reformasi seenak perutnya jokowi mentri korupsi tak diadili,276,48,,,,,,,
label_sample_0896,mbg_crawl_045101,data crawl mbg (in).xlsx,Sheet1,45102,menu makan bergizi gratis mbg yang disediakan pada pekan pertama ramadhan menuai perdebatan di kalangan masyarakat dalam unggahan yang viral di media sosial terlihat menu mbg berupa roti sereal instan dua buah kurma dan telur rebus,231,36,,,,,,,
label_sample_0897,mbg_crawl_055667,data crawl mbg (in).xlsx,Sheet1,55668,dandim manggarai memantau makan bergizi gratis di sdn labuan bajo tniprima tniadprima tniadbekerjadenganhati tniaddihatirakyat tniadberjuangbersamarakyat prajaraksakapedulirakyat pangdamudayana pangdamzamroni mayjenzamroni,222,19,,,,,,,
label_sample_0898,mbg_crawl_004408,data crawl mbg (in).xlsx,Sheet1,4409,budi sulistiyo dirjen pdspkp kkp siap mendukung program mbg karena program ini memberikan efek positif baik sisi peningkatan asupan protein masyarakat maupun pemberdayaan ekonomi indonesiaemas programpresiden presidenprabowo makansianggratis kesehatangratisuntuksemua,267,29,,,,,,,
label_sample_0899,mbg_crawl_062671,data crawl mbg (in).xlsx,Sheet1,62672,gizi seimbang merupakan fondasi penting untuk mewujudkan generasi indonesia emas yang sehat cerdas dan produktif ini juga yang jadi semangat program makan bergizi gratis yang diluncurkan beberapa waktu lalu yuk sama sama kita dukung program ini selamat hari gizi nasional,271,40,,,,,,,
label_sample_0900,mbg_crawl_014199,data crawl mbg (in).xlsx,Sheet1,14200,intinya saat ini pemberitaan fokusnya ke mbg sementara rs menanggung dosa bpjs kesehatan warga tertolong rs bengong ke siapa minta tolong bpjs hanya mengimkan pepesan kosong fraud fraud fraud masa sii karena itu apa karena sudah gak punya dana,243,39,,,,,,,
label_sample_0901,mbg_crawl_010994,data crawl mbg (in).xlsx,Sheet1,10995,program mbg sudah lebih hari berbagai masalah muncul termasuk usulan tapi kok wapres gibran tak nampak padahal dia rajin amat saat uji coba saya sih setuju kalau gibran mengundurkan diri sebagai wapres karena tugas itu berat tak pantas untuk kemampuan dia tahu dirilah,268,43,,,,,,,
label_sample_0902,mbg_crawl_037347,data crawl mbg (in).xlsx,Sheet1,37348,bingung bingung bingung mau diumpetin dimana lagi mukaku lebih baik mana program mbg bila dibanding apa yg pernah dengungkan saat kampanye pilpres yg berjanji untuk generasi penerus bangsa nkriðÿ ðÿ yg salah nya program pendidikan gratis,237,36,,,,,,,
label_sample_0903,mbg_crawl_054475,data crawl mbg (in).xlsx,Sheet1,54476,menurutku ga melulu soal mapan tapi siap apa nggak mau apa nggak di desa banyak yang miskin tapi kali niat punya anak ya di usahakan makan bergizi ga harus magal ke kebun petik bayam juga bergizi cek kandungan ke puskesmas gratis yang di video mah ibu nya aja ndablek,267,49,,,,,,,
label_sample_0904,mbg_crawl_028347,data crawl mbg (in).xlsx,Sheet1,28348,pangdam iv diponegoro mayjen tni deddy suryadi meninjau program makan bergizi gratis mbg di kota semarang pada senin februari suaramerdeka suaramerdekacom pangdam pangdam diponegoro kotasemarang semarang programmakanbergizigratis,229,27,,,,,,,
label_sample_0905,mbg_crawl_039495,data crawl mbg (in).xlsx,Sheet1,39496,pling parah tmen gue yg kelas menengah msih banggaâ in entu program mbg buat anaknya trus banggain klo entu orng mnta bkin sistem thr buat para ojol yg setauku dri dlu jga udh ad sistem thr cmiiw giliran gue bhas soal krugianâ sistem lainnya dia nutup telinga anjingï x f,271,50,,,,,,,
label_sample_0906,mbg_crawl_048033,data crawl mbg (in).xlsx,Sheet1,48034,apapun masalah mu jogetin aja diphk jogetin aja bbm dipalsu jogetin aja dolar melambung jogetin aja saham anjlok jogetin aja emas dipalsukan jogetin aja keracunan mbg jogetin aja harga sembako melambung jogetin aja koruptor merajalela jogetin aja ndasmu,253,38,,,,,,,
label_sample_0907,mbg_crawl_057964,data crawl mbg (in).xlsx,Sheet1,57965,jelajahi perjuangan arnold ronsumbre ketika makan bergizi gratis menjadi wujud nyata kepedulian pemerintah untuk papua temukan bagaimana program ini mengubah kehidupan banyak orang dengan membaca selengkapnya di sini,216,28,,,,,,,
label_sample_0908,mbg_crawl_025639,data crawl mbg (in).xlsx,Sheet1,25640,biasalah proyek mbg dapat kelebihan bayar bukan tujuan cerdas kan bangsa jokowi sangat licik untuk dapat kan kelebihan bayar seperti bansos trilyun di pake hang trilyun jadi mbg di mata jokowi seperti bansos trilyun keluar hanya t,230,37,,,,,,,
label_sample_0909,mbg_crawl_017084,data crawl mbg (in).xlsx,Sheet1,17085,knp diancam dapat sanksi tampilan mbg itu memang publik hrs lihat mata publik salah penilai dari benar tdk nya berhasil atau tdk seluruh program yg telah dijanjikan jgn seolah dipaksakan memaksa publik mengakui bahwa semua baik termasuk siswa sebagai objek kasihan mereka,271,42,,,,,,,
label_sample_0910,mbg_crawl_057942,data crawl mbg (in).xlsx,Sheet1,57943,oiya pak saya tunggu program pendidikan gratisnya kalau bisa fokus ke pendidikan gratis dulu lah pak baru makan bergizi gratis jadikan sdmnya produktif biar bisa memberi makan bergizi untuk keluarganya indonesiagelap,216,31,,,,,,,
label_sample_0911,mbg_crawl_033220,data crawl mbg (in).xlsx,Sheet1,33221,ya siapa suruh melihat dr satu aspek saja aplg satu berita saja tinggal di telusuri anggaran pendidikan dan mbg ketahuan namanya juga pemerintah suka ngomong a b c dll tp yg penting pelaksanaannya aja kita liat,210,36,,,,,,,
label_sample_0912,mbg_crawl_025061,data crawl mbg (in).xlsx,Sheet1,25062,berarti tweet kuasahukum bahwa mafia tanah itu tidakbenar alias hoaks ya charli termasuk muannas ada tweet charli kalah perkaranya dg pik itu benar apa bohong sprtinya tidak ada putusan perdata thepitnio mbg yg kalahkan charli,226,35,,,,,,,
label_sample_0913,mbg_crawl_056746,data crawl mbg (in).xlsx,Sheet1,56747,dukung makan bergizi gratis koptu abdul babinsa kel bontokio kodim pangkep melaksanakan kegiatan pendampingan makan bergizi gratis bagi siswa siswi sekolah bertempat di sekolah sdn langnga langnga kel bontokio kec minasatene kab pangkep,236,33,,,,,,,
label_sample_0914,mbg_crawl_045870,data crawl mbg (in).xlsx,Sheet1,45871,program ini menargetkan sekitar juta penerima manfaat termasuk anak sekolah ibu hamil dan ibu menyusui mbg bertujuan mengatasi masalah gizi buruk dan stunting serta mendukung tumbuh kembang anak anak dan kesehatan ibu,217,32,,,,,,,
label_sample_0915,mbg_crawl_070367,data crawl mbg (in).xlsx,Sheet1,70368,sumpah deh dia tu tau ga si lebih baik harga bahan pokok yg dimurahin drpd mbg ga jelas itu emangnya yg butuh makan cm anakâ doang org dewasa jg butuh makan yg bergizi cok oke fokusnya ke anak tp dg harga pangan yg murah kan ortunya mampu beli anak mau apa aja bs diusahain,273,54,,,,,,,
label_sample_0916,mbg_crawl_041782,data crawl mbg (in).xlsx,Sheet1,41783,lama gw ngerasa negara ini emang sebenernya mau depopulasi dengan cara ngebunuhin yang existing yg helpless dibuat makin susah dan dibrainrot dengan normalisasi standar sangat rendah ngedorong yang mau cabut ke ln mbg dan sebagainya cuma morfin,244,37,,,,,,,
label_sample_0917,mbg_crawl_048203,data crawl mbg (in).xlsx,Sheet1,48204,anggaran mbg t untuk tahun dilaksanakan bertahap sampai saat ini setahuku pemerintah masih berusaha memperluas wilayah layanan mbg dari target awal lihat nanti bulan juni juli apakah anggaran t bisa terserap semua,213,32,,,,,,,
label_sample_0918,mbg_crawl_017605,data crawl mbg (in).xlsx,Sheet1,17606,setuju bang gw liat juga dulu waktu awal sty latih timnas kayanya strateginya ga bagus bgt atau juga ngga jelek juga cuma bagusnya itu makin lama makin improve strateginya mungkin faktor dari tim analisis timnas atau juga faktor ngedatengin pemain berkualitas,259,41,,,,,,,
label_sample_0919,mbg_crawl_030651,data crawl mbg (in).xlsx,Sheet1,30652,kepala kantor komunikasi kepresidenan hasan nasbi menyatakan bahwa organisasi papua merdeka opm akan berhadapan dengan aparat tni dan polri jika melakukan ancaman terhadap sekolah di papua yang menerima manfaat program makan bergizi gratis mbg,243,34,,,,,,,
label_sample_0920,mbg_crawl_044837,data crawl mbg (in).xlsx,Sheet1,44838,kombinasi org ga napak tanah kaya dari lahir ambisius ga realistis dan boomer sejati memang mematikan terlalu muluk selalu aja bikin ke tidak bijakan yang butuh anggaran gede tapi mesti hasilnya mengecewakan percaya deh mbg aja kacau eksekusinya buang pajak rakyat,264,41,,,,,,,
label_sample_0921,mbg_crawl_024551,data crawl mbg (in).xlsx,Sheet1,24552,mbg itu buat generasi masa depan bangsa mau kuliah murah dari sekian solusinya ya daring proses belajar mengajarnya jadi nggak tepatlah kalau teriak kami butuh pendidikan bukan perut kenyang itu orasi orang kebanyakan minum obat tidur,234,36,,,,,,,
label_sample_0922,mbg_crawl_032338,data crawl mbg (in).xlsx,Sheet1,32339,modus pengusaha adalah mengalihkan isu masa ga tau pola mereka isu yang dialihkan adalah kekacauan mbg kavling pagar laut kegagalan ikn semua berawal dari munculnya jokowi yang dibackup prabowo kemudian diambil luhut lalu mereka pelihara anjing buzzer di medsos,261,39,,,,,,,
label_sample_0923,mbg_crawl_069782,data crawl mbg (in).xlsx,Sheet1,69783,iya ada yang bisa dibela kebijakan prabowo kayak makan siang gratis buat anak sekolah sama naik gaji bantu rakyat kecil harga tiket pesawat turun pas libur juga oke buat traveling jokowi meski ada masalah kayak demokrasi bikin ekonomi tumbuh dan infrastruktur maju,264,42,,,,,,,
label_sample_0924,mbg_crawl_049753,data crawl mbg (in).xlsx,Sheet1,49754,calon wakil presiden nomor urut gibran rakabuming raka menanggapi peringatan bank dunia soal program makan siang gratis yang diusungnya bersama prabowo subianto jika terpilih memimpin indonesia gibranrakabuming makansianggratis bankdunia,237,29,,,,,,,
label_sample_0925,mbg_crawl_056209,data crawl mbg (in).xlsx,Sheet1,56210,gengs bagaimana opini kamu soal program makan bergizi gratis mbg sejauh ini mulai bulan ini program mbg bakal memakan biaya sekitar rp triliun rp triliun per bulan jumlah yang besar ya apa kabat pengamat baca lebih lanjut,221,37,,,,,,,
label_sample_0926,mbg_crawl_020181,data crawl mbg (in).xlsx,Sheet1,20182,tapi ya ini mbg fucked up juga from the beginning banyak bgt oknum catering yg nyari duit terus korupsi ini catering yg korupsi bsk kalo mati gw doakan liang lahat nisan atau peti nya bau dan lembab kayak nasi basi selain dari dana yg terlalu dipaksakan yaa,257,47,,,,,,,
label_sample_0927,mbg_crawl_050699,data crawl mbg (in).xlsx,Sheet1,50700,sudaryono wakil menteri pertanian menyatakan bahwa pemerintah telah bekerja sama dengan perusahaan baik dari dalam maupun luar negeri untuk mendatangkan juta ekor sapi indonesiaemas programpresiden presidenprabowo makansianggratis kesehatangratisuntuksemua,256,28,,,,,,,
label_sample_0928,mbg_crawl_004912,data crawl mbg (in).xlsx,Sheet1,4913,yg udah baca kenapa manufacturer ada yg reject susu lokal karena kualitasnya yg lbh rendah dr import ditambah sugar syrup dll yg jdnya murni susu sapi sehingga sekali lagi yg dirugikan adalah konsumen anak kecil yg dpt program mbg sedangkan mentri minum susu yg,261,44,,,,,,,
label_sample_0929,mbg_crawl_019967,data crawl mbg (in).xlsx,Sheet1,19968,pantesab mbg cuma k per anak mending makan paket nasi ayam di ciputat nambah k udah mah kenyang enak pula bingung gue sama kebijakan danantara sampe sah begini mana namanya kaya pinjol ilegal ajg wkkwk strezz,208,36,,,,,,,
label_sample_0930,mbg_crawl_051179,data crawl mbg (in).xlsx,Sheet1,51180,budi sulistiyo dirjen penguatan daya saing produk kelautan dan perikanan menyatakan bahwa kkp siap mendukung program makan bergizi gratis indonesiaemas programpresiden presidenprabowo makansianggratis kesehatangratisuntuksemua,226,24,,,,,,,
label_sample_0931,mbg_crawl_034617,data crawl mbg (in).xlsx,Sheet1,34618,mbg di indonesia sudah menjangkau juta penerima per maret target juta di april program ini tingkatkan kehadiran sekolah pendapatan lokal tapi logistik transparansi masih jadi tantangan dampak gizi belum jelas karena baru mulai januari secara keseluruhan,253,36,,,,,,,
label_sample_0932,mbg_crawl_014692,data crawl mbg (in).xlsx,Sheet1,14693,hindari kejenuhan sppg terapkan menu variatif batang program makan bergizi gratis mbg yang telah diluncurkan dirasakan manfaatnya oleh peserta didik kendati demikian pihak penanggung jawab satuan pelayanan pemenuhan gizi sppg berupaya memberikan menu sehat yang variatif,270,36,,,,,,,
label_sample_0933,mbg_crawl_030184,data crawl mbg (in).xlsx,Sheet1,30185,gapaham sama ego pemerintah how to knock senses ke mereka itu adalah pemborosan sesungguhnya egois banget gue gaterima pokoknya gue vote besar besaran pada tuhan dan pada universe utk hukuman bagi pencetus dan yg ngotot mbg tetap ada,233,38,,,,,,,
label_sample_0934,mbg_crawl_058936,data crawl mbg (in).xlsx,Sheet1,58937,menurut gue kalo emang makan siang gratis bergizi itu ga efektif yaudah batalin aja toh sebelumnya gaada pun ga jadi masalah yang jadi masalah adalah ketika memaksakan program prematur dengan merelakan program yang udah ada efek dominonya jadi meluas kemana mana,262,41,,,,,,,
label_sample_0935,mbg_crawl_047002,data crawl mbg (in).xlsx,Sheet1,47003,sebetulnya apa yg seharusnya pemerintah lakukan untuk membalikan keadaan kalo dari gw mengurangi jumlah kabinet stafsus mengurangi gaji tunjangan pejabat tinggi mengurangi belanja tidak esensial menunda mbg ganti blt stop ikn,225,31,,,,,,,
label_sample_0936,mbg_crawl_021541,data crawl mbg (in).xlsx,Sheet1,21542,setuju belum ada setahun lebih program mbg tp udah banyak dana yang dipangkas gas susah dll gimana buat bertahun kedepannya nanti bcs program mbg itu untuk jangka panjang menurut aku karena bukan dalam waktu bulan atau bulan siswa siswa bisa langsung berprestasi gizi,267,43,,,,,,,
label_sample_0937,mbg_crawl_050964,data crawl mbg (in).xlsx,Sheet1,50965,dengan harapan program ini dapat menumbuhkan ekonomi lokal serta mempercepat pemerataan pembangunan khususnya di pedesaan indonesiaemas programpresiden presidenprabowo makansianggratis kesehatangratisuntuksemu,209,20,,,,,,,
label_sample_0938,mbg_crawl_058044,data crawl mbg (in).xlsx,Sheet1,58045,aparatur sipil negara asn viktor tebai yang menjabat sebagai sekretaris dinas pendidikan kabupaten nabire papua tengah menjadi sorotan setelah menendang seorang siswa yang terlibat dalam aksi demonstrasi menolak program makan bergizi gratis mbg,244,33,,,,,,,
label_sample_0939,mbg_crawl_069313,data crawl mbg (in).xlsx,Sheet1,69314,membantu itu kalo orangtua gausah effort ngapa in terus gizi anak terpenuhi lha iki wong tua ne isih kudu bayar pajak yg tujuannya jg buat makan gratis tapi ning omah isih kudu nyediakan makan bergizi lain dadi double lho ketikanmu dowo tapi raono isine,253,44,,,,,,,
label_sample_0940,mbg_crawl_019850,data crawl mbg (in).xlsx,Sheet1,19851,mana dipaksa target ngurus swasembada buat program mbg tapi kena efisiensi paling gede itu konsepny gmn deh kita survey ke lapangan pake tenaga dan otak juga harus keluarin modal sendiri buat uang jalan dan makan kah,216,36,,,,,,,
label_sample_0941,mbg_crawl_063400,data crawl mbg (in).xlsx,Sheet1,63401,dengan anggaran sebesar itu kenapa tidak untuk kebijakan di sektor lain anggaran untuk pendidikan ataupun kesehatan itu baru yang namanya investasi jangka panjang kalo program makan gak bergizi gak gratis itu jangka pendek,222,33,,,,,,,
label_sample_0942,mbg_crawl_023934,data crawl mbg (in).xlsx,Sheet1,23935,dulu mbg di as itu means tested cuma anak miskin yg dapat gratis yg bikin ada stigma kemiskinan anaknya diolok dsb lah makanya dibuat seragam sekolah tapi ga semua sekolah dapet saya denger dari podcast pak pak dadan keukeuh dg model ini perlu diapresiasi,255,44,,,,,,,
label_sample_0943,mbg_crawl_064570,data crawl mbg (in).xlsx,Sheet1,64571,ketua dewan perwakilan daerah dpd sultan bachtiar najamudin mengusulkan agar anggaran program makan bergizi gratis dibantu dengan zakat atau urunan warga usulan itu disampaikan karena rakyat indonesia dermawan dan suka menyumbang menurut dia dermawan dan suka,259,36,,,,,,,
label_sample_0944,mbg_crawl_064927,data crawl mbg (in).xlsx,Sheet1,64928,menteri umkm maman abdurrahman bersama kepala badan gizi nasional membahas kolaborasi program makan bergizi gratis di jakarta bergerak sesuai arahan presiden prabowo subianto demi indonesia yang lebih sehat dan kuat pastikan umkm kita siap bawa makanan bergizi,260,37,,,,,,,
label_sample_0945,mbg_crawl_042091,data crawl mbg (in).xlsx,Sheet1,42092,pemerintah provinsi papua menargetkan pelaksanaan program mbg dimulai pada april penjabat gubernur papua ramses limbong meminta pemda segera bersiap agar program berjalan dengan lancar untuk kesiapan di papua pelaksanaan mbg akan dimulai secara bertahap setelah lebaran,269,36,,,,,,,
label_sample_0946,mbg_crawl_064907,data crawl mbg (in).xlsx,Sheet1,64908,lah kan nama programnya makan bergizi gratis bukan makan yang penting abis makanya kalo bikin program yg realistis lah giliran dikritik malah disururuh bersyukur karena yg bikin programnya udah mumet kalo kaya gini mah tujuan awal ga tercapai tapi buang anggaran doang malih,274,43,,,,,,,
label_sample_0947,mbg_crawl_064819,data crawl mbg (in).xlsx,Sheet1,64820,inget judul programnya apa liat juga outcome program apa judulnya aja makan bergizi gratis perlu dipastikan dulu harusnya sesuai ga dgn kebutuhan gizi anak kalo judulnya makan siang gratis ga perlu ditanya soal gizinya proper apa ga,232,37,,,,,,,
label_sample_0948,mbg_crawl_038064,data crawl mbg (in).xlsx,Sheet1,38065,kata lucu atlet stunting emang hasil naturalisasi banyak yg stunting emang atlet profesional ga ada program diet selama latihan emang ga dikasih makan seminimal minimalnya mbg gtu kasian amat jadi atlit ga dirawat alesannya kurang gizi,235,36,,,,,,,
label_sample_0949,mbg_crawl_070935,data crawl mbg (in).xlsx,Sheet1,70936,yah mungkin gue bukan guru yang sempurna tapi gue udah ngajarin murid gue yg kelas sd buat melek politik buat sadar itu mbg darimana buat enggak memuja pemerintah dan tetep kritis terhadap mereka karena nanti mereka yang bakal jadi pengganti buat mengkritisi pemerintah,269,43,,,,,,,
label_sample_0950,mbg_crawl_018619,data crawl mbg (in).xlsx,Sheet1,18620,prabowo kntl pemerintah kntl jokowi kntl gibran kntl pertamina kntl mbg kntl aparat kntl koruptor kntl dpr kntl ma kntl pejabat kntl mayor teddy kntl rektor ui kntl kntl danantara kntl kabinet kntl,197,33,,,,,,,
label_sample_0951,mbg_crawl_028008,data crawl mbg (in).xlsx,Sheet1,28009,turut bersimpati tapi untuk kasus kek gini ya mari dihitung berapa jumlah orang yg kehilangan pekerjaan para honorer di lingkungan pemerintah dengan berapa juta orang miskin yg dapat manfaat dari mbg kalo beneran efisiensi cuma gegara mbg dan bukan faktor lain,260,41,,,,,,,
label_sample_0952,mbg_crawl_016476,data crawl mbg (in).xlsx,Sheet1,16477,wah kalo beneran jadi lahan basah ngeri banget semoga enggak btw di beberapa daerah pihak mbg datang ngirim makanan berboncengan dengan lembaga uji lab jadi mereka bertugas ngecek kandungan makanan yg akan dibagikan on the spot,227,36,,,,,,,
label_sample_0953,mbg_crawl_035854,data crawl mbg (in).xlsx,Sheet1,35855,sorry typo anggaran kementerian kan saat ini dipotong sampai mengorbankan banyak kementerian contohnya kemenkes dan kemendikdasmen menurut gw ga cocok aja kalo kementerian itu dipotong apa lagi kalau hanya untuk membantu anggaran mbg,233,33,,,,,,,
label_sample_0954,mbg_crawl_029998,data crawl mbg (in).xlsx,Sheet1,29999,kata siapa negara efisiensi belanja cuma beda alokasi aja dulu uangnya dipake buat asn dan berbagai proyek sekarang duitnya dikumpulin buat support mbg dan bayarin gaji dan tunjangan pejabat kabinet gembrot,206,31,,,,,,,
label_sample_0955,mbg_crawl_014518,data crawl mbg (in).xlsx,Sheet1,14519,ketua dewan perwakilan daerah dpd ri sultan bachtiar najamudin mengusulkan agar rakyat memberi sumbangan uang untuk program makan bergizi gratis mbg menurutnya cara itu dapat membantu menyukseskan program pemerintahan presiden ri prabowo subianto dan wakil presiden gibran,272,37,,,,,,,
label_sample_0956,mbg_crawl_057621,data crawl mbg (in).xlsx,Sheet1,57622,momen mahasiswa demo indonesiagelap ada mobil pejabat tutup kawan ndasmu patwal kunyuk sering menutup dan membuka jalan rakyat sekarang gantian tolak makan bergizi gratis ganti pendidikan gratis tolak danantara efisiensi malah kumpulin pejabat periode,251,34,,,,,,,
label_sample_0957,mbg_crawl_003603,data crawl mbg (in).xlsx,Sheet1,3604,kota tegal menjadi salah salah satu dari empat daerah yang terpilih untuk melaksanakan uji coba mbg di jawa tengah dimana anggaran yang di gunakan untuk uji coba dari anggaran csr hal itu disampaikan kepala dinas pendidikan dan kebudayaan kota tegal m ismail fahmi jumat,270,44,,,,,,,
label_sample_0958,mbg_crawl_049350,data crawl mbg (in).xlsx,Sheet1,49351,potret personel polri saat membagikan makanan gratis kepada siswa di sekolah alternatif anak jalanan saaj jakarta selatan program ini merupakan wujud kepedulian terhadap perkembangan sekaligus masa depan generasi emas bangsa polri mendukung makanbergizigratis untuk,265,34,,,,,,,
label_sample_0959,mbg_crawl_069605,data crawl mbg (in).xlsx,Sheet1,69606,santai bro se jelek nya mata uang indonesia pelajarnya tetep makan siang gratis pejabatnya tetap koleksi mobil mewah polisinya tetep punya sampingan pungli dan pemerintahnya tetep punya jatah posisi buat anak cucu,213,32,,,,,,,
label_sample_0960,mbg_crawl_023905,data crawl mbg (in).xlsx,Sheet1,23906,oh buzzer udh disanguin berapa sama pemerintah cukup kan buat makan sama susu anak trus anak yg skolah tetep dpt mbg wah enak bgt udhnya dibayarin pemerintah bgini ikut program pemerintah kok enak bgt udh bisa umroh berarti kan sama naik haji dr ngebuzzernya,258,44,,,,,,,
label_sample_0961,mbg_crawl_069021,data crawl mbg (in).xlsx,Sheet1,69022,kaka yg disini permisi ya ada yg pernah ikut jd anggota barisan relawan nusantara raya brnr ga ka ini tu katanya organisasi yg katanya mengawasi program makan bergizi gratis pak prabowo ktnya anggota tuh digaji umk masing wilayah ktnya entahlah,244,40,,,,,,,
label_sample_0962,mbg_crawl_066864,data crawl mbg (in).xlsx,Sheet1,66865,dari tadi lagi scroll tiktok banyak banget video dari kegiatan makan bergizi gratis ank sd rela gk makan kerena memikirkan orang tuanya di rumah anak sd pun sudah mengerti kasih sayang org tua walaupun dia sendiri merasa kurang karena ortunya sibuk bekerja,256,42,,,,,,,
label_sample_0963,mbg_crawl_027693,data crawl mbg (in).xlsx,Sheet1,27694,buat apa program mbg jika akan melahirkan generasi otak dan etik kosong indonesia itu butuh pendidikan gratis berkualitas untuk jenjang paud s d pt agar generasi indonesia bangkit dan mampu bersaing di dunia bukan terus dijajah asing dan aseng,243,39,,,,,,,
label_sample_0964,mbg_crawl_036008,data crawl mbg (in).xlsx,Sheet1,36009,dgn tni aktif di siber mengawasi pihak yg melemahkan kepercayaan ke pemerintah pertahana itu sdh balik ke pemilu orba bagaimana ada capres kompetitor kalau kritik dianggap melemahkan kepercayaam pertahana dan dibabat tni,220,32,,,,,,,
label_sample_0965,mbg_crawl_036388,data crawl mbg (in).xlsx,Sheet1,36389,kata ketua bappenas semua itu ga penting kak yg terpenting dan urgent itu mbg bodo amat rupiah melemah kek ihsg anjlok kek banyak pengangguran dll biar rakyat sendiri yg mikirin tuhas pemerintah hanya mensukseskan mbg titik,223,36,,,,,,,
label_sample_0966,mbg_crawl_037619,data crawl mbg (in).xlsx,Sheet1,37620,ini beneran ngomong begini logikanya kalau kerja bisa ngasih makanan yg bergizi buat anaknya bahkan sekeluarga lebih dr x sehari mbg cuma anaknya yg dikasih makan itu juga cuma sehari x sedih sih menteri ngomongnya begini,221,36,,,,,,,
label_sample_0967,mbg_crawl_068902,data crawl mbg (in).xlsx,Sheet1,68903,selamat untuk pendukung yg sedang menunggu makan bergizi gratis puyeng dah mikirin dananya yg tetep dr pinjaman pajak qt jg krn aku pendukung yg menunggu internet gratis biar bisa jualan d rmh sambil ngurus rt,209,35,,,,,,,
label_sample_0968,mbg_crawl_023596,data crawl mbg (in).xlsx,Sheet1,23597,eh kocak banget wkwkwkw org yg obsess ama mbg tu mendadak relate ke us dan china anjir kalo di kelas udh dimarahin ama prof w yakin kejauhann konteksnya mendadak ke food poisoning padahal masalah utama lebih genting di accessibility mau mara gajadi wkwkwk kocak coyy,266,45,,,,,,,
label_sample_0969,mbg_crawl_057916,data crawl mbg (in).xlsx,Sheet1,57917,unjuk rasa tolak program makan bergizi gratis ratusan pelajar papua tuntut pendidikan gratis berkualitas pelajarpapua demopelajar demo wamena makanbergizigratis tolakmbg prndidikangratis strategiid,197,22,,,,,,,
label_sample_0970,mbg_crawl_009571,data crawl mbg (in).xlsx,Sheet1,9572,coba dananya yg buat mbg yg puluhan triliun untuk restrukturisasi pendidikan mutasi gurunya dibenerin gaji guru dinaikin biaya pendidikan dimurahin klo bisa gratis standardisasi sekolahnya yg bener infrastruktur nya dimeratakan akan lbh dri rb yg terdampak manfaat,264,37,,,,,,,
label_sample_0971,mbg_crawl_030039,data crawl mbg (in).xlsx,Sheet1,30040,terpantau sodara sodara gue yang voters marah marah liat ini mereka gak terima gajinya dipake mbg dan milih mbg aja dibatalin sebelumnya pas pemilu koar mulu jelekkin paslon bangke emang padahal merekanya kerja dibawah pemerintahan yang kena imbas semua bangsat,261,40,,,,,,,
label_sample_0972,mbg_crawl_006018,data crawl mbg (in).xlsx,Sheet1,6019,presidential communication office pco meninjau uji coba program makan bergizi gratis mbg di sekolah di bogor senin uji coba dilaksanakan di satuan pelayanan pemenuhan gizi sppg tanah sareal tirtodaily,200,29,,,,,,,
label_sample_0973,mbg_crawl_060152,data crawl mbg (in).xlsx,Sheet1,60153,rejim antri nenek antri bpjs mandiri bapak antri bbm subsidi ibu antri gas subsidi anak antri makan gratis yg belum tentu lebih bergizi sementara paraâ menteri paraâ wakil menteri paraâ staf paraâ utusan khusus wira wiri berplup plup tot tot nyerobot jalan tanpa antri,268,44,,,,,,,
label_sample_0974,mbg_crawl_049266,data crawl mbg (in).xlsx,Sheet1,49267,dukung ketahanan pangan polres barru bersama bhayangkari tanam jagung di balusu poldasulsel swasembadapangan ketahananpangan polri polisiindonesia polrimendukungketahananpangan polisicintapetani sulsel prabowo gibranrakabumingraka indonesia makanbergizigratis,259,23,,,,,,,
label_sample_0975,mbg_crawl_006979,data crawl mbg (in).xlsx,Sheet1,6980,kunjungan ke sekolah apa ini program pendidikan atau sekadar sesi foto buat pencitraan mbg mungkin biar dibilang merakyat padahal rakyat lebih butuh harga sembako turun daripada salam salaman di trotoar,202,30,,,,,,,
label_sample_0976,mbg_crawl_012377,data crawl mbg (in).xlsx,Sheet1,12378,orang tua suruh patungan sukseskan program mbg gaji jaksa anggaran polri naik kabinet gendut ini malah jatah budget mbg di turunkan bpjs tahun ini keluar aturan baru yang membatasi pengobatan pengangguran kemisikinan makin banyak pemerintah gagal mensejahterakan rakyatnya,272,38,,,,,,,
label_sample_0977,mbg_crawl_012177,data crawl mbg (in).xlsx,Sheet1,12178,bikin pea masyarakatnya konten konten receh sama misinformasi bikin kenyang masyarakatnya anak mudanya liwat mbg jurus ampuh nha adem dha tu rezim yang berkuasa kalau mau aneh aneh soal kebijakan atau bahkan korupsi,215,33,,,,,,,
label_sample_0978,mbg_crawl_010344,data crawl mbg (in).xlsx,Sheet1,10345,ada kabar kurang sedep nih dari kepala badan gizi nasional sehingga orang siswa sd negeri dukuh jawa tengah keracunan menurut kalian penyebabnya karena apa ya share pendapat kalian di kolom komentar ya detikfood mbg kbgn,220,35,,,,,,,
label_sample_0979,mbg_crawl_029609,data crawl mbg (in).xlsx,Sheet1,29610,bacot panjang lebar cuma pamer tolol ikn di stop mbg ancur itu artinya jujungan kau yg kontol anjing itu bikin kebijakan gak pake otak sama kyk kau anggaran negara abis utang numpuk hasil zonk bangsat,200,35,,,,,,,
label_sample_0980,mbg_crawl_014974,data crawl mbg (in).xlsx,Sheet1,14975,pemerintah jepang berminat untuk membantu program makan bergizi gratis mbg yang menjadi program prioritas pemerintahan presiden prabowo subianto untuk mengakomodir keinginan besar presiden prabowo untuk meyediakan makan bergizi tinggi untuk anak anak di indonesia jepang,270,35,,,,,,,
label_sample_0981,mbg_crawl_033212,data crawl mbg (in).xlsx,Sheet1,33213,lah iya kan dgn list dr gambar itu org pada takut pendidikan kesehatan ga masuk prioritas utama malah dibawah mbg makanya pada koar kalo diamati sampe pelaksanaannya doang mah jgn sampe udh kejadian kita baru demo karna ya udh ada fotonya itu dr kemenkeu yg asbun itu,267,47,,,,,,,
label_sample_0982,mbg_crawl_007881,data crawl mbg (in).xlsx,Sheet1,7882,negri kita negri maritim dgn kekayaan laut yg sangat berlimpah aneka macam ikan dgn kandungan gizinya sangat tinggi ada disana kenapa bukan itu yg dijadikan target mbg kenapa musti serangga emang anak kita binatang ternak ya,224,36,,,,,,,
label_sample_0983,mbg_crawl_070503,data crawl mbg (in).xlsx,Sheet1,70504,waktu pemilu ditanya apapun solusinya hilirisasi ditanya sekarang jawabnya mbg mulu us tarif gimana dijawab harus tabah dan kuat emang dari awal semangatnya doang tinggi kalo dikasih pertanyaan apa yang penting jawabnya semangat,228,33,,,,,,,
label_sample_0984,mbg_crawl_002548,data crawl mbg (in).xlsx,Sheet1,2549,menteri pertanian mentan andi amran sulaiman bakal menggenjot produksi daging dan hilirisasi bekerja sama dengan para pengusaha untuk mendukung program pemerintah selanjutnya yakni makan bergizi gratis prabowo gibran prabowogibran makanbergizigratis mbg anakanak mentan,269,33,,,,,,,
label_sample_0985,mbg_crawl_037820,data crawl mbg (in).xlsx,Sheet1,37821,mbg yang jadi program sorotan pas kampanye skrg selama praktiknya keliatan dikorupsi militerisasi demokrasi yg mantep gini malah rakyat gak dikasih kisi kisi gagalkanruutni tolakruutni tolakrevisiuutni indonesiagelap tolakdwifungsiabri tolakruupolri supremasisipil,264,30,,,,,,,
label_sample_0986,mbg_crawl_017398,data crawl mbg (in).xlsx,Sheet1,17399,makan bergizi gratis mbg adalah awal yang sangat fundamental untuk membentuk generasi penerus bangsa indonesia yang kuat cerdas dan tahan terhadap segala ujian sejarah terimakasih bpk presiden karena belum juga genap hari kerja program ini sudah meluncur,254,37,,,,,,,
label_sample_0987,mbg_crawl_038479,data crawl mbg (in).xlsx,Sheet1,38480,gue clearly bilang ke temen gue yang akhirnya sadar bahwa pilihannya salah kalau itu bukan ketipu dari debat pilpres udah keliatan kosong program mbg yang asbun doang proses pemilihan wakil yg menyalahi konstitusi dll masih bilang ketipu hahaha jelas ya bukan ketipu,266,42,,,,,,,
label_sample_0988,mbg_crawl_015043,data crawl mbg (in).xlsx,Sheet1,15044,program mbg ini juga akan berdampak positif pada pembentukan ekosistem sekolah yang baik seperti kesehatan anak didik dan menekan terjadinya bullying antar siswa kita harus berkolaborasi mengajak banyak pihak untuk mensukseskan program mbg ini,243,34,,,,,,,
label_sample_0989,mbg_crawl_063572,data crawl mbg (in).xlsx,Sheet1,63573,tkw baby aisyah minta anaknya tidak ambil makan bergizi gratis tkw di taiwan ini viral setelah meminta anaknya tak mengambil paket makan bergizi gratis di sekolahnya dia mengatakan mengambil paket makan bergizi gratis sama saja merendahkan dirinya yg punya gaji juta sebulan,274,42,,,,,,,
label_sample_0990,mbg_crawl_005798,data crawl mbg (in).xlsx,Sheet1,5799,solusine tlfn cc gojek indonesia mbg buat batalin orderan bisa koq saya sering dapt orderan fiktif reecheese factory kena nasi kulit lovers solo rb tak susruh batalin cc orderan batal saldo ga kepotong dan makanan suruh kasih ke yang membutuhkan pnti,250,41,,,,,,,
label_sample_0991,mbg_crawl_057600,data crawl mbg (in).xlsx,Sheet1,57601,orde baru again mulai dari presiden yg memangkas rumput rakyat yg katanya untuk makan bergizi gratis dan aparat yg katanya mengayomi mana ngoni band keras yg dpe lirik full kata kata kotor so boleh bangun ato bubar jo,217,38,,,,,,,
label_sample_0992,mbg_crawl_044524,data crawl mbg (in).xlsx,Sheet1,44525,homili khotbah hari ini memang manusia butuh makan makanya skrg ada program makan siang gratis atau yg skrg disebut mbg itu ya yah memang susah menolak godaan utk nerima makanan gratis tapi perlu diingat kalau godaan tsb datangnya dr iblis sy ouch,247,42,,,,,,,
label_sample_0993,mbg_crawl_007385,data crawl mbg (in).xlsx,Sheet1,7386,komitmen indonesia untuk memastikan setiap anak di indonesia mendapatkan akses terhadap makan bergizi mbg makanbergizigratis makanbergiziuntukindonesi anaksehatbangsahebat gizigratisuntuknegeri ekonomimaju indonesiaemas,219,20,,,,,,,
label_sample_0994,mbg_crawl_028801,data crawl mbg (in).xlsx,Sheet1,28802,kalo solusi lebih waras tahan dulu programnya cari alternatif lain buat anggaran mbg selain pecat pecatin yang dibawah bisa cari investor kek sita semua aset koruptor kek dan nyatanya sekolah di daerah terpencil malah diundur mbgnya sy guru daerah terpencil,257,40,,,,,,,
label_sample_0995,mbg_crawl_014726,data crawl mbg (in).xlsx,Sheet1,14727,terima kasih untuk semua komponen pendukung program makanan bergizi gratis mbg tanpa kalian program pak prabowosubianto tidak berjalan dengan baik para pengemudi ojol terlihat mendatangi sdn lowokwaru kota malang senin pagi,223,31,,,,,,,
label_sample_0996,mbg_crawl_020130,data crawl mbg (in).xlsx,Sheet1,20131,benar sekali apa yg dikatakan ustadz abdul somad sejatinya hanya orangtua yg tahu kesukaan makanan anakâ nya apalagi kualitas dan kuantitas mbg jauuh dibawah standard yg diberikan orangtua mereka sendiri banyak yg tidak mau menghabiskan makanan ala kadarnya akhirnya mubazir,274,40,,,,,,,
label_sample_0997,mbg_crawl_071385,data crawl mbg (in).xlsx,Sheet1,71386,berdasarkan analisis kenaikan tarif impor as tidak akan berdampak signifikan pada program mbg prabowo program ini mengandalkan sumber pangan lokal seperti singkong dan beras sehingga minim terpengaruh langsung anggaran sebesar rp triliun juga sudah dialokasikan dan,265,36,,,,,,,
label_sample_0998,mbg_crawl_005820,data crawl mbg (in).xlsx,Sheet1,5821,peknas dan badan gizi nasional mencermati semua evaluasi dari simulasi program makan bergizi gratis tsb untuk kemudian bersinergi mengambil langkahâ strategis sehingga program mbg nanti dapat dilakasanakan dgn baik sesuai target dn tujuannya peknas badangizinasional,266,35,,,,,,,
label_sample_0999,mbg_crawl_067823,data crawl mbg (in).xlsx,Sheet1,67824,badan gizi nasional bgn menggelar uji coba makan bergizi gratis mbg di kota makassar hari ini uji coba program ini berlangsung di sekolah dengan menyasar siswa bgn makanbergizigratis mbg mbgmakassar pemkotmakassar dannypomanto makassar detiksulsel,247,34,,,,,,,
label_sample_1000,mbg_crawl_058005,data crawl mbg (in).xlsx,Sheet1,58006,cmiiw makan bergizi gratis kan buat anak sekolah nih tapi yg dikasih makan gizi gratis ga ada karena ga sekolah putus sekolah karena ortunya kena phk jadinya ga ada duit buat sekolahin anaknya jadinya gmn dong yg makan siapa jadinya,232,40,,,,,,,
