experiment,experiment_display_name,mean_fit_time,std_fit_time,mean_score_time,std_score_time,param_classifier__C,param_classifier__class_weight,param_tfidf__max_df,param_tfidf__min_df,param_tfidf__ngram_range,param_tfidf__sublinear_tf,params,split0_test_score,split1_test_score,split2_test_score,split3_test_score,split4_test_score,mean_test_score,std_test_score,rank_test_score,split0_train_score,split1_train_score,split2_train_score,split3_train_score,split4_train_score,mean_train_score,std_train_score,param_classifier__gamma
tuned_linearsvc,Tuned LinearSVC,0.030188608169555663,0.0039119711258188295,0.010994338989257812,0.0016507934972199234,0.1,,0.9,1,"(1, 1)",True,"{'classifier__C': 0.1, 'classifier__class_weight': None, 'tfidf__max_df': 0.9, 'tfidf__min_df': 1, 'tfidf__ngram_range': (1, 1), 'tfidf__sublinear_tf': True}",0.534992784992785,0.5217547161356814,0.5532405328543631,0.5291375291375292,0.5623458481775829,0.5402942822595883,0.01516688161394811,115,0.6177715158185201,0.6252544391090326,0.6341413709834762,0.6061573428495745,0.6092751257989936,0.6185199589119195,0.010278551657597942,
tuned_linearsvc,Tuned LinearSVC,0.06445755958557128,0.0063049670776649264,0.012218809127807618,0.0005668701144913133,0.1,,0.9,1,"(1, 2)",True,"{'classifier__C': 0.1, 'classifier__class_weight': None, 'tfidf__max_df': 0.9, 'tfidf__min_df': 1, 'tfidf__ngram_range': (1, 2), 'tfidf__sublinear_tf': True}",0.5401111513833515,0.5075652342758136,0.5442299057027391,0.5426433168687322,0.5568717477808387,0.538284271202295,0.016412451707038374,119,0.6022940785994757,0.6023656916661517,0.6072400388726918,0.6048036015336407,0.6001681991477911,0.6033743219639502,0.002426935995171276,
tuned_linearsvc,Tuned LinearSVC,0.027120637893676757,0.002006801102696948,0.010266685485839843,0.0013868469382008555,0.1,,0.9,2,"(1, 1)",True,"{'classifier__C': 0.1, 'classifier__class_weight': None, 'tfidf__max_df': 0.9, 'tfidf__min_df': 2, 'tfidf__ngram_range': (1, 1), 'tfidf__sublinear_tf': True}",0.534992784992785,0.5256082806828876,0.5398661167891937,0.5690476190476191,0.5660911665296428,0.5471211936084257,0.01733878809441368,113,0.6344487489270305,0.64837398951278,0.6284663653632585,0.6162634750870045,0.6091000812079864,0.627330532019612,0.013781257696865279,
tuned_linearsvc,Tuned LinearSVC,0.04496474266052246,0.005216283617418457,0.014293432235717773,0.002885959902113819,0.1,,0.9,2,"(1, 2)",True,"{'classifier__C': 0.1, 'classifier__class_weight': None, 'tfidf__max_df': 0.9, 'tfidf__min_df': 2, 'tfidf__ngram_range': (1, 2), 'tfidf__sublinear_tf': True}",0.5304029304029304,0.5197935640558592,0.5353745183044316,0.5471584945269156,0.5623374210330732,0.539013385664642,0.014609149615215054,117,0.6441322960727306,0.6338420542635659,0.6287721223522854,0.6162634750870045,0.6070195296739972,0.6260058954899167,0.013061551482665155,
tuned_linearsvc,Tuned LinearSVC,0.0268557071685791,0.003116126618677986,0.009428310394287109,0.0015983868922970865,0.1,,0.9,3,"(1, 1)",True,"{'classifier__C': 0.1, 'classifier__class_weight': None, 'tfidf__max_df': 0.9, 'tfidf__min_df': 3, 'tfidf__ngram_range': (1, 1), 'tfidf__sublinear_tf': True}",0.5436513270899613,0.5263565891472869,0.5835595776772248,0.5685035943151292,0.5669627865799677,0.557806774961914,0.020253158928666474,109,0.6403130652972076,0.6459369904850536,0.6404543001317194,0.601562103868776,0.6109230827353914,0.6278379085036295,0.01799393721944615,
tuned_linearsvc,Tuned LinearSVC,0.04100890159606933,0.004054566789544407,0.01378321647644043,0.0020586092578179097,0.1,,0.9,3,"(1, 2)",True,"{'classifier__C': 0.1, 'classifier__class_weight': None, 'tfidf__max_df': 0.9, 'tfidf__min_df': 3, 'tfidf__ngram_range': (1, 2), 'tfidf__sublinear_tf': True}",0.5296561800831012,0.520236800773227,0.579360465116279,0.5471584945269156,0.5670093544503102,0.5486842589899665,0.02213816780589787,111,0.6337264264938772,0.6463694534346164,0.6465706560175414,0.6381304867427312,0.5990607969555338,0.63277156392886,0.017557694425269325,
tuned_linearsvc,Tuned LinearSVC,0.03374795913696289,0.004162776665163076,0.010464811325073242,0.0020841354799578157,0.1,,0.95,1,"(1, 1)",True,"{'classifier__C': 0.1, 'classifier__class_weight': None, 'tfidf__max_df': 0.95, 'tfidf__min_df': 1, 'tfidf__ngram_range': (1, 1), 'tfidf__sublinear_tf': True}",0.534992784992785,0.5217547161356814,0.5532405328543631,0.5291375291375292,0.5623458481775829,0.5402942822595883,0.01516688161394811,115,0.6177715158185201,0.6252544391090326,0.6341413709834762,0.6061573428495745,0.6092751257989936,0.6185199589119195,0.010278551657597942,
tuned_linearsvc,Tuned LinearSVC,0.0660202980041504,0.006570503675554863,0.01367483139038086,0.0032827870332729284,0.1,,0.95,1,"(1, 2)",True,"{'classifier__C': 0.1, 'classifier__class_weight': None, 'tfidf__max_df': 0.95, 'tfidf__min_df': 1, 'tfidf__ngram_range': (1, 2), 'tfidf__sublinear_tf': True}",0.5401111513833515,0.5075652342758136,0.5442299057027391,0.5426433168687322,0.5568717477808387,0.538284271202295,0.016412451707038374,119,0.6022940785994757,0.6023656916661517,0.6072400388726918,0.6048036015336407,0.6001681991477911,0.6033743219639502,0.002426935995171276,
tuned_linearsvc,Tuned LinearSVC,0.02646212577819824,0.001909714455819875,0.009499549865722656,0.0009380482448212418,0.1,,0.95,2,"(1, 1)",True,"{'classifier__C': 0.1, 'classifier__class_weight': None, 'tfidf__max_df': 0.95, 'tfidf__min_df': 2, 'tfidf__ngram_range': (1, 1), 'tfidf__sublinear_tf': True}",0.534992784992785,0.5256082806828876,0.5398661167891937,0.5690476190476191,0.5660911665296428,0.5471211936084257,0.01733878809441368,113,0.6344487489270305,0.64837398951278,0.6284663653632585,0.6162634750870045,0.6091000812079864,0.627330532019612,0.013781257696865279,
tuned_linearsvc,Tuned LinearSVC,0.047321128845214847,0.008788990440431294,0.015076971054077149,0.0027375729090517295,0.1,,0.95,2,"(1, 2)",True,"{'classifier__C': 0.1, 'classifier__class_weight': None, 'tfidf__max_df': 0.95, 'tfidf__min_df': 2, 'tfidf__ngram_range': (1, 2), 'tfidf__sublinear_tf': True}",0.5304029304029304,0.5197935640558592,0.5353745183044316,0.5471584945269156,0.5623374210330732,0.539013385664642,0.014609149615215054,117,0.6441322960727306,0.6338420542635659,0.6287721223522854,0.6162634750870045,0.6070195296739972,0.6260058954899167,0.013061551482665155,
tuned_linearsvc,Tuned LinearSVC,0.02626643180847168,0.001468424241167862,0.009328269958496093,0.0022461634057746576,0.1,,0.95,3,"(1, 1)",True,"{'classifier__C': 0.1, 'classifier__class_weight': None, 'tfidf__max_df': 0.95, 'tfidf__min_df': 3, 'tfidf__ngram_range': (1, 1), 'tfidf__sublinear_tf': True}",0.5436513270899613,0.5263565891472869,0.5835595776772248,0.5685035943151292,0.5669627865799677,0.557806774961914,0.020253158928666474,109,0.6403130652972076,0.6459369904850536,0.6404543001317194,0.601562103868776,0.6109230827353914,0.6278379085036295,0.01799393721944615,
tuned_linearsvc,Tuned LinearSVC,0.04570150375366211,0.0048795893487985735,0.014695072174072265,0.0032494357105195978,0.1,,0.95,3,"(1, 2)",True,"{'classifier__C': 0.1, 'classifier__class_weight': None, 'tfidf__max_df': 0.95, 'tfidf__min_df': 3, 'tfidf__ngram_range': (1, 2), 'tfidf__sublinear_tf': True}",0.5296561800831012,0.520236800773227,0.579360465116279,0.5471584945269156,0.5670093544503102,0.5486842589899665,0.02213816780589787,111,0.6337264264938772,0.6463694534346164,0.6465706560175414,0.6381304867427312,0.5990607969555338,0.63277156392886,0.017557694425269325,
tuned_linearsvc,Tuned LinearSVC,0.036040735244750974,0.0045043887055585185,0.011290931701660156,0.002617898189000522,0.1,balanced,0.9,1,"(1, 1)",True,"{'classifier__C': 0.1, 'classifier__class_weight': 'balanced', 'tfidf__max_df': 0.9, 'tfidf__min_df': 1, 'tfidf__ngram_range': (1, 1), 'tfidf__sublinear_tf': True}",0.5678733031674208,0.5902004005998932,0.6538805779312109,0.6222591771372259,0.6820038342919063,0.6232434586255314,0.041352343191149846,97,0.9445271106856569,0.9415436101424004,0.9560060807447567,0.9565612428240028,0.9574514748417977,0.9512179038477229,0.006763046481952978,
tuned_linearsvc,Tuned LinearSVC,0.06501169204711914,0.005786693175912397,0.011816453933715821,0.0006537506720845661,0.1,balanced,0.9,1,"(1, 2)",True,"{'classifier__C': 0.1, 'classifier__class_weight': 'balanced', 'tfidf__max_df': 0.9, 'tfidf__min_df': 1, 'tfidf__ngram_range': (1, 2), 'tfidf__sublinear_tf': True}",0.5713738368910782,0.5185881370091896,0.5922731059745375,0.5786380710044833,0.6275747017210431,0.5776895705200664,0.035312811864172865,105,0.9721688634086277,0.9733982012102259,0.982219764961628,0.9774517358326388,0.9710168892420619,0.9752510909310365,0.004105290403561816,
tuned_linearsvc,Tuned LinearSVC,0.0318199634552002,0.00345345311146621,0.011116504669189453,0.0027567015348578237,0.1,balanced,0.9,2,"(1, 1)",True,"{'classifier__C': 0.1, 'classifier__class_weight': 'balanced', 'tfidf__max_df': 0.9, 'tfidf__min_df': 2, 'tfidf__ngram_range': (1, 1), 'tfidf__sublinear_tf': True}",0.6664234031936128,0.6706157965194111,0.6434726969115283,0.6657720586910864,0.6939324116743472,0.6680432733979972,0.01605217107125099,31,0.9126639041879948,0.9217339541112457,0.9300435407970232,0.924501702216263,0.9160963216032051,0.9210078845831464,0.006133881015622753,
tuned_linearsvc,Tuned LinearSVC,0.04906096458435059,0.005166043711904779,0.013492727279663086,0.0028453822277524905,0.1,balanced,0.9,2,"(1, 2)",True,"{'classifier__C': 0.1, 'classifier__class_weight': 'balanced', 'tfidf__max_df': 0.9, 'tfidf__min_df': 2, 'tfidf__ngram_range': (1, 2), 'tfidf__sublinear_tf': True}",0.6801604599008181,0.6273252758801892,0.6339105956740427,0.6315569972196479,0.6753968253968253,0.6496700308143046,0.023096597499969063,61,0.927524505327245,0.9298932601084452,0.9370214565527065,0.9396654466143729,0.9347615347615349,0.9337732406728609,0.004479880915041654,
tuned_linearsvc,Tuned LinearSVC,0.02826519012451172,0.004232652869437814,0.00924854278564453,0.0018284253797906911,0.1,balanced,0.9,3,"(1, 1)",True,"{'classifier__C': 0.1, 'classifier__class_weight': 'balanced', 'tfidf__max_df': 0.9, 'tfidf__min_df': 3, 'tfidf__ngram_range': (1, 1), 'tfidf__sublinear_tf': True}",0.6606666038387836,0.6945039849081436,0.6361029651352231,0.6867954911433173,0.6820985392951583,0.6720335168641252,0.021186570060030795,21,0.9079110185823583,0.9075466873456293,0.9106475565777891,0.891050223220292,0.896734820641052,0.9027780612734242,0.007550880007502751,
tuned_linearsvc,Tuned LinearSVC,0.046490144729614255,0.0046536398805585785,0.013319110870361328,0.0034639910386659533,0.1,balanced,0.9,3,"(1, 2)",True,"{'classifier__C': 0.1, 'classifier__class_weight': 'balanced', 'tfidf__max_df': 0.9, 'tfidf__min_df': 3, 'tfidf__ngram_range': (1, 2), 'tfidf__sublinear_tf': True}",0.6641208363957861,0.6436974789915967,0.6510416666666666,0.6796122576610383,0.7052799623580022,0.6687504404146181,0.02197757868554918,27,0.911431599891881,0.9165375111784152,0.9230815244957563,0.9131289700165891,0.8909973362228544,0.9110353883610992,0.010783750298406093,
tuned_linearsvc,Tuned LinearSVC,0.029784393310546876,0.001914439559030026,0.009426450729370118,0.0007878287971877424,0.1,balanced,0.95,1,"(1, 1)",True,"{'classifier__C': 0.1, 'classifier__class_weight': 'balanced', 'tfidf__max_df': 0.95, 'tfidf__min_df': 1, 'tfidf__ngram_range': (1, 1), 'tfidf__sublinear_tf': True}",0.5678733031674208,0.5902004005998932,0.6538805779312109,0.6222591771372259,0.6820038342919063,0.6232434586255314,0.041352343191149846,97,0.9445271106856569,0.9415436101424004,0.9560060807447567,0.9565612428240028,0.9574514748417977,0.9512179038477229,0.006763046481952978,
tuned_linearsvc,Tuned LinearSVC,0.0667081356048584,0.009042247160811282,0.014783620834350586,0.0028755170054694554,0.1,balanced,0.95,1,"(1, 2)",True,"{'classifier__C': 0.1, 'classifier__class_weight': 'balanced', 'tfidf__max_df': 0.95, 'tfidf__min_df': 1, 'tfidf__ngram_range': (1, 2), 'tfidf__sublinear_tf': True}",0.5713738368910782,0.5185881370091896,0.5922731059745375,0.5786380710044833,0.6275747017210431,0.5776895705200664,0.035312811864172865,105,0.9721688634086277,0.9733982012102259,0.982219764961628,0.9774517358326388,0.9710168892420619,0.9752510909310365,0.004105290403561816,
tuned_linearsvc,Tuned LinearSVC,0.027964210510253905,0.003874900961119117,0.009503364562988281,0.0012487694051158277,0.1,balanced,0.95,2,"(1, 1)",True,"{'classifier__C': 0.1, 'classifier__class_weight': 'balanced', 'tfidf__max_df': 0.95, 'tfidf__min_df': 2, 'tfidf__ngram_range': (1, 1), 'tfidf__sublinear_tf': True}",0.6664234031936128,0.6706157965194111,0.6434726969115283,0.6657720586910864,0.6939324116743472,0.6680432733979972,0.01605217107125099,31,0.9126639041879948,0.9217339541112457,0.9300435407970232,0.924501702216263,0.9160963216032051,0.9210078845831464,0.006133881015622753,
tuned_linearsvc,Tuned LinearSVC,0.04658308029174805,0.0042179525171386935,0.012212324142456054,0.001914664260361154,0.1,balanced,0.95,2,"(1, 2)",True,"{'classifier__C': 0.1, 'classifier__class_weight': 'balanced', 'tfidf__max_df': 0.95, 'tfidf__min_df': 2, 'tfidf__ngram_range': (1, 2), 'tfidf__sublinear_tf': True}",0.6801604599008181,0.6273252758801892,0.6339105956740427,0.6315569972196479,0.6753968253968253,0.6496700308143046,0.023096597499969063,61,0.927524505327245,0.9298932601084452,0.9370214565527065,0.9396654466143729,0.9347615347615349,0.9337732406728609,0.004479880915041654,
tuned_linearsvc,Tuned LinearSVC,0.029100513458251952,0.0013092009493899913,0.01025080680847168,0.0020057748981792125,0.1,balanced,0.95,3,"(1, 1)",True,"{'classifier__C': 0.1, 'classifier__class_weight': 'balanced', 'tfidf__max_df': 0.95, 'tfidf__min_df': 3, 'tfidf__ngram_range': (1, 1), 'tfidf__sublinear_tf': True}",0.6606666038387836,0.6945039849081436,0.6361029651352231,0.6867954911433173,0.6820985392951583,0.6720335168641252,0.021186570060030795,21,0.9079110185823583,0.9075466873456293,0.9106475565777891,0.891050223220292,0.896734820641052,0.9027780612734242,0.007550880007502751,
tuned_linearsvc,Tuned LinearSVC,0.04454965591430664,0.008565857334660209,0.013420534133911134,0.002734107559307005,0.1,balanced,0.95,3,"(1, 2)",True,"{'classifier__C': 0.1, 'classifier__class_weight': 'balanced', 'tfidf__max_df': 0.95, 'tfidf__min_df': 3, 'tfidf__ngram_range': (1, 2), 'tfidf__sublinear_tf': True}",0.6641208363957861,0.6436974789915967,0.6510416666666666,0.6796122576610383,0.7052799623580022,0.6687504404146181,0.02197757868554918,27,0.911431599891881,0.9165375111784152,0.9230815244957563,0.9131289700165891,0.8909973362228544,0.9110353883610992,0.010783750298406093,
tuned_linearsvc,Tuned LinearSVC,0.030454206466674804,0.0026920480338801745,0.01002039909362793,0.0013420432310682889,0.5,,0.9,1,"(1, 1)",True,"{'classifier__C': 0.5, 'classifier__class_weight': None, 'tfidf__max_df': 0.9, 'tfidf__min_df': 1, 'tfidf__ngram_range': (1, 1), 'tfidf__sublinear_tf': True}",0.5444799810471452,0.571475094922936,0.6740214544541313,0.595993301391665,0.6319908645276292,0.6035921392687014,0.045497846450178986,101,0.9972100719371079,0.9972100719371079,1.0,0.997181462116527,1.0,0.9983203211981486,0.0013714917867674473,
tuned_linearsvc,Tuned LinearSVC,0.06884264945983887,0.013347865071287717,0.014632081985473633,0.0028575639899578085,0.5,,0.9,1,"(1, 2)",True,"{'classifier__C': 0.5, 'classifier__class_weight': None, 'tfidf__max_df': 0.9, 'tfidf__min_df': 1, 'tfidf__ngram_range': (1, 2), 'tfidf__sublinear_tf': True}",0.531484794275492,0.5277108433734939,0.5657687991021324,0.5785044941671448,0.6404265581367549,0.5687790978110036,0.04077859831449257,107,1.0,1.0,1.0,1.0,1.0,1.0,0.0,
tuned_linearsvc,Tuned LinearSVC,0.028527116775512694,0.001510540819856313,0.010475063323974609,0.0016655773587553207,0.5,,0.9,2,"(1, 1)",True,"{'classifier__C': 0.5, 'classifier__class_weight': None, 'tfidf__max_df': 0.9, 'tfidf__min_df': 2, 'tfidf__ngram_range': (1, 1), 'tfidf__sublinear_tf': True}",0.5944005030280968,0.6591939866087223,0.651644000071673,0.6278989172754743,0.6225225043800471,0.6311319822728028,0.022986936933386333,93,0.9716211089645485,0.9684723508863765,0.9781034024455076,0.9802952051888223,0.9653148130845972,0.9727613761139704,0.005664681339340038,
tuned_linearsvc,Tuned LinearSVC,0.04767694473266602,0.002799400644333306,0.013053655624389648,0.0023364739562308336,0.5,,0.9,2,"(1, 2)",True,"{'classifier__C': 0.5, 'classifier__class_weight': None, 'tfidf__max_df': 0.9, 'tfidf__min_df': 2, 'tfidf__ngram_range': (1, 2), 'tfidf__sublinear_tf': True}",0.6182744598785617,0.6280942625505409,0.6420541523153463,0.6090663918519658,0.6837262237719903,0.6362430980736811,0.026139106402142852,87,0.9868183829303735,0.9839418873394189,0.9896082073960821,0.9924523528419632,0.9814704058125111,0.9868582472640698,0.003908756268344711,
tuned_linearsvc,Tuned LinearSVC,0.029488372802734374,0.0037322667642927937,0.010708427429199219,0.001531131180658138,0.5,,0.9,3,"(1, 1)",True,"{'classifier__C': 0.5, 'classifier__class_weight': None, 'tfidf__max_df': 0.9, 'tfidf__min_df': 3, 'tfidf__ngram_range': (1, 1), 'tfidf__sublinear_tf': True}",0.602988675346657,0.6322928533454849,0.6745331108568732,0.6444690458251969,0.6545320212288601,0.6417631413206144,0.02382176602439001,79,0.9550467988127597,0.9538657289761807,0.9511183980920971,0.9513233814827547,0.9449018043501036,0.9512512223427791,0.003509416012510729,
tuned_linearsvc,Tuned LinearSVC,0.043607044219970706,0.0027043622726717854,0.012720537185668946,0.0015890278630572004,0.5,,0.9,3,"(1, 2)",True,"{'classifier__C': 0.5, 'classifier__class_weight': None, 'tfidf__max_df': 0.9, 'tfidf__min_df': 3, 'tfidf__ngram_range': (1, 2), 'tfidf__sublinear_tf': True}",0.6034021534021535,0.6684672815107597,0.6768190657079546,0.5993756274062062,0.6585098039215685,0.6413147863897286,0.03313530221808833,81,0.9631421142088605,0.9689774439607978,0.9655927491702667,0.9601389610325208,0.9451367279533911,0.9605975992651674,0.008257078984044278,
tuned_linearsvc,Tuned LinearSVC,0.02953495979309082,0.0017924810634913305,0.009318828582763672,0.0011591836681149237,0.5,,0.95,1,"(1, 1)",True,"{'classifier__C': 0.5, 'classifier__class_weight': None, 'tfidf__max_df': 0.95, 'tfidf__min_df': 1, 'tfidf__ngram_range': (1, 1), 'tfidf__sublinear_tf': True}",0.5444799810471452,0.571475094922936,0.6740214544541313,0.595993301391665,0.6319908645276292,0.6035921392687014,0.045497846450178986,101,0.9972100719371079,0.9972100719371079,1.0,0.997181462116527,1.0,0.9983203211981486,0.0013714917867674473,
tuned_linearsvc,Tuned LinearSVC,0.07051305770874024,0.01457364489603643,0.013208961486816407,0.002654523305422779,0.5,,0.95,1,"(1, 2)",True,"{'classifier__C': 0.5, 'classifier__class_weight': None, 'tfidf__max_df': 0.95, 'tfidf__min_df': 1, 'tfidf__ngram_range': (1, 2), 'tfidf__sublinear_tf': True}",0.531484794275492,0.5277108433734939,0.5657687991021324,0.5785044941671448,0.6404265581367549,0.5687790978110036,0.04077859831449257,107,1.0,1.0,1.0,1.0,1.0,1.0,0.0,
tuned_linearsvc,Tuned LinearSVC,0.029053258895874023,0.0028349058276298154,0.010859060287475585,0.002377229237677828,0.5,,0.95,2,"(1, 1)",True,"{'classifier__C': 0.5, 'classifier__class_weight': None, 'tfidf__max_df': 0.95, 'tfidf__min_df': 2, 'tfidf__ngram_range': (1, 1), 'tfidf__sublinear_tf': True}",0.5944005030280968,0.6591939866087223,0.651644000071673,0.6278989172754743,0.6225225043800471,0.6311319822728028,0.022986936933386333,93,0.9716211089645485,0.9684723508863765,0.9781034024455076,0.9802952051888223,0.9653148130845972,0.9727613761139704,0.005664681339340038,
tuned_linearsvc,Tuned LinearSVC,0.04788241386413574,0.008013043119517756,0.012929725646972656,0.0029057962811217817,0.5,,0.95,2,"(1, 2)",True,"{'classifier__C': 0.5, 'classifier__class_weight': None, 'tfidf__max_df': 0.95, 'tfidf__min_df': 2, 'tfidf__ngram_range': (1, 2), 'tfidf__sublinear_tf': True}",0.6182744598785617,0.6280942625505409,0.6420541523153463,0.6090663918519658,0.6837262237719903,0.6362430980736811,0.026139106402142852,87,0.9868183829303735,0.9839418873394189,0.9896082073960821,0.9924523528419632,0.9814704058125111,0.9868582472640698,0.003908756268344711,
tuned_linearsvc,Tuned LinearSVC,0.028853321075439455,0.004685317308445035,0.011156558990478516,0.0015580659580302731,0.5,,0.95,3,"(1, 1)",True,"{'classifier__C': 0.5, 'classifier__class_weight': None, 'tfidf__max_df': 0.95, 'tfidf__min_df': 3, 'tfidf__ngram_range': (1, 1), 'tfidf__sublinear_tf': True}",0.602988675346657,0.6322928533454849,0.6745331108568732,0.6444690458251969,0.6545320212288601,0.6417631413206144,0.02382176602439001,79,0.9550467988127597,0.9538657289761807,0.9511183980920971,0.9513233814827547,0.9449018043501036,0.9512512223427791,0.003509416012510729,
tuned_linearsvc,Tuned LinearSVC,0.04506750106811523,0.0037823024699020404,0.012356710433959962,0.001004160868488664,0.5,,0.95,3,"(1, 2)",True,"{'classifier__C': 0.5, 'classifier__class_weight': None, 'tfidf__max_df': 0.95, 'tfidf__min_df': 3, 'tfidf__ngram_range': (1, 2), 'tfidf__sublinear_tf': True}",0.6034021534021535,0.6684672815107597,0.6768190657079546,0.5993756274062062,0.6585098039215685,0.6413147863897286,0.03313530221808833,81,0.9631421142088605,0.9689774439607978,0.9655927491702667,0.9601389610325208,0.9451367279533911,0.9605975992651674,0.008257078984044278,
tuned_linearsvc,Tuned LinearSVC,0.036377334594726564,0.006572163860587142,0.011993074417114257,0.002355300170035984,0.5,balanced,0.9,1,"(1, 1)",True,"{'classifier__C': 0.5, 'classifier__class_weight': 'balanced', 'tfidf__max_df': 0.9, 'tfidf__min_df': 1, 'tfidf__ngram_range': (1, 1), 'tfidf__sublinear_tf': True}",0.6436710677382319,0.6522326638412874,0.7167473049825991,0.6495818025053408,0.6604057781649245,0.6645277234464767,0.02665867310845739,35,1.0,0.9972378633109645,0.9972100719371079,1.0,1.0,0.9988895870496144,0.001360000961993004,
tuned_linearsvc,Tuned LinearSVC,0.06404833793640137,0.007179078762119742,0.01299285888671875,0.0015861255091846314,0.5,balanced,0.9,1,"(1, 2)",True,"{'classifier__C': 0.5, 'classifier__class_weight': 'balanced', 'tfidf__max_df': 0.9, 'tfidf__min_df': 1, 'tfidf__ngram_range': (1, 2), 'tfidf__sublinear_tf': True}",0.6365493700738535,0.6038505381702782,0.6465664603595639,0.6313747228381374,0.6921831337325349,0.6421048450348736,0.0287650198271507,77,1.0,1.0,1.0,1.0,1.0,1.0,0.0,
tuned_linearsvc,Tuned LinearSVC,0.029634952545166016,0.0028449169649574215,0.009696531295776366,0.0006915169573274959,0.5,balanced,0.9,2,"(1, 1)",True,"{'classifier__C': 0.5, 'classifier__class_weight': 'balanced', 'tfidf__max_df': 0.9, 'tfidf__min_df': 2, 'tfidf__ngram_range': (1, 1), 'tfidf__sublinear_tf': True}",0.6588325148700994,0.6530189870402134,0.6880520567314491,0.7464951747955907,0.6802623598430563,0.6853322186560817,0.03322766145689245,7,0.9795164950949742,0.9842840548063991,0.980256318236889,0.9905298514642338,0.9765820747463546,0.9822337588697702,0.004822119722133137,
tuned_linearsvc,Tuned LinearSVC,0.048810148239135744,0.0044807223268036045,0.013207721710205077,0.002488059233316225,0.5,balanced,0.9,2,"(1, 2)",True,"{'classifier__C': 0.5, 'classifier__class_weight': 'balanced', 'tfidf__max_df': 0.9, 'tfidf__min_df': 2, 'tfidf__ngram_range': (1, 2), 'tfidf__sublinear_tf': True}",0.6779578189300411,0.620446494877204,0.7069377990430623,0.7101787101787101,0.7234101591908836,0.6877861964439802,0.036792683204476886,5,0.988523459027863,0.9896810213376445,0.9896589846920972,0.9940826237186423,0.9832676770554238,0.9890427531663342,0.0034585717637467795,
tuned_linearsvc,Tuned LinearSVC,0.028594493865966797,0.002735606464987089,0.010724544525146484,0.0015626448328653437,0.5,balanced,0.9,3,"(1, 1)",True,"{'classifier__C': 0.5, 'classifier__class_weight': 'balanced', 'tfidf__max_df': 0.9, 'tfidf__min_df': 3, 'tfidf__ngram_range': (1, 1), 'tfidf__sublinear_tf': True}",0.6562075763478179,0.6685897435897435,0.6887672747374239,0.7358674463937622,0.6625,0.6823864082137495,0.028886278149532606,9,0.9700173741544568,0.9783252653414123,0.9638978069482619,0.976706473146039,0.9644047359913365,0.9706703311163013,0.006009727901737707,
tuned_linearsvc,Tuned LinearSVC,0.05078868865966797,0.006406893746614459,0.015264272689819336,0.0018872415839891554,0.5,balanced,0.9,3,"(1, 2)",True,"{'classifier__C': 0.5, 'classifier__class_weight': 'balanced', 'tfidf__max_df': 0.9, 'tfidf__min_df': 3, 'tfidf__ngram_range': (1, 2), 'tfidf__sublinear_tf': True}",0.6516245328256117,0.6917534847248228,0.7007052301169948,0.7417786891471102,0.676113999684156,0.692395187299739,0.029784298497534178,1,0.9782342909615638,0.9822260355202141,0.9780378043202796,0.9833422493245115,0.9701668295737488,0.9784014419400636,0.004626188631155123,
tuned_linearsvc,Tuned LinearSVC,0.031594467163085935,0.0038121356660405304,0.010546112060546875,0.002013546431800741,0.5,balanced,0.95,1,"(1, 1)",True,"{'classifier__C': 0.5, 'classifier__class_weight': 'balanced', 'tfidf__max_df': 0.95, 'tfidf__min_df': 1, 'tfidf__ngram_range': (1, 1), 'tfidf__sublinear_tf': True}",0.6436710677382319,0.6522326638412874,0.7167473049825991,0.6495818025053408,0.6604057781649245,0.6645277234464767,0.02665867310845739,35,1.0,0.9972378633109645,0.9972100719371079,1.0,1.0,0.9988895870496144,0.001360000961993004,
tuned_linearsvc,Tuned LinearSVC,0.06864094734191895,0.005366956199358706,0.014205503463745116,0.002034428730163015,0.5,balanced,0.95,1,"(1, 2)",True,"{'classifier__C': 0.5, 'classifier__class_weight': 'balanced', 'tfidf__max_df': 0.95, 'tfidf__min_df': 1, 'tfidf__ngram_range': (1, 2), 'tfidf__sublinear_tf': True}",0.6365493700738535,0.6038505381702782,0.6465664603595639,0.6313747228381374,0.6921831337325349,0.6421048450348736,0.0287650198271507,77,1.0,1.0,1.0,1.0,1.0,1.0,0.0,
tuned_linearsvc,Tuned LinearSVC,0.031292152404785153,0.0027086214862719667,0.009622287750244141,0.0007110566604231368,0.5,balanced,0.95,2,"(1, 1)",True,"{'classifier__C': 0.5, 'classifier__class_weight': 'balanced', 'tfidf__max_df': 0.95, 'tfidf__min_df': 2, 'tfidf__ngram_range': (1, 1), 'tfidf__sublinear_tf': True}",0.6588325148700994,0.6530189870402134,0.6880520567314491,0.7464951747955907,0.6802623598430563,0.6853322186560817,0.03322766145689245,7,0.9795164950949742,0.9842840548063991,0.980256318236889,0.9905298514642338,0.9765820747463546,0.9822337588697702,0.004822119722133137,
tuned_linearsvc,Tuned LinearSVC,0.05104074478149414,0.0016015549700121308,0.012695503234863282,0.0014193817016169292,0.5,balanced,0.95,2,"(1, 2)",True,"{'classifier__C': 0.5, 'classifier__class_weight': 'balanced', 'tfidf__max_df': 0.95, 'tfidf__min_df': 2, 'tfidf__ngram_range': (1, 2), 'tfidf__sublinear_tf': True}",0.6779578189300411,0.620446494877204,0.7069377990430623,0.7101787101787101,0.7234101591908836,0.6877861964439802,0.036792683204476886,5,0.988523459027863,0.9896810213376445,0.9896589846920972,0.9940826237186423,0.9832676770554238,0.9890427531663342,0.0034585717637467795,
tuned_linearsvc,Tuned LinearSVC,0.034154653549194336,0.008920172562446158,0.011310243606567382,0.0033107243524956756,0.5,balanced,0.95,3,"(1, 1)",True,"{'classifier__C': 0.5, 'classifier__class_weight': 'balanced', 'tfidf__max_df': 0.95, 'tfidf__min_df': 3, 'tfidf__ngram_range': (1, 1), 'tfidf__sublinear_tf': True}",0.6562075763478179,0.6685897435897435,0.6887672747374239,0.7358674463937622,0.6625,0.6823864082137495,0.028886278149532606,9,0.9700173741544568,0.9783252653414123,0.9638978069482619,0.976706473146039,0.9644047359913365,0.9706703311163013,0.006009727901737707,
tuned_linearsvc,Tuned LinearSVC,0.060143566131591795,0.021781974602640957,0.01359729766845703,0.0013963410946129676,0.5,balanced,0.95,3,"(1, 2)",True,"{'classifier__C': 0.5, 'classifier__class_weight': 'balanced', 'tfidf__max_df': 0.95, 'tfidf__min_df': 3, 'tfidf__ngram_range': (1, 2), 'tfidf__sublinear_tf': True}",0.6516245328256117,0.6917534847248228,0.7007052301169948,0.7417786891471102,0.676113999684156,0.692395187299739,0.029784298497534178,1,0.9782342909615638,0.9822260355202141,0.9780378043202796,0.9833422493245115,0.9701668295737488,0.9784014419400636,0.004626188631155123,
tuned_linearsvc,Tuned LinearSVC,0.03239459991455078,0.0019157160055573114,0.01044769287109375,0.0016906099711397563,1.0,,0.9,1,"(1, 1)",True,"{'classifier__C': 1, 'classifier__class_weight': None, 'tfidf__max_df': 0.9, 'tfidf__min_df': 1, 'tfidf__ngram_range': (1, 1), 'tfidf__sublinear_tf': True}",0.5639245473240421,0.6684672815107597,0.6426979714672977,0.5853658536585366,0.658524037196924,0.6237959382315121,0.04152182914576791,95,1.0,1.0,1.0,1.0,1.0,1.0,0.0,
tuned_linearsvc,Tuned LinearSVC,0.07580728530883789,0.007561585366094648,0.014001607894897461,0.0027011570013307953,1.0,,0.9,1,"(1, 2)",True,"{'classifier__C': 1, 'classifier__class_weight': None, 'tfidf__max_df': 0.9, 'tfidf__min_df': 1, 'tfidf__ngram_range': (1, 2), 'tfidf__sublinear_tf': True}",0.5536184549293081,0.5362745098039216,0.6188725490196078,0.6002857111339092,0.6358197358197358,0.5889741921412964,0.0380621907954208,103,1.0,1.0,1.0,1.0,1.0,1.0,0.0,
tuned_linearsvc,Tuned LinearSVC,0.03207707405090332,0.0011794699594306088,0.010203361511230469,0.0013670714007223677,1.0,,0.9,2,"(1, 1)",True,"{'classifier__C': 1, 'classifier__class_weight': None, 'tfidf__max_df': 0.9, 'tfidf__min_df': 2, 'tfidf__ngram_range': (1, 1), 'tfidf__sublinear_tf': True}",0.6087182431157427,0.6519822881268664,0.6540172896008136,0.6301372105969807,0.6616317584364474,0.6412973579753701,0.019366981435184668,83,0.9920278483505528,0.9904485740163192,0.9948175527229243,0.9976324628660583,0.993153832427404,0.9936160540766517,0.0024634981134422644,
tuned_linearsvc,Tuned LinearSVC,0.045888662338256836,0.0037229681315220095,0.012078237533569337,0.0014062666590632285,1.0,,0.9,2,"(1, 2)",True,"{'classifier__C': 1, 'classifier__class_weight': None, 'tfidf__max_df': 0.9, 'tfidf__min_df': 2, 'tfidf__ngram_range': (1, 2), 'tfidf__sublinear_tf': True}",0.5941063609215678,0.6174339300937767,0.6648146514977805,0.6512536407014934,0.7093253968253969,0.647386796008003,0.03972669592490185,65,0.9948425438497517,0.9971327438119282,0.9948175527229243,0.9976324628660583,0.993153832427404,0.9955158271356133,0.0016501201709928578,
tuned_linearsvc,Tuned LinearSVC,0.03211345672607422,0.006489914133596589,0.012360668182373047,0.0026402576214502684,1.0,,0.9,3,"(1, 1)",True,"{'classifier__C': 1, 'classifier__class_weight': None, 'tfidf__max_df': 0.9, 'tfidf__min_df': 3, 'tfidf__ngram_range': (1, 1), 'tfidf__sublinear_tf': True}",0.6172556656547722,0.6780580213074492,0.6749467162109831,0.6695036989154636,0.6540173783335149,0.6587562960844366,0.022338095870421532,45,0.9880030433225921,0.9813207857415468,0.9861946250932102,0.9838343017954063,0.9802907673598605,0.9839287046625232,0.002890652927383303,
tuned_linearsvc,Tuned LinearSVC,0.04698576927185059,0.005557953318175215,0.010936403274536132,0.0005843421884518173,1.0,,0.9,3,"(1, 2)",True,"{'classifier__C': 1, 'classifier__class_weight': None, 'tfidf__max_df': 0.9, 'tfidf__min_df': 3, 'tfidf__ngram_range': (1, 2), 'tfidf__sublinear_tf': True}",0.5989382087770553,0.6765432098765433,0.6793040146859286,0.6681419147057296,0.6930270079876379,0.6631908712065789,0.03310900439389381,37,0.9920278483505528,0.9920806229138512,0.98791999784651,0.9948175527229243,0.9844337887514545,0.9902559621170586,0.003650520743010506,
tuned_linearsvc,Tuned LinearSVC,0.0328221321105957,0.0009085768752691478,0.012857627868652344,0.002227609308972684,1.0,,0.95,1,"(1, 1)",True,"{'classifier__C': 1, 'classifier__class_weight': None, 'tfidf__max_df': 0.95, 'tfidf__min_df': 1, 'tfidf__ngram_range': (1, 1), 'tfidf__sublinear_tf': True}",0.5639245473240421,0.6684672815107597,0.6426979714672977,0.5853658536585366,0.658524037196924,0.6237959382315121,0.04152182914576791,95,1.0,1.0,1.0,1.0,1.0,1.0,0.0,
tuned_linearsvc,Tuned LinearSVC,0.0719630241394043,0.014065303599722235,0.013591861724853516,0.004285384321460409,1.0,,0.95,1,"(1, 2)",True,"{'classifier__C': 1, 'classifier__class_weight': None, 'tfidf__max_df': 0.95, 'tfidf__min_df': 1, 'tfidf__ngram_range': (1, 2), 'tfidf__sublinear_tf': True}",0.5536184549293081,0.5362745098039216,0.6188725490196078,0.6002857111339092,0.6358197358197358,0.5889741921412964,0.0380621907954208,103,1.0,1.0,1.0,1.0,1.0,1.0,0.0,
tuned_linearsvc,Tuned LinearSVC,0.029592275619506836,0.0027245957945806,0.010966062545776367,0.0016416791409631587,1.0,,0.95,2,"(1, 1)",True,"{'classifier__C': 1, 'classifier__class_weight': None, 'tfidf__max_df': 0.95, 'tfidf__min_df': 2, 'tfidf__ngram_range': (1, 1), 'tfidf__sublinear_tf': True}",0.6087182431157427,0.6519822881268664,0.6540172896008136,0.6301372105969807,0.6616317584364474,0.6412973579753701,0.019366981435184668,83,0.9920278483505528,0.9904485740163192,0.9948175527229243,0.9976324628660583,0.993153832427404,0.9936160540766517,0.0024634981134422644,
tuned_linearsvc,Tuned LinearSVC,0.05215888023376465,0.005998089158862206,0.014367151260375976,0.002327990200699665,1.0,,0.95,2,"(1, 2)",True,"{'classifier__C': 1, 'classifier__class_weight': None, 'tfidf__max_df': 0.95, 'tfidf__min_df': 2, 'tfidf__ngram_range': (1, 2), 'tfidf__sublinear_tf': True}",0.5941063609215678,0.6174339300937767,0.6648146514977805,0.6512536407014934,0.7093253968253969,0.647386796008003,0.03972669592490185,65,0.9948425438497517,0.9971327438119282,0.9948175527229243,0.9976324628660583,0.993153832427404,0.9955158271356133,0.0016501201709928578,
tuned_linearsvc,Tuned LinearSVC,0.028324604034423828,0.0038263238068710504,0.010079383850097656,0.000844418064728011,1.0,,0.95,3,"(1, 1)",True,"{'classifier__C': 1, 'classifier__class_weight': None, 'tfidf__max_df': 0.95, 'tfidf__min_df': 3, 'tfidf__ngram_range': (1, 1), 'tfidf__sublinear_tf': True}",0.6172556656547722,0.6780580213074492,0.6749467162109831,0.6695036989154636,0.6540173783335149,0.6587562960844366,0.022338095870421532,45,0.9880030433225921,0.9813207857415468,0.9861946250932102,0.9838343017954063,0.9802907673598605,0.9839287046625232,0.002890652927383303,
tuned_linearsvc,Tuned LinearSVC,0.04881939888000488,0.002891837342454433,0.011769914627075195,0.0011087536872709186,1.0,,0.95,3,"(1, 2)",True,"{'classifier__C': 1, 'classifier__class_weight': None, 'tfidf__max_df': 0.95, 'tfidf__min_df': 3, 'tfidf__ngram_range': (1, 2), 'tfidf__sublinear_tf': True}",0.5989382087770553,0.6765432098765433,0.6793040146859286,0.6681419147057296,0.6930270079876379,0.6631908712065789,0.03310900439389381,37,0.9920278483505528,0.9920806229138512,0.98791999784651,0.9948175527229243,0.9844337887514545,0.9902559621170586,0.003650520743010506,
tuned_linearsvc,Tuned LinearSVC,0.0341097354888916,0.00578271428498348,0.010212850570678712,0.0015966943144378935,1.0,balanced,0.9,1,"(1, 1)",True,"{'classifier__C': 1, 'classifier__class_weight': 'balanced', 'tfidf__max_df': 0.9, 'tfidf__min_df': 1, 'tfidf__ngram_range': (1, 1), 'tfidf__sublinear_tf': True}",0.6616033755274261,0.6658414953539268,0.721444133208839,0.683600410200144,0.6694071360738026,0.6803793100728277,0.021821858593352072,11,1.0,1.0,1.0,1.0,1.0,1.0,0.0,
tuned_linearsvc,Tuned LinearSVC,0.07052321434020996,0.0014693731838437707,0.01320786476135254,0.0014122094594485456,1.0,balanced,0.9,1,"(1, 2)",True,"{'classifier__C': 1, 'classifier__class_weight': 'balanced', 'tfidf__max_df': 0.9, 'tfidf__min_df': 1, 'tfidf__ngram_range': (1, 2), 'tfidf__sublinear_tf': True}",0.6593937157965934,0.6281071585419412,0.6447882183176301,0.6002857111339092,0.7036861970686891,0.6472522001717527,0.03438216783612753,67,1.0,1.0,1.0,1.0,1.0,1.0,0.0,
tuned_linearsvc,Tuned LinearSVC,0.03403029441833496,0.004258189122730863,0.010429763793945312,0.0025524146094340573,1.0,balanced,0.9,2,"(1, 1)",True,"{'classifier__C': 1, 'classifier__class_weight': 'balanced', 'tfidf__max_df': 0.9, 'tfidf__min_df': 2, 'tfidf__ngram_range': (1, 1), 'tfidf__sublinear_tf': True}",0.6482784869596764,0.6705882352941176,0.6738784820626252,0.7223893231105492,0.6742291920797833,0.6778727439013503,0.02424804953632468,15,0.9920806229138512,0.9905319769431524,0.9892663425444472,0.9964495742311854,0.9920253637141054,0.9920707760693483,0.0024252332972657963,
tuned_linearsvc,Tuned LinearSVC,0.05641322135925293,0.008663047077387036,0.014509248733520507,0.0017370134333300252,1.0,balanced,0.9,2,"(1, 2)",True,"{'classifier__C': 1, 'classifier__class_weight': 'balanced', 'tfidf__max_df': 0.9, 'tfidf__min_df': 2, 'tfidf__ngram_range': (1, 2), 'tfidf__sublinear_tf': True}",0.6848611720540198,0.6396263611883306,0.6877777777777778,0.697729171413382,0.7419532627865961,0.6903895490440213,0.03264038043287461,3,0.9948425438497517,0.9959752370483382,0.9948175527229243,0.9976324628660583,0.993153832427404,0.9952843257828953,0.0014794023416096745,
tuned_linearsvc,Tuned LinearSVC,0.029910469055175783,0.0016888717032529507,0.009904193878173827,0.0022436176120200543,1.0,balanced,0.9,3,"(1, 1)",True,"{'classifier__C': 1, 'classifier__class_weight': 'balanced', 'tfidf__max_df': 0.9, 'tfidf__min_df': 3, 'tfidf__ngram_range': (1, 1), 'tfidf__sublinear_tf': True}",0.6545271515748806,0.6376018246985988,0.6731589729371716,0.7078134062474107,0.6268804974218988,0.659996370575992,0.028593048447533683,43,0.9828740484424175,0.988156042190342,0.9864232338350473,0.9924518279613239,0.9852367084728652,0.9870283721803992,0.003209989695835112,
tuned_linearsvc,Tuned LinearSVC,0.05343828201293945,0.006038084220912135,0.012772512435913087,0.0019020688019606967,1.0,balanced,0.9,3,"(1, 2)",True,"{'classifier__C': 1, 'classifier__class_weight': 'balanced', 'tfidf__max_df': 0.9, 'tfidf__min_df': 3, 'tfidf__ngram_range': (1, 2), 'tfidf__sublinear_tf': True}",0.6561363260904124,0.6421356421356421,0.6909774436090226,0.6949673202614379,0.6695130935637265,0.6707459651320483,0.02014695447385455,25,0.9908431413520252,0.9893442968585283,0.9868183829303735,0.9936346730750215,0.9891798317122992,0.9899640651856496,0.002242346492181525,
tuned_linearsvc,Tuned LinearSVC,0.030917882919311523,0.0013030174805235151,0.009838294982910157,0.0015460081334457507,1.0,balanced,0.95,1,"(1, 1)",True,"{'classifier__C': 1, 'classifier__class_weight': 'balanced', 'tfidf__max_df': 0.95, 'tfidf__min_df': 1, 'tfidf__ngram_range': (1, 1), 'tfidf__sublinear_tf': True}",0.6616033755274261,0.6658414953539268,0.721444133208839,0.683600410200144,0.6694071360738026,0.6803793100728277,0.021821858593352072,11,1.0,1.0,1.0,1.0,1.0,1.0,0.0,
tuned_linearsvc,Tuned LinearSVC,0.07049617767333985,0.007763814411440128,0.01298661231994629,0.001586136456910752,1.0,balanced,0.95,1,"(1, 2)",True,"{'classifier__C': 1, 'classifier__class_weight': 'balanced', 'tfidf__max_df': 0.95, 'tfidf__min_df': 1, 'tfidf__ngram_range': (1, 2), 'tfidf__sublinear_tf': True}",0.6593937157965934,0.6281071585419412,0.6447882183176301,0.6002857111339092,0.7036861970686891,0.6472522001717527,0.03438216783612753,67,1.0,1.0,1.0,1.0,1.0,1.0,0.0,
tuned_linearsvc,Tuned LinearSVC,0.035349798202514646,0.005937772990610326,0.009914207458496093,0.0013958574631777832,1.0,balanced,0.95,2,"(1, 1)",True,"{'classifier__C': 1, 'classifier__class_weight': 'balanced', 'tfidf__max_df': 0.95, 'tfidf__min_df': 2, 'tfidf__ngram_range': (1, 1), 'tfidf__sublinear_tf': True}",0.6482784869596764,0.6705882352941176,0.6738784820626252,0.7223893231105492,0.6742291920797833,0.6778727439013503,0.02424804953632468,15,0.9920806229138512,0.9905319769431524,0.9892663425444472,0.9964495742311854,0.9920253637141054,0.9920707760693483,0.0024252332972657963,
tuned_linearsvc,Tuned LinearSVC,0.05424413681030273,0.005092449412156979,0.011506319046020508,0.0014254407817325958,1.0,balanced,0.95,2,"(1, 2)",True,"{'classifier__C': 1, 'classifier__class_weight': 'balanced', 'tfidf__max_df': 0.95, 'tfidf__min_df': 2, 'tfidf__ngram_range': (1, 2), 'tfidf__sublinear_tf': True}",0.6848611720540198,0.6396263611883306,0.6877777777777778,0.697729171413382,0.7419532627865961,0.6903895490440213,0.03264038043287461,3,0.9948425438497517,0.9959752370483382,0.9948175527229243,0.9976324628660583,0.993153832427404,0.9952843257828953,0.0014794023416096745,
tuned_linearsvc,Tuned LinearSVC,0.032956171035766604,0.003364221468771643,0.01021113395690918,0.0019073474681373854,1.0,balanced,0.95,3,"(1, 1)",True,"{'classifier__C': 1, 'classifier__class_weight': 'balanced', 'tfidf__max_df': 0.95, 'tfidf__min_df': 3, 'tfidf__ngram_range': (1, 1), 'tfidf__sublinear_tf': True}",0.6545271515748806,0.6376018246985988,0.6731589729371716,0.7078134062474107,0.6268804974218988,0.659996370575992,0.028593048447533683,43,0.9828740484424175,0.988156042190342,0.9864232338350473,0.9924518279613239,0.9852367084728652,0.9870283721803992,0.003209989695835112,
tuned_linearsvc,Tuned LinearSVC,0.048784494400024414,0.0011424674907006844,0.013157176971435546,0.0021296431174608905,1.0,balanced,0.95,3,"(1, 2)",True,"{'classifier__C': 1, 'classifier__class_weight': 'balanced', 'tfidf__max_df': 0.95, 'tfidf__min_df': 3, 'tfidf__ngram_range': (1, 2), 'tfidf__sublinear_tf': True}",0.6561363260904124,0.6421356421356421,0.6909774436090226,0.6949673202614379,0.6695130935637265,0.6707459651320483,0.02014695447385455,25,0.9908431413520252,0.9893442968585283,0.9868183829303735,0.9936346730750215,0.9891798317122992,0.9899640651856496,0.002242346492181525,
tuned_linearsvc,Tuned LinearSVC,0.03450784683227539,0.0028324613767676723,0.009574317932128906,0.0014424971305889726,2.0,,0.9,1,"(1, 1)",True,"{'classifier__C': 2, 'classifier__class_weight': None, 'tfidf__max_df': 0.9, 'tfidf__min_df': 1, 'tfidf__ngram_range': (1, 1), 'tfidf__sublinear_tf': True}",0.5682568231129382,0.6776427279446989,0.6635750735650165,0.6395768994726012,0.676264065152954,0.6450631178496418,0.04076009841558277,75,1.0,1.0,1.0,1.0,1.0,1.0,0.0,
tuned_linearsvc,Tuned LinearSVC,0.07019691467285157,0.009734453792961359,0.013065385818481445,0.001317169746298847,2.0,,0.9,1,"(1, 2)",True,"{'classifier__C': 2, 'classifier__class_weight': None, 'tfidf__max_df': 0.9, 'tfidf__min_df': 1, 'tfidf__ngram_range': (1, 2), 'tfidf__sublinear_tf': True}",0.6179285143313921,0.5713544462336734,0.6309872380185856,0.5956662741938815,0.6664160690878248,0.6164705083730715,0.03217357760285655,99,1.0,1.0,1.0,1.0,1.0,1.0,0.0,
tuned_linearsvc,Tuned LinearSVC,0.03154001235961914,0.000977005739225463,0.010632467269897462,0.0015769093671559357,2.0,,0.9,2,"(1, 1)",True,"{'classifier__C': 2, 'classifier__class_weight': None, 'tfidf__max_df': 0.9, 'tfidf__min_df': 2, 'tfidf__ngram_range': (1, 1), 'tfidf__sublinear_tf': True}",0.6174871140114437,0.633745947539051,0.6577536231884058,0.6774921173902498,0.6558680164979378,0.6484693637254176,0.020784304407171945,63,0.9948425438497517,0.9971327438119282,0.9948175527229243,0.9976324628660583,0.993153832427404,0.9955158271356133,0.0016501201709928578,
tuned_linearsvc,Tuned LinearSVC,0.05494532585144043,0.008964787230695418,0.01236586570739746,0.002431964196437321,2.0,,0.9,2,"(1, 2)",True,"{'classifier__C': 2, 'classifier__class_weight': None, 'tfidf__max_df': 0.9, 'tfidf__min_df': 2, 'tfidf__ngram_range': (1, 2), 'tfidf__sublinear_tf': True}",0.6425754053565914,0.5931480462300495,0.6827652716536449,0.6666109964960539,0.7258456904541242,0.6621890820380928,0.043923701210200006,39,0.9948425438497517,0.9971327438119282,0.9948175527229243,0.9976324628660583,0.993153832427404,0.9955158271356133,0.0016501201709928578,
tuned_linearsvc,Tuned LinearSVC,0.03319683074951172,0.0034551892942838417,0.009166574478149414,0.0006572201870581859,2.0,,0.9,3,"(1, 1)",True,"{'classifier__C': 2, 'classifier__class_weight': None, 'tfidf__max_df': 0.9, 'tfidf__min_df': 3, 'tfidf__ngram_range': (1, 1), 'tfidf__sublinear_tf': True}",0.6011195394621759,0.6734854356935037,0.668444213594194,0.683614015484077,0.6321391276805289,0.651760466382896,0.03070658142731428,53,0.989184107691974,0.9959474456744816,0.9890992942782636,0.9948175527229243,0.993153832427404,0.9924404465590095,0.002836393389068881,
tuned_linearsvc,Tuned LinearSVC,0.05109696388244629,0.0024745962607643614,0.011703062057495116,0.0019990752675490752,2.0,,0.9,3,"(1, 2)",True,"{'classifier__C': 2, 'classifier__class_weight': None, 'tfidf__max_df': 0.9, 'tfidf__min_df': 3, 'tfidf__ngram_range': (1, 2), 'tfidf__sublinear_tf': True}",0.6111415249690489,0.6753826951893225,0.6974053393739149,0.7295866927468473,0.6763094269526091,0.6779651358463485,0.03877502286883466,13,0.9920278483505528,0.9948425438497517,0.9919733803752572,0.9948175527229243,0.993153832427404,0.9933630315451779,0.0012698186739882695,
tuned_linearsvc,Tuned LinearSVC,0.03681344985961914,0.004866609631756371,0.012114143371582032,0.0021152993786279534,2.0,,0.95,1,"(1, 1)",True,"{'classifier__C': 2, 'classifier__class_weight': None, 'tfidf__max_df': 0.95, 'tfidf__min_df': 1, 'tfidf__ngram_range': (1, 1), 'tfidf__sublinear_tf': True}",0.5682568231129382,0.6776427279446989,0.6635750735650165,0.6395768994726012,0.676264065152954,0.6450631178496418,0.04076009841558277,75,1.0,1.0,1.0,1.0,1.0,1.0,0.0,
tuned_linearsvc,Tuned LinearSVC,0.0714806079864502,0.00425378884305352,0.011834669113159179,0.0010613056592863783,2.0,,0.95,1,"(1, 2)",True,"{'classifier__C': 2, 'classifier__class_weight': None, 'tfidf__max_df': 0.95, 'tfidf__min_df': 1, 'tfidf__ngram_range': (1, 2), 'tfidf__sublinear_tf': True}",0.6179285143313921,0.5713544462336734,0.6309872380185856,0.5956662741938815,0.6664160690878248,0.6164705083730715,0.03217357760285655,99,1.0,1.0,1.0,1.0,1.0,1.0,0.0,
tuned_linearsvc,Tuned LinearSVC,0.03909521102905274,0.005781992277683875,0.011665439605712891,0.0025547079387006786,2.0,,0.95,2,"(1, 1)",True,"{'classifier__C': 2, 'classifier__class_weight': None, 'tfidf__max_df': 0.95, 'tfidf__min_df': 2, 'tfidf__ngram_range': (1, 1), 'tfidf__sublinear_tf': True}",0.6174871140114437,0.633745947539051,0.6577536231884058,0.6774921173902498,0.6558680164979378,0.6484693637254176,0.020784304407171945,63,0.9948425438497517,0.9971327438119282,0.9948175527229243,0.9976324628660583,0.993153832427404,0.9955158271356133,0.0016501201709928578,
tuned_linearsvc,Tuned LinearSVC,0.05549092292785644,0.0060658348690797925,0.01427464485168457,0.0032530660298571747,2.0,,0.95,2,"(1, 2)",True,"{'classifier__C': 2, 'classifier__class_weight': None, 'tfidf__max_df': 0.95, 'tfidf__min_df': 2, 'tfidf__ngram_range': (1, 2), 'tfidf__sublinear_tf': True}",0.6425754053565914,0.5931480462300495,0.6827652716536449,0.6666109964960539,0.7258456904541242,0.6621890820380928,0.043923701210200006,39,0.9948425438497517,0.9971327438119282,0.9948175527229243,0.9976324628660583,0.993153832427404,0.9955158271356133,0.0016501201709928578,
tuned_linearsvc,Tuned LinearSVC,0.031771516799926756,0.0026740966679806516,0.010502815246582031,0.0008116943350532996,2.0,,0.95,3,"(1, 1)",True,"{'classifier__C': 2, 'classifier__class_weight': None, 'tfidf__max_df': 0.95, 'tfidf__min_df': 3, 'tfidf__ngram_range': (1, 1), 'tfidf__sublinear_tf': True}",0.6011195394621759,0.6734854356935037,0.668444213594194,0.683614015484077,0.6321391276805289,0.651760466382896,0.03070658142731428,53,0.989184107691974,0.9959474456744816,0.9890992942782636,0.9948175527229243,0.993153832427404,0.9924404465590095,0.002836393389068881,
tuned_linearsvc,Tuned LinearSVC,0.056574010848999025,0.007516000310805955,0.014655590057373047,0.0034201616205539864,2.0,,0.95,3,"(1, 2)",True,"{'classifier__C': 2, 'classifier__class_weight': None, 'tfidf__max_df': 0.95, 'tfidf__min_df': 3, 'tfidf__ngram_range': (1, 2), 'tfidf__sublinear_tf': True}",0.6111415249690489,0.6753826951893225,0.6974053393739149,0.7295866927468473,0.6763094269526091,0.6779651358463485,0.03877502286883466,13,0.9920278483505528,0.9948425438497517,0.9919733803752572,0.9948175527229243,0.993153832427404,0.9933630315451779,0.0012698186739882695,
tuned_linearsvc,Tuned LinearSVC,0.030311775207519532,0.0021170089074925053,0.009145784378051757,0.0007962679618795823,2.0,balanced,0.9,1,"(1, 1)",True,"{'classifier__C': 2, 'classifier__class_weight': 'balanced', 'tfidf__max_df': 0.9, 'tfidf__min_df': 1, 'tfidf__ngram_range': (1, 1), 'tfidf__sublinear_tf': True}",0.6370231849427735,0.6589814814814815,0.7021658896658897,0.6783636096029984,0.6646436868806599,0.6682355705147606,0.021571261152011998,29,1.0,1.0,1.0,1.0,1.0,1.0,0.0,
tuned_linearsvc,Tuned LinearSVC,0.07038946151733398,0.004007453389729817,0.012998294830322266,0.0017870745629427224,2.0,balanced,0.9,1,"(1, 2)",True,"{'classifier__C': 2, 'classifier__class_weight': 'balanced', 'tfidf__max_df': 0.9, 'tfidf__min_df': 1, 'tfidf__ngram_range': (1, 2), 'tfidf__sublinear_tf': True}",0.6526994781346139,0.6371047430830039,0.6401433691756272,0.5910466318963051,0.7082294816446145,0.6458447407868328,0.03755148266604068,71,1.0,1.0,1.0,1.0,1.0,1.0,0.0,
tuned_linearsvc,Tuned LinearSVC,0.03404240608215332,0.005236350752047576,0.010445976257324218,0.0015635045246791524,2.0,balanced,0.9,2,"(1, 1)",True,"{'classifier__C': 2, 'classifier__class_weight': 'balanced', 'tfidf__max_df': 0.9, 'tfidf__min_df': 2, 'tfidf__ngram_range': (1, 1), 'tfidf__sublinear_tf': True}",0.635500598987799,0.677831536655066,0.6738784820626252,0.7083068030436451,0.6696718487733726,0.6730378539045015,0.023186031659674252,19,0.993239188252708,0.9944268928485038,0.9948175527229243,0.9976324628660583,0.9932100918645683,0.9946652377109526,0.0016146516496773626,
tuned_linearsvc,Tuned LinearSVC,0.05839934349060059,0.0045393985766183425,0.013508892059326172,0.0025616509397184744,2.0,balanced,0.9,2,"(1, 2)",True,"{'classifier__C': 2, 'classifier__class_weight': 'balanced', 'tfidf__max_df': 0.9, 'tfidf__min_df': 2, 'tfidf__ngram_range': (1, 2), 'tfidf__sublinear_tf': True}",0.6644352482960079,0.6195766298378239,0.7047233658564097,0.6566237189013452,0.7100900739680268,0.6710898073719227,0.033344850824946266,23,0.993239188252708,0.9971599834122925,0.9948175527229243,0.9976324628660583,0.9932100918645683,0.9952118558237103,0.0018819399981908841,
tuned_linearsvc,Tuned LinearSVC,0.03663058280944824,0.005646113158605178,0.011238527297973634,0.0018500011771651664,2.0,balanced,0.9,3,"(1, 1)",True,"{'classifier__C': 2, 'classifier__class_weight': 'balanced', 'tfidf__max_df': 0.9, 'tfidf__min_df': 3, 'tfidf__ngram_range': (1, 1), 'tfidf__sublinear_tf': True}",0.6548366013071895,0.6325358851674641,0.6862310961747554,0.6736842105263158,0.6314478802850896,0.6557471346921628,0.021822261740869073,49,0.9920278483505528,0.9905327316538259,0.9919733803752572,0.9948175527229243,0.993153832427404,0.9925010691059928,0.0014261095264262804,
tuned_linearsvc,Tuned LinearSVC,0.0558720588684082,0.0031075699759908646,0.011406707763671874,0.0009016780785267022,2.0,balanced,0.9,3,"(1, 2)",True,"{'classifier__C': 2, 'classifier__class_weight': 'balanced', 'tfidf__max_df': 0.9, 'tfidf__min_df': 3, 'tfidf__ngram_range': (1, 2), 'tfidf__sublinear_tf': True}",0.6514524153426416,0.664976202578439,0.6831397158954005,0.6997311556459719,0.6746530897474293,0.6747905158419765,0.016326366534217568,17,0.9920278483505528,0.993239188252708,0.9919733803752572,0.9948175527229243,0.993153832427404,0.9930423604257692,0.001036766896813085,
tuned_linearsvc,Tuned LinearSVC,0.03424668312072754,0.005049770013056771,0.009259223937988281,0.0016298593866571937,2.0,balanced,0.95,1,"(1, 1)",True,"{'classifier__C': 2, 'classifier__class_weight': 'balanced', 'tfidf__max_df': 0.95, 'tfidf__min_df': 1, 'tfidf__ngram_range': (1, 1), 'tfidf__sublinear_tf': True}",0.6370231849427735,0.6589814814814815,0.7021658896658897,0.6783636096029984,0.6646436868806599,0.6682355705147606,0.021571261152011998,29,1.0,1.0,1.0,1.0,1.0,1.0,0.0,
tuned_linearsvc,Tuned LinearSVC,0.07774887084960938,0.012797894383709374,0.014215707778930664,0.0030009692207863654,2.0,balanced,0.95,1,"(1, 2)",True,"{'classifier__C': 2, 'classifier__class_weight': 'balanced', 'tfidf__max_df': 0.95, 'tfidf__min_df': 1, 'tfidf__ngram_range': (1, 2), 'tfidf__sublinear_tf': True}",0.6526994781346139,0.6371047430830039,0.6401433691756272,0.5910466318963051,0.7082294816446145,0.6458447407868328,0.03755148266604068,71,1.0,1.0,1.0,1.0,1.0,1.0,0.0,
tuned_linearsvc,Tuned LinearSVC,0.03793349266052246,0.00580617439016285,0.01053757667541504,0.0019588876277096276,2.0,balanced,0.95,2,"(1, 1)",True,"{'classifier__C': 2, 'classifier__class_weight': 'balanced', 'tfidf__max_df': 0.95, 'tfidf__min_df': 2, 'tfidf__ngram_range': (1, 1), 'tfidf__sublinear_tf': True}",0.635500598987799,0.677831536655066,0.6738784820626252,0.7083068030436451,0.6696718487733726,0.6730378539045015,0.023186031659674252,19,0.993239188252708,0.9944268928485038,0.9948175527229243,0.9976324628660583,0.9932100918645683,0.9946652377109526,0.0016146516496773626,
tuned_linearsvc,Tuned LinearSVC,0.06517119407653808,0.009222252428391838,0.01501002311706543,0.002065673597577025,2.0,balanced,0.95,2,"(1, 2)",True,"{'classifier__C': 2, 'classifier__class_weight': 'balanced', 'tfidf__max_df': 0.95, 'tfidf__min_df': 2, 'tfidf__ngram_range': (1, 2), 'tfidf__sublinear_tf': True}",0.6644352482960079,0.6195766298378239,0.7047233658564097,0.6566237189013452,0.7100900739680268,0.6710898073719227,0.033344850824946266,23,0.993239188252708,0.9971599834122925,0.9948175527229243,0.9976324628660583,0.9932100918645683,0.9952118558237103,0.0018819399981908841,
tuned_linearsvc,Tuned LinearSVC,0.03434667587280273,0.0031549484508788363,0.012731981277465821,0.0019156076338540033,2.0,balanced,0.95,3,"(1, 1)",True,"{'classifier__C': 2, 'classifier__class_weight': 'balanced', 'tfidf__max_df': 0.95, 'tfidf__min_df': 3, 'tfidf__ngram_range': (1, 1), 'tfidf__sublinear_tf': True}",0.6548366013071895,0.6325358851674641,0.6862310961747554,0.6736842105263158,0.6314478802850896,0.6557471346921628,0.021822261740869073,49,0.9920278483505528,0.9905327316538259,0.9919733803752572,0.9948175527229243,0.993153832427404,0.9925010691059928,0.0014261095264262804,
tuned_linearsvc,Tuned LinearSVC,0.05710005760192871,0.008850816545135556,0.013994216918945312,0.001564001404466104,2.0,balanced,0.95,3,"(1, 2)",True,"{'classifier__C': 2, 'classifier__class_weight': 'balanced', 'tfidf__max_df': 0.95, 'tfidf__min_df': 3, 'tfidf__ngram_range': (1, 2), 'tfidf__sublinear_tf': True}",0.6514524153426416,0.664976202578439,0.6831397158954005,0.6997311556459719,0.6746530897474293,0.6747905158419765,0.016326366534217568,17,0.9920278483505528,0.993239188252708,0.9919733803752572,0.9948175527229243,0.993153832427404,0.9930423604257692,0.001036766896813085,
tuned_linearsvc,Tuned LinearSVC,0.03406491279602051,0.0017623499069948003,0.009832811355590821,0.0013234623306140065,5.0,,0.9,1,"(1, 1)",True,"{'classifier__C': 5, 'classifier__class_weight': None, 'tfidf__max_df': 0.9, 'tfidf__min_df': 1, 'tfidf__ngram_range': (1, 1), 'tfidf__sublinear_tf': True}",0.5979467500098904,0.6589814814814815,0.6789647816812502,0.6595533419536102,0.6610117747132062,0.6512916259678877,0.02768880805881659,55,1.0,1.0,1.0,1.0,1.0,1.0,0.0,
tuned_linearsvc,Tuned LinearSVC,0.06727414131164551,0.0070881235839902225,0.01242532730102539,0.002647842076055965,5.0,,0.9,1,"(1, 2)",True,"{'classifier__C': 5, 'classifier__class_weight': None, 'tfidf__max_df': 0.9, 'tfidf__min_df': 1, 'tfidf__ngram_range': (1, 2), 'tfidf__sublinear_tf': True}",0.623778801843318,0.6461023276240667,0.6512170385395538,0.5859683794466403,0.6607422578042574,0.6335617610515671,0.026715502242415617,89,1.0,1.0,1.0,1.0,1.0,1.0,0.0,
tuned_linearsvc,Tuned LinearSVC,0.04796686172485352,0.00622363301407193,0.012218189239501954,0.004000716752961876,5.0,,0.9,2,"(1, 1)",True,"{'classifier__C': 5, 'classifier__class_weight': None, 'tfidf__max_df': 0.9, 'tfidf__min_df': 2, 'tfidf__ngram_range': (1, 1), 'tfidf__sublinear_tf': True}",0.6199786324786324,0.6441878640418787,0.6530929618721131,0.683114053702289,0.654677693745152,0.651010241168013,0.020287672516456034,57,0.9948425438497517,0.9971327438119282,0.9948175527229243,0.9976324628660583,0.993153832427404,0.9955158271356133,0.0016501201709928578,
tuned_linearsvc,Tuned LinearSVC,0.06261124610900878,0.004643587632855551,0.01177043914794922,0.0015482293978457502,5.0,,0.9,2,"(1, 2)",True,"{'classifier__C': 5, 'classifier__class_weight': None, 'tfidf__max_df': 0.9, 'tfidf__min_df': 2, 'tfidf__ngram_range': (1, 2), 'tfidf__sublinear_tf': True}",0.6352746336755287,0.6031731081884132,0.6945380268986922,0.6539202241392023,0.7006087144018177,0.6575029414607307,0.03657422460707301,47,0.9948425438497517,0.9971327438119282,0.9948175527229243,0.9976324628660583,0.993153832427404,0.9955158271356133,0.0016501201709928578,
tuned_linearsvc,Tuned LinearSVC,0.04407920837402344,0.007237957272193695,0.01285724639892578,0.0012694801677200856,5.0,,0.9,3,"(1, 1)",True,"{'classifier__C': 5, 'classifier__class_weight': None, 'tfidf__max_df': 0.9, 'tfidf__min_df': 3, 'tfidf__ngram_range': (1, 1), 'tfidf__sublinear_tf': True}",0.5964149504195272,0.6327985739750446,0.6815789473684211,0.6597091361797244,0.6171334042301785,0.6375270024345792,0.030202909178585955,85,0.9920278483505528,0.9959474456744816,0.9919733803752572,0.9948175527229243,0.993153832427404,0.993584011910124,0.001568966248709474,
tuned_linearsvc,Tuned LinearSVC,0.05748939514160156,0.0033424934619784314,0.012535858154296874,0.0020236486050310854,5.0,,0.9,3,"(1, 2)",True,"{'classifier__C': 5, 'classifier__class_weight': None, 'tfidf__max_df': 0.9, 'tfidf__min_df': 3, 'tfidf__ngram_range': (1, 2), 'tfidf__sublinear_tf': True}",0.6272401433691757,0.633034050867692,0.6673721340388007,0.6851463873220522,0.6414382731021101,0.6508461977399662,0.021966506326987656,59,0.9920278483505528,0.9959474456744816,0.9919733803752572,0.9948175527229243,0.993153832427404,0.993584011910124,0.001568966248709474,
tuned_linearsvc,Tuned LinearSVC,0.03585262298583984,0.0017794408267578082,0.00919480323791504,0.000775546758801841,5.0,,0.95,1,"(1, 1)",True,"{'classifier__C': 5, 'classifier__class_weight': None, 'tfidf__max_df': 0.95, 'tfidf__min_df': 1, 'tfidf__ngram_range': (1, 1), 'tfidf__sublinear_tf': True}",0.5979467500098904,0.6589814814814815,0.6789647816812502,0.6595533419536102,0.6610117747132062,0.6512916259678877,0.02768880805881659,55,1.0,1.0,1.0,1.0,1.0,1.0,0.0,
tuned_linearsvc,Tuned LinearSVC,0.07056937217712403,0.010086102131636179,0.012317085266113281,0.0018592996336350173,5.0,,0.95,1,"(1, 2)",True,"{'classifier__C': 5, 'classifier__class_weight': None, 'tfidf__max_df': 0.95, 'tfidf__min_df': 1, 'tfidf__ngram_range': (1, 2), 'tfidf__sublinear_tf': True}",0.623778801843318,0.6461023276240667,0.6512170385395538,0.5859683794466403,0.6607422578042574,0.6335617610515671,0.026715502242415617,89,1.0,1.0,1.0,1.0,1.0,1.0,0.0,
tuned_linearsvc,Tuned LinearSVC,0.04113039970397949,0.004229686052533975,0.01148080825805664,0.002341765183466021,5.0,,0.95,2,"(1, 1)",True,"{'classifier__C': 5, 'classifier__class_weight': None, 'tfidf__max_df': 0.95, 'tfidf__min_df': 2, 'tfidf__ngram_range': (1, 1), 'tfidf__sublinear_tf': True}",0.6199786324786324,0.6441878640418787,0.6530929618721131,0.683114053702289,0.654677693745152,0.651010241168013,0.020287672516456034,57,0.9948425438497517,0.9971327438119282,0.9948175527229243,0.9976324628660583,0.993153832427404,0.9955158271356133,0.0016501201709928578,
tuned_linearsvc,Tuned LinearSVC,0.06571621894836426,0.011390130200696794,0.014172792434692383,0.001049860223178632,5.0,,0.95,2,"(1, 2)",True,"{'classifier__C': 5, 'classifier__class_weight': None, 'tfidf__max_df': 0.95, 'tfidf__min_df': 2, 'tfidf__ngram_range': (1, 2), 'tfidf__sublinear_tf': True}",0.6352746336755287,0.6031731081884132,0.6945380268986922,0.6539202241392023,0.7006087144018177,0.6575029414607307,0.03657422460707301,47,0.9948425438497517,0.9971327438119282,0.9948175527229243,0.9976324628660583,0.993153832427404,0.9955158271356133,0.0016501201709928578,
tuned_linearsvc,Tuned LinearSVC,0.03984918594360352,0.0037544125034889722,0.010515451431274414,0.0010553970621741643,5.0,,0.95,3,"(1, 1)",True,"{'classifier__C': 5, 'classifier__class_weight': None, 'tfidf__max_df': 0.95, 'tfidf__min_df': 3, 'tfidf__ngram_range': (1, 1), 'tfidf__sublinear_tf': True}",0.5964149504195272,0.6327985739750446,0.6815789473684211,0.6597091361797244,0.6171334042301785,0.6375270024345792,0.030202909178585955,85,0.9920278483505528,0.9959474456744816,0.9919733803752572,0.9948175527229243,0.993153832427404,0.993584011910124,0.001568966248709474,
tuned_linearsvc,Tuned LinearSVC,0.06944351196289063,0.01370618928731746,0.025667142868041993,0.027448972749199996,5.0,,0.95,3,"(1, 2)",True,"{'classifier__C': 5, 'classifier__class_weight': None, 'tfidf__max_df': 0.95, 'tfidf__min_df': 3, 'tfidf__ngram_range': (1, 2), 'tfidf__sublinear_tf': True}",0.6272401433691757,0.633034050867692,0.6673721340388007,0.6851463873220522,0.6414382731021101,0.6508461977399662,0.021966506326987656,59,0.9920278483505528,0.9959474456744816,0.9919733803752572,0.9948175527229243,0.993153832427404,0.993584011910124,0.001568966248709474,
tuned_linearsvc,Tuned LinearSVC,0.04098091125488281,0.005824014343633969,0.01079573631286621,0.002323425928295898,5.0,balanced,0.9,1,"(1, 1)",True,"{'classifier__C': 5, 'classifier__class_weight': 'balanced', 'tfidf__max_df': 0.9, 'tfidf__min_df': 1, 'tfidf__ngram_range': (1, 1), 'tfidf__sublinear_tf': True}",0.6171627447924783,0.6822232973176369,0.6975028296547822,0.6854697102721685,0.6550354994799439,0.667478816303402,0.028736932855681466,33,1.0,1.0,1.0,1.0,1.0,1.0,0.0,
tuned_linearsvc,Tuned LinearSVC,0.0673802375793457,0.007785714392652428,0.014467811584472657,0.003863272810040505,5.0,balanced,0.9,1,"(1, 2)",True,"{'classifier__C': 5, 'classifier__class_weight': 'balanced', 'tfidf__max_df': 0.9, 'tfidf__min_df': 1, 'tfidf__ngram_range': (1, 2), 'tfidf__sublinear_tf': True}",0.6480186480186481,0.6461230752369994,0.6447882183176301,0.5859683794466403,0.7082294816446145,0.6466255605329065,0.038677915466842856,69,1.0,1.0,1.0,1.0,1.0,1.0,0.0,
tuned_linearsvc,Tuned LinearSVC,0.04532303810119629,0.006154261251327831,0.010446643829345703,0.0007743730127388824,5.0,balanced,0.9,2,"(1, 1)",True,"{'classifier__C': 5, 'classifier__class_weight': 'balanced', 'tfidf__max_df': 0.9, 'tfidf__min_df': 2, 'tfidf__ngram_range': (1, 1), 'tfidf__sublinear_tf': True}",0.6236825091786924,0.64,0.6530929618721131,0.7099431760230667,0.6742291920797833,0.660189567830731,0.029877343837623832,41,0.993239188252708,0.9971599834122925,0.9948175527229243,0.9976324628660583,0.9932100918645683,0.9952118558237103,0.0018819399981908841,
tuned_linearsvc,Tuned LinearSVC,0.06740508079528809,0.004186232376852971,0.012469911575317382,0.0021655354015337244,5.0,balanced,0.9,2,"(1, 2)",True,"{'classifier__C': 5, 'classifier__class_weight': 'balanced', 'tfidf__max_df': 0.9, 'tfidf__min_df': 2, 'tfidf__ngram_range': (1, 2), 'tfidf__sublinear_tf': True}",0.629641365404004,0.6195766298378239,0.6930941070669955,0.6400776417949731,0.69252379800569,0.6549827084218973,0.031558666611975546,51,0.993239188252708,0.9971599834122925,0.9948175527229243,0.9976324628660583,0.9932100918645683,0.9952118558237103,0.0018819399981908841,
tuned_linearsvc,Tuned LinearSVC,0.05096359252929687,0.006433270862090838,0.010293960571289062,0.0021968515303113995,5.0,balanced,0.9,3,"(1, 1)",True,"{'classifier__C': 5, 'classifier__class_weight': 'balanced', 'tfidf__max_df': 0.9, 'tfidf__min_df': 3, 'tfidf__ngram_range': (1, 1), 'tfidf__sublinear_tf': True}",0.5867512077294686,0.617373262869446,0.6815789473684211,0.6597091361797244,0.6171334042301785,0.6325091916754477,0.03378455913575534,91,0.9920278483505528,0.995972275760728,0.9919733803752572,0.9948175527229243,0.993153832427404,0.9935889779273733,0.0015764604151647607,
tuned_linearsvc,Tuned LinearSVC,0.06490297317504883,0.0027773864353659574,0.012316370010375976,0.0014967050797618563,5.0,balanced,0.9,3,"(1, 2)",True,"{'classifier__C': 5, 'classifier__class_weight': 'balanced', 'tfidf__max_df': 0.9, 'tfidf__min_df': 3, 'tfidf__ngram_range': (1, 2), 'tfidf__sublinear_tf': True}",0.6400326797385621,0.6304062564623164,0.6673721340388007,0.6574326124685838,0.6311009252185723,0.6452689215853671,0.014734697424458766,73,0.9920278483505528,0.995972275760728,0.9919733803752572,0.9948175527229243,0.993153832427404,0.9935889779273733,0.0015764604151647607,
tuned_linearsvc,Tuned LinearSVC,0.04176616668701172,0.004782148155623642,0.012399816513061523,0.0018109361596384476,5.0,balanced,0.95,1,"(1, 1)",True,"{'classifier__C': 5, 'classifier__class_weight': 'balanced', 'tfidf__max_df': 0.95, 'tfidf__min_df': 1, 'tfidf__ngram_range': (1, 1), 'tfidf__sublinear_tf': True}",0.6171627447924783,0.6822232973176369,0.6975028296547822,0.6854697102721685,0.6550354994799439,0.667478816303402,0.028736932855681466,33,1.0,1.0,1.0,1.0,1.0,1.0,0.0,
tuned_linearsvc,Tuned LinearSVC,0.07577095031738282,0.01037710508176994,0.01344456672668457,0.0027516184127554452,5.0,balanced,0.95,1,"(1, 2)",True,"{'classifier__C': 5, 'classifier__class_weight': 'balanced', 'tfidf__max_df': 0.95, 'tfidf__min_df': 1, 'tfidf__ngram_range': (1, 2), 'tfidf__sublinear_tf': True}",0.6480186480186481,0.6461230752369994,0.6447882183176301,0.5859683794466403,0.7082294816446145,0.6466255605329065,0.038677915466842856,69,1.0,1.0,1.0,1.0,1.0,1.0,0.0,
tuned_linearsvc,Tuned LinearSVC,0.0533998966217041,0.0031951219440990936,0.012946033477783203,0.0026392243091046064,5.0,balanced,0.95,2,"(1, 1)",True,"{'classifier__C': 5, 'classifier__class_weight': 'balanced', 'tfidf__max_df': 0.95, 'tfidf__min_df': 2, 'tfidf__ngram_range': (1, 1), 'tfidf__sublinear_tf': True}",0.6236825091786924,0.64,0.6530929618721131,0.7099431760230667,0.6742291920797833,0.660189567830731,0.029877343837623832,41,0.993239188252708,0.9971599834122925,0.9948175527229243,0.9976324628660583,0.9932100918645683,0.9952118558237103,0.0018819399981908841,
tuned_linearsvc,Tuned LinearSVC,0.0788313865661621,0.0063250360576633255,0.015512371063232422,0.0021373066554261286,5.0,balanced,0.95,2,"(1, 2)",True,"{'classifier__C': 5, 'classifier__class_weight': 'balanced', 'tfidf__max_df': 0.95, 'tfidf__min_df': 2, 'tfidf__ngram_range': (1, 2), 'tfidf__sublinear_tf': True}",0.629641365404004,0.6195766298378239,0.6930941070669955,0.6400776417949731,0.69252379800569,0.6549827084218973,0.031558666611975546,51,0.993239188252708,0.9971599834122925,0.9948175527229243,0.9976324628660583,0.9932100918645683,0.9952118558237103,0.0018819399981908841,
tuned_linearsvc,Tuned LinearSVC,0.04385557174682617,0.006216500740456287,0.009835100173950196,0.002156648377963407,5.0,balanced,0.95,3,"(1, 1)",True,"{'classifier__C': 5, 'classifier__class_weight': 'balanced', 'tfidf__max_df': 0.95, 'tfidf__min_df': 3, 'tfidf__ngram_range': (1, 1), 'tfidf__sublinear_tf': True}",0.5867512077294686,0.617373262869446,0.6815789473684211,0.6597091361797244,0.6171334042301785,0.6325091916754477,0.03378455913575534,91,0.9920278483505528,0.995972275760728,0.9919733803752572,0.9948175527229243,0.993153832427404,0.9935889779273733,0.0015764604151647607,
tuned_linearsvc,Tuned LinearSVC,0.07233901023864746,0.00671162582333581,0.013079261779785157,0.0005968993874348331,5.0,balanced,0.95,3,"(1, 2)",True,"{'classifier__C': 5, 'classifier__class_weight': 'balanced', 'tfidf__max_df': 0.95, 'tfidf__min_df': 3, 'tfidf__ngram_range': (1, 2), 'tfidf__sublinear_tf': True}",0.6400326797385621,0.6304062564623164,0.6673721340388007,0.6574326124685838,0.6311009252185723,0.6452689215853671,0.014734697424458766,73,0.9920278483505528,0.995972275760728,0.9919733803752572,0.9948175527229243,0.993153832427404,0.9935889779273733,0.0015764604151647607,
tuned_svc_linear,Tuned SVC Linear Kernel,0.13328747749328612,0.010354192021090147,0.02591552734375,0.0012302824186758601,0.1,,0.9,1,"(1, 1)",True,"{'classifier__C': 0.1, 'classifier__class_weight': None, 'tfidf__max_df': 0.9, 'tfidf__min_df': 1, 'tfidf__ngram_range': (1, 1), 'tfidf__sublinear_tf': True}",0.4062194269741439,0.38516001132823563,0.4124096344262857,0.40417763735299284,0.3837862999964192,0.39835060201561545,0.01165881396509642,115,0.39141806000595625,0.4034093046620681,0.38860411158474073,0.38842599606120287,0.38842599606120287,0.39205669367503415,0.005789194807614939,
tuned_svc_linear,Tuned SVC Linear Kernel,0.20548620223999023,0.021324699183965526,0.036015558242797854,0.004190136234404687,0.1,,0.9,1,"(1, 2)",True,"{'classifier__C': 0.1, 'classifier__class_weight': None, 'tfidf__max_df': 0.9, 'tfidf__min_df': 1, 'tfidf__ngram_range': (1, 2), 'tfidf__sublinear_tf': True}",0.3715912171320141,0.3679008270525022,0.35125448028673834,0.34291101055806933,0.350729517396184,0.3568774104851016,0.010977122384590615,117,0.27907794736511526,0.2575038642654301,0.27956633037193196,0.26044640938257957,0.2628878280100098,0.26789647587901333,0.00948480077711859,
tuned_svc_linear,Tuned SVC Linear Kernel,0.09641551971435547,0.008142627280960511,0.02197551727294922,0.0018104178247032848,0.1,,0.9,2,"(1, 1)",True,"{'classifier__C': 0.1, 'classifier__class_weight': None, 'tfidf__max_df': 0.9, 'tfidf__min_df': 2, 'tfidf__ngram_range': (1, 1), 'tfidf__sublinear_tf': True}",0.4632612514982841,0.43634230156734555,0.4649876350383965,0.45122112211221116,0.4480156323697864,0.4527655885172048,0.010528144914414336,111,0.4678426029252494,0.47699939192856594,0.4617181118844198,0.47536152045172836,0.44922817587288705,0.46622996061257005,0.010113200427905642,
tuned_svc_linear,Tuned SVC Linear Kernel,0.1308279514312744,0.0059897508064957715,0.026900339126586913,0.001921366916292249,0.1,,0.9,2,"(1, 2)",True,"{'classifier__C': 0.1, 'classifier__class_weight': None, 'tfidf__max_df': 0.9, 'tfidf__min_df': 2, 'tfidf__ngram_range': (1, 2), 'tfidf__sublinear_tf': True}",0.4575577557755775,0.44237695078031214,0.4705215419501134,0.46677833612506975,0.4639924935491438,0.46024541563604326,0.009887608071233105,109,0.4622596667766756,0.4741645267961057,0.4626428798118695,0.46278007197704696,0.464215060575851,0.4652124411875097,0.0045248767317709335,
tuned_svc_linear,Tuned SVC Linear Kernel,0.08656120300292969,0.010468590155834087,0.02149505615234375,0.002208766677102207,0.1,,0.9,3,"(1, 1)",True,"{'classifier__C': 0.1, 'classifier__class_weight': None, 'tfidf__max_df': 0.9, 'tfidf__min_df': 3, 'tfidf__ngram_range': (1, 1), 'tfidf__sublinear_tf': True}",0.4897515776020449,0.46710696710696714,0.5023865971234392,0.46801379669399973,0.47666436758958186,0.48078466122320657,0.013521836715260934,105,0.4903320938324283,0.510512756586055,0.48817545929971606,0.49061831459409033,0.4759792647200687,0.49112357780647165,0.01108930667923355,
tuned_svc_linear,Tuned SVC Linear Kernel,0.1076899528503418,0.006582159258448949,0.02658686637878418,0.0035193100589749602,0.1,,0.9,3,"(1, 2)",True,"{'classifier__C': 0.1, 'classifier__class_weight': None, 'tfidf__max_df': 0.9, 'tfidf__min_df': 3, 'tfidf__ngram_range': (1, 2), 'tfidf__sublinear_tf': True}",0.46462083882194144,0.4599773410176839,0.4867267958805092,0.46585597071033963,0.48655039905409403,0.47274626909691364,0.011511329083329686,107,0.4792171105730428,0.4827489770979372,0.4713175806358691,0.47860564048416965,0.4745229460282483,0.4772824509638534,0.003964118863102394,
tuned_svc_linear,Tuned SVC Linear Kernel,0.12205195426940918,0.00567782699964909,0.026274824142456056,0.0028088614446253094,0.1,,0.95,1,"(1, 1)",True,"{'classifier__C': 0.1, 'classifier__class_weight': None, 'tfidf__max_df': 0.95, 'tfidf__min_df': 1, 'tfidf__ngram_range': (1, 1), 'tfidf__sublinear_tf': True}",0.4062194269741439,0.38516001132823563,0.4124096344262857,0.40417763735299284,0.3837862999964192,0.39835060201561545,0.01165881396509642,115,0.39141806000595625,0.4034093046620681,0.38860411158474073,0.38842599606120287,0.38842599606120287,0.39205669367503415,0.005789194807614939,
tuned_svc_linear,Tuned SVC Linear Kernel,0.20840802192687988,0.012825759022976405,0.035964345932006835,0.00288990022901456,0.1,,0.95,1,"(1, 2)",True,"{'classifier__C': 0.1, 'classifier__class_weight': None, 'tfidf__max_df': 0.95, 'tfidf__min_df': 1, 'tfidf__ngram_range': (1, 2), 'tfidf__sublinear_tf': True}",0.3715912171320141,0.3679008270525022,0.35125448028673834,0.34291101055806933,0.350729517396184,0.3568774104851016,0.010977122384590615,117,0.27907794736511526,0.2575038642654301,0.27956633037193196,0.26044640938257957,0.2628878280100098,0.26789647587901333,0.00948480077711859,
tuned_svc_linear,Tuned SVC Linear Kernel,0.09841656684875488,0.00496089425322442,0.02693629264831543,0.003064276740791991,0.1,,0.95,2,"(1, 1)",True,"{'classifier__C': 0.1, 'classifier__class_weight': None, 'tfidf__max_df': 0.95, 'tfidf__min_df': 2, 'tfidf__ngram_range': (1, 1), 'tfidf__sublinear_tf': True}",0.4632612514982841,0.43634230156734555,0.4649876350383965,0.45122112211221116,0.4480156323697864,0.4527655885172048,0.010528144914414336,111,0.4678426029252494,0.47699939192856594,0.4617181118844198,0.47536152045172836,0.44922817587288705,0.46622996061257005,0.010113200427905642,
tuned_svc_linear,Tuned SVC Linear Kernel,0.1272975444793701,0.006086738591023207,0.02860426902770996,0.001836969333574855,0.1,,0.95,2,"(1, 2)",True,"{'classifier__C': 0.1, 'classifier__class_weight': None, 'tfidf__max_df': 0.95, 'tfidf__min_df': 2, 'tfidf__ngram_range': (1, 2), 'tfidf__sublinear_tf': True}",0.4575577557755775,0.44237695078031214,0.4705215419501134,0.46677833612506975,0.4639924935491438,0.46024541563604326,0.009887608071233105,109,0.4622596667766756,0.4741645267961057,0.4626428798118695,0.46278007197704696,0.464215060575851,0.4652124411875097,0.0045248767317709335,
tuned_svc_linear,Tuned SVC Linear Kernel,0.0890437126159668,0.01049050317707605,0.021599245071411134,0.001715187297314662,0.1,,0.95,3,"(1, 1)",True,"{'classifier__C': 0.1, 'classifier__class_weight': None, 'tfidf__max_df': 0.95, 'tfidf__min_df': 3, 'tfidf__ngram_range': (1, 1), 'tfidf__sublinear_tf': True}",0.4897515776020449,0.46710696710696714,0.5023865971234392,0.46801379669399973,0.47666436758958186,0.48078466122320657,0.013521836715260934,105,0.4903320938324283,0.510512756586055,0.48817545929971606,0.49061831459409033,0.4759792647200687,0.49112357780647165,0.01108930667923355,
tuned_svc_linear,Tuned SVC Linear Kernel,0.11311159133911133,0.009369096645118204,0.02545781135559082,0.0016667550587373043,0.1,,0.95,3,"(1, 2)",True,"{'classifier__C': 0.1, 'classifier__class_weight': None, 'tfidf__max_df': 0.95, 'tfidf__min_df': 3, 'tfidf__ngram_range': (1, 2), 'tfidf__sublinear_tf': True}",0.46462083882194144,0.4599773410176839,0.4867267958805092,0.46585597071033963,0.48655039905409403,0.47274626909691364,0.011511329083329686,107,0.4792171105730428,0.4827489770979372,0.4713175806358691,0.47860564048416965,0.4745229460282483,0.4772824509638534,0.003964118863102394,
tuned_svc_linear,Tuned SVC Linear Kernel,0.13345947265625,0.008477481460237156,0.02680497169494629,0.004178281362044381,0.1,balanced,0.9,1,"(1, 1)",True,"{'classifier__C': 0.1, 'classifier__class_weight': 'balanced', 'tfidf__max_df': 0.9, 'tfidf__min_df': 1, 'tfidf__ngram_range': (1, 1), 'tfidf__sublinear_tf': True}",0.4256143780761777,0.448235212537272,0.4362102876954362,0.4298146435056703,0.3907028026746337,0.42611546489783797,0.019283051309672963,113,0.41483407920221876,0.42757090354344357,0.4278060447923462,0.42719198026475075,0.4161348334647938,0.4227075682535106,0.005915219635643967,
tuned_svc_linear,Tuned SVC Linear Kernel,0.2384350299835205,0.008915154319161156,0.04084358215332031,0.0029381890736006363,0.1,balanced,0.9,1,"(1, 2)",True,"{'classifier__C': 0.1, 'classifier__class_weight': 'balanced', 'tfidf__max_df': 0.9, 'tfidf__min_df': 1, 'tfidf__ngram_range': (1, 2), 'tfidf__sublinear_tf': True}",0.3088023088023088,0.30320117474302494,0.3234880450070323,0.30123893805309737,0.31845238095238093,0.3110365695115689,0.008630323465916039,119,0.2424372759856631,0.23986974736110347,0.24292158968850697,0.24035379008594135,0.23516815719863962,0.2401501120639709,0.002751442182254252,
tuned_svc_linear,Tuned SVC Linear Kernel,0.10875277519226074,0.0034730747710796164,0.023694276809692383,0.0014239068230754272,0.1,balanced,0.9,2,"(1, 1)",True,"{'classifier__C': 0.1, 'classifier__class_weight': 'balanced', 'tfidf__max_df': 0.9, 'tfidf__min_df': 2, 'tfidf__ngram_range': (1, 1), 'tfidf__sublinear_tf': True}",0.6568529433072947,0.5544439270705954,0.6221236028928336,0.5548016395842482,0.4654394693200663,0.5707323164350077,0.06582326099981138,89,0.7694722372141727,0.7278851988374697,0.7916873014852355,0.7145914006510757,0.5551092885057458,0.7117490853387399,0.08309820639481748,
tuned_svc_linear,Tuned SVC Linear Kernel,0.14256062507629394,0.004340656916013214,0.02840118408203125,0.004165199916206166,0.1,balanced,0.9,2,"(1, 2)",True,"{'classifier__C': 0.1, 'classifier__class_weight': 'balanced', 'tfidf__max_df': 0.9, 'tfidf__min_df': 2, 'tfidf__ngram_range': (1, 2), 'tfidf__sublinear_tf': True}",0.5805347593582888,0.47528316896490824,0.6199197860962568,0.588562091503268,0.4639924935491438,0.5456584598943731,0.06355129278196944,101,0.7719531357005561,0.6498033528261585,0.750538063286538,0.7399483836140467,0.4801089597567744,0.6784703790368148,0.1075930973658837,
tuned_svc_linear,Tuned SVC Linear Kernel,0.09832096099853516,0.014325322775793809,0.02322697639465332,0.00349294628764139,0.1,balanced,0.9,3,"(1, 1)",True,"{'classifier__C': 0.1, 'classifier__class_weight': 'balanced', 'tfidf__max_df': 0.9, 'tfidf__min_df': 3, 'tfidf__ngram_range': (1, 1), 'tfidf__sublinear_tf': True}",0.6224886648503216,0.6106995884773663,0.6504235573477376,0.6026481483406623,0.5184981684981685,0.6009516255028513,0.04428947876919384,81,0.7111032590023227,0.7669983717793184,0.763643965048706,0.7133394777899064,0.6904552540308638,0.7291080655302234,0.030643971405276995,
tuned_svc_linear,Tuned SVC Linear Kernel,0.13059988021850585,0.008645814828019295,0.02538723945617676,0.002586080695901726,0.1,balanced,0.9,3,"(1, 2)",True,"{'classifier__C': 0.1, 'classifier__class_weight': 'balanced', 'tfidf__max_df': 0.9, 'tfidf__min_df': 3, 'tfidf__ngram_range': (1, 2), 'tfidf__sublinear_tf': True}",0.6061530638189677,0.5876455325213089,0.6347496558022874,0.6102842594996759,0.4758249158249159,0.5829314854934311,0.05561758395590538,85,0.693335719288303,0.7405777068934963,0.7420191750705739,0.7122781888378024,0.6325014586351035,0.7041424497450558,0.04019348595437859,
tuned_svc_linear,Tuned SVC Linear Kernel,0.13428406715393065,0.008959310051083628,0.026707983016967772,0.0032774319380769515,0.1,balanced,0.95,1,"(1, 1)",True,"{'classifier__C': 0.1, 'classifier__class_weight': 'balanced', 'tfidf__max_df': 0.95, 'tfidf__min_df': 1, 'tfidf__ngram_range': (1, 1), 'tfidf__sublinear_tf': True}",0.4256143780761777,0.448235212537272,0.4362102876954362,0.4298146435056703,0.3907028026746337,0.42611546489783797,0.019283051309672963,113,0.41483407920221876,0.42757090354344357,0.4278060447923462,0.42719198026475075,0.4161348334647938,0.4227075682535106,0.005915219635643967,
tuned_svc_linear,Tuned SVC Linear Kernel,0.22700786590576172,0.02996652715821463,0.03766841888427734,0.004079795419796741,0.1,balanced,0.95,1,"(1, 2)",True,"{'classifier__C': 0.1, 'classifier__class_weight': 'balanced', 'tfidf__max_df': 0.95, 'tfidf__min_df': 1, 'tfidf__ngram_range': (1, 2), 'tfidf__sublinear_tf': True}",0.3088023088023088,0.30320117474302494,0.3234880450070323,0.30123893805309737,0.31845238095238093,0.3110365695115689,0.008630323465916039,119,0.2424372759856631,0.23986974736110347,0.24292158968850697,0.24035379008594135,0.23516815719863962,0.2401501120639709,0.002751442182254252,
tuned_svc_linear,Tuned SVC Linear Kernel,0.10935816764831544,0.0040726384840956585,0.02395491600036621,0.0024966191478606316,0.1,balanced,0.95,2,"(1, 1)",True,"{'classifier__C': 0.1, 'classifier__class_weight': 'balanced', 'tfidf__max_df': 0.95, 'tfidf__min_df': 2, 'tfidf__ngram_range': (1, 1), 'tfidf__sublinear_tf': True}",0.6568529433072947,0.5544439270705954,0.6221236028928336,0.5548016395842482,0.4654394693200663,0.5707323164350077,0.06582326099981138,89,0.7694722372141727,0.7278851988374697,0.7916873014852355,0.7145914006510757,0.5551092885057458,0.7117490853387399,0.08309820639481748,
tuned_svc_linear,Tuned SVC Linear Kernel,0.14767699241638182,0.011318184968614264,0.02664327621459961,0.0009791528560863022,0.1,balanced,0.95,2,"(1, 2)",True,"{'classifier__C': 0.1, 'classifier__class_weight': 'balanced', 'tfidf__max_df': 0.95, 'tfidf__min_df': 2, 'tfidf__ngram_range': (1, 2), 'tfidf__sublinear_tf': True}",0.5805347593582888,0.47528316896490824,0.6199197860962568,0.588562091503268,0.4639924935491438,0.5456584598943731,0.06355129278196944,101,0.7719531357005561,0.6498033528261585,0.750538063286538,0.7399483836140467,0.4801089597567744,0.6784703790368148,0.1075930973658837,
tuned_svc_linear,Tuned SVC Linear Kernel,0.09725365638732911,0.006076695759264439,0.021865701675415038,0.0018164351246257844,0.1,balanced,0.95,3,"(1, 1)",True,"{'classifier__C': 0.1, 'classifier__class_weight': 'balanced', 'tfidf__max_df': 0.95, 'tfidf__min_df': 3, 'tfidf__ngram_range': (1, 1), 'tfidf__sublinear_tf': True}",0.6224886648503216,0.6106995884773663,0.6504235573477376,0.6026481483406623,0.5184981684981685,0.6009516255028513,0.04428947876919384,81,0.7111032590023227,0.7669983717793184,0.763643965048706,0.7133394777899064,0.6904552540308638,0.7291080655302234,0.030643971405276995,
tuned_svc_linear,Tuned SVC Linear Kernel,0.13483386039733886,0.012896181266979372,0.02658252716064453,0.0025201933493464086,0.1,balanced,0.95,3,"(1, 2)",True,"{'classifier__C': 0.1, 'classifier__class_weight': 'balanced', 'tfidf__max_df': 0.95, 'tfidf__min_df': 3, 'tfidf__ngram_range': (1, 2), 'tfidf__sublinear_tf': True}",0.6061530638189677,0.5876455325213089,0.6347496558022874,0.6102842594996759,0.4758249158249159,0.5829314854934311,0.05561758395590538,85,0.693335719288303,0.7405777068934963,0.7420191750705739,0.7122781888378024,0.6325014586351035,0.7041424497450558,0.04019348595437859,
tuned_svc_linear,Tuned SVC Linear Kernel,0.11557245254516602,0.0020721980913419656,0.024738216400146486,0.0023189986987240518,0.5,,0.9,1,"(1, 1)",True,"{'classifier__C': 0.5, 'classifier__class_weight': None, 'tfidf__max_df': 0.9, 'tfidf__min_df': 1, 'tfidf__ngram_range': (1, 1), 'tfidf__sublinear_tf': True}",0.53098948894527,0.5300146856217166,0.5490956072351422,0.5742930122240467,0.5601674438647521,0.5489120475781855,0.01702491940030184,97,0.6424353960585845,0.6183381430236242,0.6171859835495955,0.6113834228071764,0.6066809240096724,0.6192047738897306,0.0123491596347473,
tuned_svc_linear,Tuned SVC Linear Kernel,0.20941061973571778,0.024134172753355106,0.03258638381958008,0.0018376201986079468,0.5,,0.9,1,"(1, 2)",True,"{'classifier__C': 0.5, 'classifier__class_weight': None, 'tfidf__max_df': 0.9, 'tfidf__min_df': 1, 'tfidf__ngram_range': (1, 2), 'tfidf__sublinear_tf': True}",0.5122661122661123,0.51007326007326,0.539640382208383,0.547760421424439,0.5229276895943563,0.5265335731133102,0.014898807161872984,103,0.5873427686345306,0.5863575878545938,0.6014848398408893,0.5869821656786038,0.5742856083488063,0.5872905940714847,0.00862061038985815,
tuned_svc_linear,Tuned SVC Linear Kernel,0.08882050514221192,0.005951976420850282,0.0212221622467041,0.0032913835715832696,0.5,,0.9,2,"(1, 1)",True,"{'classifier__C': 0.5, 'classifier__class_weight': None, 'tfidf__max_df': 0.9, 'tfidf__min_df': 2, 'tfidf__ngram_range': (1, 1), 'tfidf__sublinear_tf': True}",0.5262902908358692,0.5428835293939532,0.5799022954500629,0.5788402894724864,0.5670042971147944,0.5589841404534333,0.02109159194801183,95,0.6477396947425573,0.6302688953488372,0.6226498081013064,0.6198398551339728,0.6242454477904643,0.6289487402234276,0.00999611999184783,
tuned_svc_linear,Tuned SVC Linear Kernel,0.12515063285827638,0.0059320697549788606,0.02724933624267578,0.0026174946642350864,0.5,,0.9,2,"(1, 2)",True,"{'classifier__C': 0.5, 'classifier__class_weight': None, 'tfidf__max_df': 0.9, 'tfidf__min_df': 2, 'tfidf__ngram_range': (1, 2), 'tfidf__sublinear_tf': True}",0.5264062883812332,0.528002947678703,0.5406656313754149,0.5826666666666667,0.552875175315568,0.5461233418835172,0.0206295871497272,99,0.6236193556226907,0.6128185488637196,0.6193816602964605,0.6178224944884992,0.5847946777479512,0.6116873474038642,0.013883159573658021,
tuned_svc_linear,Tuned SVC Linear Kernel,0.07586612701416015,0.0018813756378508017,0.019537830352783205,0.0020363613619558824,0.5,,0.9,3,"(1, 1)",True,"{'classifier__C': 0.5, 'classifier__class_weight': None, 'tfidf__max_df': 0.9, 'tfidf__min_df': 3, 'tfidf__ngram_range': (1, 1), 'tfidf__sublinear_tf': True}",0.5354347398222585,0.5303201506591337,0.6163368490671122,0.5742930122240467,0.5715947352310988,0.56559589740073,0.03111380327837077,93,0.6511506519601418,0.6521897849124042,0.643369517522037,0.6228494828293115,0.6246633256673417,0.6388445525782472,0.012704015654619831,
tuned_svc_linear,Tuned SVC Linear Kernel,0.10627655982971192,0.004724233486442799,0.02486109733581543,0.0021149081774947446,0.5,,0.9,3,"(1, 2)",True,"{'classifier__C': 0.5, 'classifier__class_weight': None, 'tfidf__max_df': 0.9, 'tfidf__min_df': 3, 'tfidf__ngram_range': (1, 2), 'tfidf__sublinear_tf': True}",0.5307225258044931,0.5236411504492507,0.6116690262286261,0.6242908346134152,0.552875175315568,0.5686397424822707,0.0416165195532031,91,0.6344004587496381,0.633202659734124,0.6413956399806695,0.6262255208566675,0.606896121362401,0.6284240801367,0.011790673949995546,
tuned_svc_linear,Tuned SVC Linear Kernel,0.11513161659240723,0.004956118323032524,0.02601022720336914,0.0025857427012173405,0.5,,0.95,1,"(1, 1)",True,"{'classifier__C': 0.5, 'classifier__class_weight': None, 'tfidf__max_df': 0.95, 'tfidf__min_df': 1, 'tfidf__ngram_range': (1, 1), 'tfidf__sublinear_tf': True}",0.53098948894527,0.5300146856217166,0.5490956072351422,0.5742930122240467,0.5601674438647521,0.5489120475781855,0.01702491940030184,97,0.6424353960585845,0.6183381430236242,0.6171859835495955,0.6113834228071764,0.6066809240096724,0.6192047738897306,0.0123491596347473,
tuned_svc_linear,Tuned SVC Linear Kernel,0.2100886344909668,0.01947337712520009,0.03587775230407715,0.002404737932531513,0.5,,0.95,1,"(1, 2)",True,"{'classifier__C': 0.5, 'classifier__class_weight': None, 'tfidf__max_df': 0.95, 'tfidf__min_df': 1, 'tfidf__ngram_range': (1, 2), 'tfidf__sublinear_tf': True}",0.5122661122661123,0.51007326007326,0.539640382208383,0.547760421424439,0.5229276895943563,0.5265335731133102,0.014898807161872984,103,0.5873427686345306,0.5863575878545938,0.6014848398408893,0.5869821656786038,0.5742856083488063,0.5872905940714847,0.00862061038985815,
tuned_svc_linear,Tuned SVC Linear Kernel,0.08542733192443848,0.0034587300337246764,0.021226882934570312,0.0030569949028741565,0.5,,0.95,2,"(1, 1)",True,"{'classifier__C': 0.5, 'classifier__class_weight': None, 'tfidf__max_df': 0.95, 'tfidf__min_df': 2, 'tfidf__ngram_range': (1, 1), 'tfidf__sublinear_tf': True}",0.5262902908358692,0.5428835293939532,0.5799022954500629,0.5788402894724864,0.5670042971147944,0.5589841404534333,0.02109159194801183,95,0.6477396947425573,0.6302688953488372,0.6226498081013064,0.6198398551339728,0.6242454477904643,0.6289487402234276,0.00999611999184783,
tuned_svc_linear,Tuned SVC Linear Kernel,0.12872076034545898,0.012379370553823432,0.02561788558959961,0.00207364792602991,0.5,,0.95,2,"(1, 2)",True,"{'classifier__C': 0.5, 'classifier__class_weight': None, 'tfidf__max_df': 0.95, 'tfidf__min_df': 2, 'tfidf__ngram_range': (1, 2), 'tfidf__sublinear_tf': True}",0.5264062883812332,0.528002947678703,0.5406656313754149,0.5826666666666667,0.552875175315568,0.5461233418835172,0.0206295871497272,99,0.6236193556226907,0.6128185488637196,0.6193816602964605,0.6178224944884992,0.5847946777479512,0.6116873474038642,0.013883159573658021,
tuned_svc_linear,Tuned SVC Linear Kernel,0.07639093399047851,0.003345749014724935,0.02034749984741211,0.0015249533573131091,0.5,,0.95,3,"(1, 1)",True,"{'classifier__C': 0.5, 'classifier__class_weight': None, 'tfidf__max_df': 0.95, 'tfidf__min_df': 3, 'tfidf__ngram_range': (1, 1), 'tfidf__sublinear_tf': True}",0.5354347398222585,0.5303201506591337,0.6163368490671122,0.5742930122240467,0.5715947352310988,0.56559589740073,0.03111380327837077,93,0.6511506519601418,0.6521897849124042,0.643369517522037,0.6228494828293115,0.6246633256673417,0.6388445525782472,0.012704015654619831,
tuned_svc_linear,Tuned SVC Linear Kernel,0.1076634407043457,0.0053221338536136135,0.02564544677734375,0.005233884072279331,0.5,,0.95,3,"(1, 2)",True,"{'classifier__C': 0.5, 'classifier__class_weight': None, 'tfidf__max_df': 0.95, 'tfidf__min_df': 3, 'tfidf__ngram_range': (1, 2), 'tfidf__sublinear_tf': True}",0.5307225258044931,0.5236411504492507,0.6116690262286261,0.6242908346134152,0.552875175315568,0.5686397424822707,0.0416165195532031,91,0.6344004587496381,0.633202659734124,0.6413956399806695,0.6262255208566675,0.606896121362401,0.6284240801367,0.011790673949995546,
tuned_svc_linear,Tuned SVC Linear Kernel,0.12423615455627442,0.006820566373591756,0.024364805221557616,0.0020530729201218,0.5,balanced,0.9,1,"(1, 1)",True,"{'classifier__C': 0.5, 'classifier__class_weight': 'balanced', 'tfidf__max_df': 0.9, 'tfidf__min_df': 1, 'tfidf__ngram_range': (1, 1), 'tfidf__sublinear_tf': True}",0.6301595283592669,0.6849673202614378,0.6790366239185137,0.7169299040266782,0.6864422415672856,0.6795071236266365,0.027977779145810042,31,0.9318307551066999,0.9255241780006079,0.931481339862933,0.927527090451385,0.9243411494068013,0.9281409025656855,0.003047479940569425,
tuned_svc_linear,Tuned SVC Linear Kernel,0.20130009651184083,0.00318930386259933,0.034761810302734376,0.0036074321614688867,0.5,balanced,0.9,1,"(1, 2)",True,"{'classifier__C': 0.5, 'classifier__class_weight': 'balanced', 'tfidf__max_df': 0.9, 'tfidf__min_df': 1, 'tfidf__ngram_range': (1, 2), 'tfidf__sublinear_tf': True}",0.6165234701085212,0.6021084191692054,0.6253731486547451,0.693434131850554,0.6842518496149781,0.6443382038796008,0.03720267923239517,71,0.9385281967097705,0.9299786324786324,0.9258715498846971,0.9324812542603954,0.9162686888762392,0.928625664441947,0.007416687033947912,
tuned_svc_linear,Tuned SVC Linear Kernel,0.10025935173034668,0.010536818849639066,0.026002216339111327,0.0037144396416713002,0.5,balanced,0.9,2,"(1, 1)",True,"{'classifier__C': 0.5, 'classifier__class_weight': 'balanced', 'tfidf__max_df': 0.9, 'tfidf__min_df': 2, 'tfidf__ngram_range': (1, 1), 'tfidf__sublinear_tf': True}",0.6022008181865258,0.6887981882404638,0.7025185185185184,0.7201052420343821,0.6889339964139518,0.6805113526787684,0.040802313184867246,27,0.903724960614408,0.9019791415679808,0.9064076103141206,0.9001288834724724,0.8824278705421563,0.8989336933022276,0.008508361741566333,
tuned_svc_linear,Tuned SVC Linear Kernel,0.1317833423614502,0.008887824536186457,0.031041622161865234,0.005356125113922772,0.5,balanced,0.9,2,"(1, 2)",True,"{'classifier__C': 0.5, 'classifier__class_weight': 'balanced', 'tfidf__max_df': 0.9, 'tfidf__min_df': 2, 'tfidf__ngram_range': (1, 2), 'tfidf__sublinear_tf': True}",0.6197318007662834,0.6769478397105755,0.6844794549712582,0.7082121837648955,0.7090494975110359,0.6796841553448096,0.032560524772625124,29,0.9133159552514392,0.9088265083877832,0.9196546732837055,0.9135302798313005,0.8786387497017417,0.9067932332911941,0.014492477292322033,
tuned_svc_linear,Tuned SVC Linear Kernel,0.0837392807006836,0.0057529673135001515,0.021841669082641603,0.0034030376557718676,0.5,balanced,0.9,3,"(1, 1)",True,"{'classifier__C': 0.5, 'classifier__class_weight': 'balanced', 'tfidf__max_df': 0.9, 'tfidf__min_df': 3, 'tfidf__ngram_range': (1, 1), 'tfidf__sublinear_tf': True}",0.6217194539347841,0.6518538421147831,0.7059234055370407,0.7173685313220197,0.6848850112051522,0.6763500488227561,0.035254817990326044,39,0.8984900641527148,0.8777522245025632,0.8821960637694685,0.8770986327743687,0.8715568971425656,0.8814187764683361,0.009180380683191975,
tuned_svc_linear,Tuned SVC Linear Kernel,0.11292552947998047,0.006243559967248492,0.025861692428588868,0.004227964777268396,0.5,balanced,0.9,3,"(1, 2)",True,"{'classifier__C': 0.5, 'classifier__class_weight': 'balanced', 'tfidf__max_df': 0.9, 'tfidf__min_df': 3, 'tfidf__ngram_range': (1, 2), 'tfidf__sublinear_tf': True}",0.6398578191796415,0.6588235294117647,0.6856949721643169,0.7105599318714072,0.6857142857142856,0.6761301076682831,0.024429295771492204,41,0.8958327796706183,0.8866789954365452,0.8947205462417579,0.8962841534046678,0.8676216821445037,0.8882276313796187,0.010880323416512001,
tuned_svc_linear,Tuned SVC Linear Kernel,0.1274052619934082,0.012467893892829514,0.026966285705566407,0.00216056988208833,0.5,balanced,0.95,1,"(1, 1)",True,"{'classifier__C': 0.5, 'classifier__class_weight': 'balanced', 'tfidf__max_df': 0.95, 'tfidf__min_df': 1, 'tfidf__ngram_range': (1, 1), 'tfidf__sublinear_tf': True}",0.6301595283592669,0.6849673202614378,0.6790366239185137,0.7169299040266782,0.6864422415672856,0.6795071236266365,0.027977779145810042,31,0.9318307551066999,0.9255241780006079,0.931481339862933,0.927527090451385,0.9243411494068013,0.9281409025656855,0.003047479940569425,
tuned_svc_linear,Tuned SVC Linear Kernel,0.19471683502197265,0.009728322493371454,0.033675622940063474,0.004894026096648116,0.5,balanced,0.95,1,"(1, 2)",True,"{'classifier__C': 0.5, 'classifier__class_weight': 'balanced', 'tfidf__max_df': 0.95, 'tfidf__min_df': 1, 'tfidf__ngram_range': (1, 2), 'tfidf__sublinear_tf': True}",0.6165234701085212,0.6021084191692054,0.6253731486547451,0.693434131850554,0.6842518496149781,0.6443382038796008,0.03720267923239517,71,0.9385281967097705,0.9299786324786324,0.9258715498846971,0.9324812542603954,0.9162686888762392,0.928625664441947,0.007416687033947912,
tuned_svc_linear,Tuned SVC Linear Kernel,0.09574398994445801,0.00490814703108225,0.022855567932128906,0.0013813508335068052,0.5,balanced,0.95,2,"(1, 1)",True,"{'classifier__C': 0.5, 'classifier__class_weight': 'balanced', 'tfidf__max_df': 0.95, 'tfidf__min_df': 2, 'tfidf__ngram_range': (1, 1), 'tfidf__sublinear_tf': True}",0.6022008181865258,0.6887981882404638,0.7025185185185184,0.7201052420343821,0.6889339964139518,0.6805113526787684,0.040802313184867246,27,0.903724960614408,0.9019791415679808,0.9064076103141206,0.9001288834724724,0.8824278705421563,0.8989336933022276,0.008508361741566333,
tuned_svc_linear,Tuned SVC Linear Kernel,0.13364725112915038,0.009957947614009515,0.028077077865600587,0.002439818254174241,0.5,balanced,0.95,2,"(1, 2)",True,"{'classifier__C': 0.5, 'classifier__class_weight': 'balanced', 'tfidf__max_df': 0.95, 'tfidf__min_df': 2, 'tfidf__ngram_range': (1, 2), 'tfidf__sublinear_tf': True}",0.6197318007662834,0.6769478397105755,0.6844794549712582,0.7082121837648955,0.7090494975110359,0.6796841553448096,0.032560524772625124,29,0.9133159552514392,0.9088265083877832,0.9196546732837055,0.9135302798313005,0.8786387497017417,0.9067932332911941,0.014492477292322033,
tuned_svc_linear,Tuned SVC Linear Kernel,0.08824729919433594,0.009598177536387085,0.01919565200805664,0.0011608188907423038,0.5,balanced,0.95,3,"(1, 1)",True,"{'classifier__C': 0.5, 'classifier__class_weight': 'balanced', 'tfidf__max_df': 0.95, 'tfidf__min_df': 3, 'tfidf__ngram_range': (1, 1), 'tfidf__sublinear_tf': True}",0.6217194539347841,0.6518538421147831,0.7059234055370407,0.7173685313220197,0.6848850112051522,0.6763500488227561,0.035254817990326044,39,0.8984900641527148,0.8777522245025632,0.8821960637694685,0.8770986327743687,0.8715568971425656,0.8814187764683361,0.009180380683191975,
tuned_svc_linear,Tuned SVC Linear Kernel,0.12080025672912598,0.008864590342488108,0.026246404647827147,0.0033813023815659387,0.5,balanced,0.95,3,"(1, 2)",True,"{'classifier__C': 0.5, 'classifier__class_weight': 'balanced', 'tfidf__max_df': 0.95, 'tfidf__min_df': 3, 'tfidf__ngram_range': (1, 2), 'tfidf__sublinear_tf': True}",0.6398578191796415,0.6588235294117647,0.6856949721643169,0.7105599318714072,0.6857142857142856,0.6761301076682831,0.024429295771492204,41,0.8958327796706183,0.8866789954365452,0.8947205462417579,0.8962841534046678,0.8676216821445037,0.8882276313796187,0.010880323416512001,
tuned_svc_linear,Tuned SVC Linear Kernel,0.12373771667480468,0.0024727711110338452,0.02455286979675293,0.0021448806435860786,1.0,,0.9,1,"(1, 1)",True,"{'classifier__C': 1, 'classifier__class_weight': None, 'tfidf__max_df': 0.9, 'tfidf__min_df': 1, 'tfidf__ngram_range': (1, 1), 'tfidf__sublinear_tf': True}",0.5404889683959452,0.5766648421820836,0.6588288035864388,0.6051988162900507,0.6107899807321773,0.5983942822373391,0.03918540629297979,83,0.9679609035310593,0.9563214960721605,0.970018997788782,0.9657347988063809,0.9614471160462235,0.9642966624489212,0.004898228538372566,
tuned_svc_linear,Tuned SVC Linear Kernel,0.20650010108947753,0.009946333226907165,0.03569130897521973,0.0028926317839095004,1.0,,0.9,1,"(1, 2)",True,"{'classifier__C': 1, 'classifier__class_weight': None, 'tfidf__max_df': 0.9, 'tfidf__min_df': 1, 'tfidf__ngram_range': (1, 2), 'tfidf__sublinear_tf': True}",0.5584973166368515,0.5460223537146615,0.6022485933709776,0.6141554503761388,0.5720687984496124,0.5785985025096484,0.025812878639341844,87,0.9972100719371079,1.0,0.997181462116527,1.0,0.997181462116527,0.9983145992340324,0.0013761636158274586,
tuned_svc_linear,Tuned SVC Linear Kernel,0.09284181594848633,0.008858889355452712,0.020418643951416016,0.0018241551230001325,1.0,,0.9,2,"(1, 1)",True,"{'classifier__C': 1, 'classifier__class_weight': None, 'tfidf__max_df': 0.9, 'tfidf__min_df': 2, 'tfidf__ngram_range': (1, 1), 'tfidf__sublinear_tf': True}",0.6336174242424243,0.6427473262032085,0.6726280932985634,0.6137310606060606,0.6038176696195228,0.633308314793956,0.024034152787349543,77,0.9157358237197095,0.8912824848042531,0.9014505398625805,0.9147041910027506,0.8971063126836695,0.9040558704145927,0.009675241810404639,
tuned_svc_linear,Tuned SVC Linear Kernel,0.13865437507629394,0.01722310367860398,0.0259854793548584,0.004451809709493092,1.0,,0.9,2,"(1, 2)",True,"{'classifier__C': 1, 'classifier__class_weight': None, 'tfidf__max_df': 0.9, 'tfidf__min_df': 2, 'tfidf__ngram_range': (1, 2), 'tfidf__sublinear_tf': True}",0.5963692756796205,0.5318181818181819,0.6661706349206349,0.6046011586452763,0.6461222393425783,0.6090162980812583,0.04643804234218236,79,0.9282053913055407,0.9263290082133772,0.9252520078985023,0.927969990959172,0.9078111776471277,0.9231135152047439,0.007727698751844196,
tuned_svc_linear,Tuned SVC Linear Kernel,0.07843546867370606,0.0034107240550842197,0.020734310150146484,0.001958070725836147,1.0,,0.9,3,"(1, 1)",True,"{'classifier__C': 1, 'classifier__class_weight': None, 'tfidf__max_df': 0.9, 'tfidf__min_df': 3, 'tfidf__ngram_range': (1, 1), 'tfidf__sublinear_tf': True}",0.6466688948306595,0.6291107024559618,0.6747643826984812,0.622860962566845,0.6310253411306043,0.6408860567365104,0.018665363039207062,73,0.9004848219124165,0.8484023298122318,0.8744671790725193,0.8724293097480337,0.8683517704458722,0.8728270821982147,0.016639685400721933,
tuned_svc_linear,Tuned SVC Linear Kernel,0.11032238006591796,0.009466865067793097,0.024756860733032227,0.0040076066636866225,1.0,,0.9,3,"(1, 2)",True,"{'classifier__C': 1, 'classifier__class_weight': None, 'tfidf__max_df': 0.9, 'tfidf__min_df': 3, 'tfidf__ngram_range': (1, 2), 'tfidf__sublinear_tf': True}",0.6191205984309432,0.6472781412690239,0.6846625982042648,0.5995033344681874,0.6377596186584951,0.6376648582061828,0.028640541965312395,75,0.9002240582787696,0.8616429936825675,0.8813740247359574,0.9039051887444786,0.8693576388888888,0.8833007808661325,0.01660194136523592,
tuned_svc_linear,Tuned SVC Linear Kernel,0.127662992477417,0.009775804755066252,0.02513155937194824,0.002789651090511159,1.0,,0.95,1,"(1, 1)",True,"{'classifier__C': 1, 'classifier__class_weight': None, 'tfidf__max_df': 0.95, 'tfidf__min_df': 1, 'tfidf__ngram_range': (1, 1), 'tfidf__sublinear_tf': True}",0.5404889683959452,0.5766648421820836,0.6588288035864388,0.6051988162900507,0.6107899807321773,0.5983942822373391,0.03918540629297979,83,0.9679609035310593,0.9563214960721605,0.970018997788782,0.9657347988063809,0.9614471160462235,0.9642966624489212,0.004898228538372566,
tuned_svc_linear,Tuned SVC Linear Kernel,0.19799456596374512,0.0047460323369656636,0.033523035049438474,0.0034666411563358873,1.0,,0.95,1,"(1, 2)",True,"{'classifier__C': 1, 'classifier__class_weight': None, 'tfidf__max_df': 0.95, 'tfidf__min_df': 1, 'tfidf__ngram_range': (1, 2), 'tfidf__sublinear_tf': True}",0.5584973166368515,0.5460223537146615,0.6022485933709776,0.6141554503761388,0.5720687984496124,0.5785985025096484,0.025812878639341844,87,0.9972100719371079,1.0,0.997181462116527,1.0,0.997181462116527,0.9983145992340324,0.0013761636158274586,
tuned_svc_linear,Tuned SVC Linear Kernel,0.0872736930847168,0.0056115595434970455,0.021083688735961913,0.0028388762242581725,1.0,,0.95,2,"(1, 1)",True,"{'classifier__C': 1, 'classifier__class_weight': None, 'tfidf__max_df': 0.95, 'tfidf__min_df': 2, 'tfidf__ngram_range': (1, 1), 'tfidf__sublinear_tf': True}",0.6336174242424243,0.6427473262032085,0.6726280932985634,0.6137310606060606,0.6038176696195228,0.633308314793956,0.024034152787349543,77,0.9157358237197095,0.8912824848042531,0.9014505398625805,0.9147041910027506,0.8971063126836695,0.9040558704145927,0.009675241810404639,
tuned_svc_linear,Tuned SVC Linear Kernel,0.12494120597839356,0.005547834994709287,0.029027414321899415,0.0022519205271944983,1.0,,0.95,2,"(1, 2)",True,"{'classifier__C': 1, 'classifier__class_weight': None, 'tfidf__max_df': 0.95, 'tfidf__min_df': 2, 'tfidf__ngram_range': (1, 2), 'tfidf__sublinear_tf': True}",0.5963692756796205,0.5318181818181819,0.6661706349206349,0.6046011586452763,0.6461222393425783,0.6090162980812583,0.04643804234218236,79,0.9282053913055407,0.9263290082133772,0.9252520078985023,0.927969990959172,0.9078111776471277,0.9231135152047439,0.007727698751844196,
tuned_svc_linear,Tuned SVC Linear Kernel,0.07772517204284668,0.0016885288412555482,0.018890762329101564,0.0021014440055736276,1.0,,0.95,3,"(1, 1)",True,"{'classifier__C': 1, 'classifier__class_weight': None, 'tfidf__max_df': 0.95, 'tfidf__min_df': 3, 'tfidf__ngram_range': (1, 1), 'tfidf__sublinear_tf': True}",0.6466688948306595,0.6291107024559618,0.6747643826984812,0.622860962566845,0.6310253411306043,0.6408860567365104,0.018665363039207062,73,0.9004848219124165,0.8484023298122318,0.8744671790725193,0.8724293097480337,0.8683517704458722,0.8728270821982147,0.016639685400721933,
tuned_svc_linear,Tuned SVC Linear Kernel,0.11330089569091797,0.0145897149442591,0.02475423812866211,0.002741111306333241,1.0,,0.95,3,"(1, 2)",True,"{'classifier__C': 1, 'classifier__class_weight': None, 'tfidf__max_df': 0.95, 'tfidf__min_df': 3, 'tfidf__ngram_range': (1, 2), 'tfidf__sublinear_tf': True}",0.6191205984309432,0.6472781412690239,0.6846625982042648,0.5995033344681874,0.6377596186584951,0.6376648582061828,0.028640541965312395,75,0.9002240582787696,0.8616429936825675,0.8813740247359574,0.9039051887444786,0.8693576388888888,0.8833007808661325,0.01660194136523592,
tuned_svc_linear,Tuned SVC Linear Kernel,0.12702498435974122,0.0045667266140090555,0.025957679748535155,0.005508029227246997,1.0,balanced,0.9,1,"(1, 1)",True,"{'classifier__C': 1, 'classifier__class_weight': 'balanced', 'tfidf__max_df': 0.9, 'tfidf__min_df': 1, 'tfidf__ngram_range': (1, 1), 'tfidf__sublinear_tf': True}",0.6593169279907085,0.6986279375273683,0.6863523573200992,0.7101322479250256,0.6845252525252525,0.6877909446576909,0.016971023245071576,19,0.9727786190629635,0.9674215746136454,0.9798536258532305,0.9759527724388164,0.9723871056192129,0.9736787395175737,0.004121434084886751,
tuned_svc_linear,Tuned SVC Linear Kernel,0.21530790328979493,0.022281687267188547,0.03407888412475586,0.005031107663995151,1.0,balanced,0.9,1,"(1, 2)",True,"{'classifier__C': 1, 'classifier__class_weight': 'balanced', 'tfidf__max_df': 0.9, 'tfidf__min_df': 1, 'tfidf__ngram_range': (1, 2), 'tfidf__sublinear_tf': True}",0.6530257936507936,0.6079760212017437,0.6467702398086262,0.6420930985808484,0.7200332342696449,0.6539796775023314,0.03653377998333489,55,0.9964440920004657,0.9976310272536688,0.9988170886796851,0.9964495742311854,0.9976336209779918,0.9973950806285995,0.0008869093441736743,
tuned_svc_linear,Tuned SVC Linear Kernel,0.0977330207824707,0.012048710519152649,0.022005367279052734,0.001351782340310385,1.0,balanced,0.9,2,"(1, 1)",True,"{'classifier__C': 1, 'classifier__class_weight': 'balanced', 'tfidf__max_df': 0.9, 'tfidf__min_df': 2, 'tfidf__ngram_range': (1, 1), 'tfidf__sublinear_tf': True}",0.6683209263854426,0.6442409277964832,0.6763086733363628,0.732872407291012,0.7159398866715939,0.6875365642961789,0.032347815374920555,21,0.9534407340232582,0.9393590599084166,0.9478861894539466,0.9553619101779048,0.9354619076954669,0.9463019602517987,0.007762282787823933,
tuned_svc_linear,Tuned SVC Linear Kernel,0.130325984954834,0.010474864299147511,0.026908111572265626,0.0013601118275616063,1.0,balanced,0.9,2,"(1, 2)",True,"{'classifier__C': 1, 'classifier__class_weight': 'balanced', 'tfidf__max_df': 0.9, 'tfidf__min_df': 2, 'tfidf__ngram_range': (1, 2), 'tfidf__sublinear_tf': True}",0.7061909416748127,0.6320797558322508,0.6818849206349206,0.7268455228981545,0.7358990602893042,0.6965800402658886,0.037230598795739075,1,0.9637371237599678,0.9547509225660962,0.9672098336322658,0.9719885352729319,0.9545621187136705,0.9624497067889864,0.006881726862116804,
tuned_svc_linear,Tuned SVC Linear Kernel,0.08650588989257812,0.007177836255264647,0.02047100067138672,0.0017461627092871346,1.0,balanced,0.9,3,"(1, 1)",True,"{'classifier__C': 1, 'classifier__class_weight': 'balanced', 'tfidf__max_df': 0.9, 'tfidf__min_df': 3, 'tfidf__ngram_range': (1, 1), 'tfidf__sublinear_tf': True}",0.68247172168318,0.65524436027775,0.6859730282059112,0.7297474736213615,0.6941867989646248,0.6895246765505655,0.02398794385391057,15,0.9416855028903667,0.9163398692810457,0.9313007224214768,0.9303323250755017,0.9144175585543662,0.9268151956445514,0.010169071298082333,
tuned_svc_linear,Tuned SVC Linear Kernel,0.10262155532836914,0.004386383000042068,0.02519369125366211,0.0018662625251626114,1.0,balanced,0.9,3,"(1, 2)",True,"{'classifier__C': 1, 'classifier__class_weight': 'balanced', 'tfidf__max_df': 0.9, 'tfidf__min_df': 3, 'tfidf__ngram_range': (1, 2), 'tfidf__sublinear_tf': True}",0.6789381622820375,0.6778678751007275,0.684083230958231,0.7233552631578948,0.6978334016533442,0.692415586630447,0.017025400624436283,9,0.9481567187588386,0.9257518771007804,0.9399501067597823,0.9488468407108076,0.9262451209467315,0.9377901328553883,0.010125110179605396,
tuned_svc_linear,Tuned SVC Linear Kernel,0.13051910400390626,0.005160419497380619,0.023910379409790038,0.002645966553390062,1.0,balanced,0.95,1,"(1, 1)",True,"{'classifier__C': 1, 'classifier__class_weight': 'balanced', 'tfidf__max_df': 0.95, 'tfidf__min_df': 1, 'tfidf__ngram_range': (1, 1), 'tfidf__sublinear_tf': True}",0.6593169279907085,0.6986279375273683,0.6863523573200992,0.7101322479250256,0.6845252525252525,0.6877909446576909,0.016971023245071576,19,0.9727786190629635,0.9674215746136454,0.9798536258532305,0.9759527724388164,0.9723871056192129,0.9736787395175737,0.004121434084886751,
tuned_svc_linear,Tuned SVC Linear Kernel,0.2018899917602539,0.00479289628141109,0.035954618453979494,0.002276766966032909,1.0,balanced,0.95,1,"(1, 2)",True,"{'classifier__C': 1, 'classifier__class_weight': 'balanced', 'tfidf__max_df': 0.95, 'tfidf__min_df': 1, 'tfidf__ngram_range': (1, 2), 'tfidf__sublinear_tf': True}",0.6530257936507936,0.6079760212017437,0.6467702398086262,0.6420930985808484,0.7200332342696449,0.6539796775023314,0.03653377998333489,55,0.9964440920004657,0.9976310272536688,0.9988170886796851,0.9964495742311854,0.9976336209779918,0.9973950806285995,0.0008869093441736743,
tuned_svc_linear,Tuned SVC Linear Kernel,0.1152885913848877,0.029332827157075376,0.024713420867919923,0.006056943405829907,1.0,balanced,0.95,2,"(1, 1)",True,"{'classifier__C': 1, 'classifier__class_weight': 'balanced', 'tfidf__max_df': 0.95, 'tfidf__min_df': 2, 'tfidf__ngram_range': (1, 1), 'tfidf__sublinear_tf': True}",0.6683209263854426,0.6442409277964832,0.6763086733363628,0.732872407291012,0.7159398866715939,0.6875365642961789,0.032347815374920555,21,0.9534407340232582,0.9393590599084166,0.9478861894539466,0.9553619101779048,0.9354619076954669,0.9463019602517987,0.007762282787823933,
tuned_svc_linear,Tuned SVC Linear Kernel,0.13082304000854492,0.015318395140087492,0.026056814193725585,0.002504863587132498,1.0,balanced,0.95,2,"(1, 2)",True,"{'classifier__C': 1, 'classifier__class_weight': 'balanced', 'tfidf__max_df': 0.95, 'tfidf__min_df': 2, 'tfidf__ngram_range': (1, 2), 'tfidf__sublinear_tf': True}",0.7061909416748127,0.6320797558322508,0.6818849206349206,0.7268455228981545,0.7358990602893042,0.6965800402658886,0.037230598795739075,1,0.9637371237599678,0.9547509225660962,0.9672098336322658,0.9719885352729319,0.9545621187136705,0.9624497067889864,0.006881726862116804,
tuned_svc_linear,Tuned SVC Linear Kernel,0.0831827163696289,0.005700044908402336,0.021452903747558594,0.0028332411673538073,1.0,balanced,0.95,3,"(1, 1)",True,"{'classifier__C': 1, 'classifier__class_weight': 'balanced', 'tfidf__max_df': 0.95, 'tfidf__min_df': 3, 'tfidf__ngram_range': (1, 1), 'tfidf__sublinear_tf': True}",0.68247172168318,0.65524436027775,0.6859730282059112,0.7297474736213615,0.6941867989646248,0.6895246765505655,0.02398794385391057,15,0.9416855028903667,0.9163398692810457,0.9313007224214768,0.9303323250755017,0.9144175585543662,0.9268151956445514,0.010169071298082333,
tuned_svc_linear,Tuned SVC Linear Kernel,0.10550985336303711,0.0034750261612663375,0.02633070945739746,0.004070006638194554,1.0,balanced,0.95,3,"(1, 2)",True,"{'classifier__C': 1, 'classifier__class_weight': 'balanced', 'tfidf__max_df': 0.95, 'tfidf__min_df': 3, 'tfidf__ngram_range': (1, 2), 'tfidf__sublinear_tf': True}",0.6789381622820375,0.6778678751007275,0.684083230958231,0.7233552631578948,0.6978334016533442,0.692415586630447,0.017025400624436283,9,0.9481567187588386,0.9257518771007804,0.9399501067597823,0.9488468407108076,0.9262451209467315,0.9377901328553883,0.010125110179605396,
tuned_svc_linear,Tuned SVC Linear Kernel,0.1270972728729248,0.002333093919285624,0.026340150833129884,0.002185581107298357,2.0,,0.9,1,"(1, 1)",True,"{'classifier__C': 2, 'classifier__class_weight': None, 'tfidf__max_df': 0.9, 'tfidf__min_df': 1, 'tfidf__ngram_range': (1, 1), 'tfidf__sublinear_tf': True}",0.6621385582530777,0.6969955589271885,0.6746912774077459,0.7135446051096309,0.6721559657287921,0.683905193085287,0.018689994117333675,23,1.0,1.0,1.0,1.0,1.0,1.0,0.0,
tuned_svc_linear,Tuned SVC Linear Kernel,0.20334148406982422,0.014639366380139214,0.033488893508911134,0.0033119149003166056,2.0,,0.9,1,"(1, 2)",True,"{'classifier__C': 2, 'classifier__class_weight': None, 'tfidf__max_df': 0.9, 'tfidf__min_df': 1, 'tfidf__ngram_range': (1, 2), 'tfidf__sublinear_tf': True}",0.6710083776677062,0.5758570527426975,0.6561189993238675,0.6215435932827238,0.7382680976430976,0.6525592241320186,0.053933749576595434,59,1.0,1.0,1.0,1.0,1.0,1.0,0.0,
tuned_svc_linear,Tuned SVC Linear Kernel,0.1008826732635498,0.0020067152817358595,0.020837116241455077,0.002117574932969236,2.0,,0.9,2,"(1, 1)",True,"{'classifier__C': 2, 'classifier__class_weight': None, 'tfidf__max_df': 0.9, 'tfidf__min_df': 2, 'tfidf__ngram_range': (1, 1), 'tfidf__sublinear_tf': True}",0.6768800206792333,0.6991136435580881,0.6583982473222979,0.7303095238095237,0.7108774321276146,0.6951157734993515,0.025233835689780725,5,0.9822294005222214,0.9788192131378226,0.9792963655729613,0.9872454113617546,0.9772901454091557,0.9809761072007831,0.0035195157927403868,
tuned_svc_linear,Tuned SVC Linear Kernel,0.14310054779052733,0.01142808635208683,0.02584362030029297,0.0034221186255765355,2.0,,0.9,2,"(1, 2)",True,"{'classifier__C': 2, 'classifier__class_weight': None, 'tfidf__max_df': 0.9, 'tfidf__min_df': 2, 'tfidf__ngram_range': (1, 2), 'tfidf__sublinear_tf': True}",0.6812470061054953,0.6407716049382716,0.6811387350097977,0.690717299578059,0.7517575757575757,0.6891264442778399,0.035747080954495365,17,0.9880030433225921,0.9890994142245587,0.9948175527229243,0.9936346819429526,0.9832586850627462,0.9897626754551547,0.004156496846149729,
tuned_svc_linear,Tuned SVC Linear Kernel,0.07763442993164063,0.004734069717879753,0.02058725357055664,0.002167029966899212,2.0,,0.9,3,"(1, 1)",True,"{'classifier__C': 2, 'classifier__class_weight': None, 'tfidf__max_df': 0.9, 'tfidf__min_df': 3, 'tfidf__ngram_range': (1, 1), 'tfidf__sublinear_tf': True}",0.6729166666666666,0.6831264518002323,0.6743717246221026,0.6727494855967078,0.6869729938142256,0.678027464499987,0.005888359976279522,35,0.964957633563135,0.9637702855916547,0.9620815915715033,0.9695697227669106,0.952814311370162,0.9626387089726732,0.005505015843168773,
tuned_svc_linear,Tuned SVC Linear Kernel,0.1103170394897461,0.0032803326264865605,0.023597240447998047,0.002318576976589757,2.0,,0.9,3,"(1, 2)",True,"{'classifier__C': 2, 'classifier__class_weight': None, 'tfidf__max_df': 0.9, 'tfidf__min_df': 3, 'tfidf__ngram_range': (1, 2), 'tfidf__sublinear_tf': True}",0.6527428866088428,0.7047403637734426,0.667277140519602,0.680851881751432,0.7094164243179616,0.6830057393942562,0.02162307267277476,25,0.9688634342220287,0.9731947003597438,0.9745806114318648,0.978546682760722,0.9632565090016062,0.971688387555193,0.0052296670567277825,
tuned_svc_linear,Tuned SVC Linear Kernel,0.12824487686157227,0.01107927893212538,0.02611432075500488,0.0018769475987446657,2.0,,0.95,1,"(1, 1)",True,"{'classifier__C': 2, 'classifier__class_weight': None, 'tfidf__max_df': 0.95, 'tfidf__min_df': 1, 'tfidf__ngram_range': (1, 1), 'tfidf__sublinear_tf': True}",0.6621385582530777,0.6969955589271885,0.6746912774077459,0.7135446051096309,0.6721559657287921,0.683905193085287,0.018689994117333675,23,1.0,1.0,1.0,1.0,1.0,1.0,0.0,
tuned_svc_linear,Tuned SVC Linear Kernel,0.21191635131835937,0.00922440195193641,0.03831114768981934,0.00446986994052531,2.0,,0.95,1,"(1, 2)",True,"{'classifier__C': 2, 'classifier__class_weight': None, 'tfidf__max_df': 0.95, 'tfidf__min_df': 1, 'tfidf__ngram_range': (1, 2), 'tfidf__sublinear_tf': True}",0.6710083776677062,0.5758570527426975,0.6561189993238675,0.6215435932827238,0.7382680976430976,0.6525592241320186,0.053933749576595434,59,1.0,1.0,1.0,1.0,1.0,1.0,0.0,
tuned_svc_linear,Tuned SVC Linear Kernel,0.10678033828735352,0.010121720274154684,0.021572208404541014,0.0022829825319971905,2.0,,0.95,2,"(1, 1)",True,"{'classifier__C': 2, 'classifier__class_weight': None, 'tfidf__max_df': 0.95, 'tfidf__min_df': 2, 'tfidf__ngram_range': (1, 1), 'tfidf__sublinear_tf': True}",0.6768800206792333,0.6991136435580881,0.6583982473222979,0.7303095238095237,0.7108774321276146,0.6951157734993515,0.025233835689780725,5,0.9822294005222214,0.9788192131378226,0.9792963655729613,0.9872454113617546,0.9772901454091557,0.9809761072007831,0.0035195157927403868,
tuned_svc_linear,Tuned SVC Linear Kernel,0.1307581901550293,0.008764588966514867,0.025153446197509765,0.001436005971051357,2.0,,0.95,2,"(1, 2)",True,"{'classifier__C': 2, 'classifier__class_weight': None, 'tfidf__max_df': 0.95, 'tfidf__min_df': 2, 'tfidf__ngram_range': (1, 2), 'tfidf__sublinear_tf': True}",0.6812470061054953,0.6407716049382716,0.6811387350097977,0.690717299578059,0.7517575757575757,0.6891264442778399,0.035747080954495365,17,0.9880030433225921,0.9890994142245587,0.9948175527229243,0.9936346819429526,0.9832586850627462,0.9897626754551547,0.004156496846149729,
tuned_svc_linear,Tuned SVC Linear Kernel,0.08169198036193848,0.004206200251929485,0.0194826602935791,0.002528882379010084,2.0,,0.95,3,"(1, 1)",True,"{'classifier__C': 2, 'classifier__class_weight': None, 'tfidf__max_df': 0.95, 'tfidf__min_df': 3, 'tfidf__ngram_range': (1, 1), 'tfidf__sublinear_tf': True}",0.6729166666666666,0.6831264518002323,0.6743717246221026,0.6727494855967078,0.6869729938142256,0.678027464499987,0.005888359976279522,35,0.964957633563135,0.9637702855916547,0.9620815915715033,0.9695697227669106,0.952814311370162,0.9626387089726732,0.005505015843168773,
tuned_svc_linear,Tuned SVC Linear Kernel,0.10381278991699219,0.0037368781387002122,0.023869752883911133,0.0020962555844664076,2.0,,0.95,3,"(1, 2)",True,"{'classifier__C': 2, 'classifier__class_weight': None, 'tfidf__max_df': 0.95, 'tfidf__min_df': 3, 'tfidf__ngram_range': (1, 2), 'tfidf__sublinear_tf': True}",0.6527428866088428,0.7047403637734426,0.667277140519602,0.680851881751432,0.7094164243179616,0.6830057393942562,0.02162307267277476,25,0.9688634342220287,0.9731947003597438,0.9745806114318648,0.978546682760722,0.9632565090016062,0.971688387555193,0.0052296670567277825,
tuned_svc_linear,Tuned SVC Linear Kernel,0.12791271209716798,0.0027257707343219255,0.024032449722290038,0.0017623827351480761,2.0,balanced,0.9,1,"(1, 1)",True,"{'classifier__C': 2, 'classifier__class_weight': 'balanced', 'tfidf__max_df': 0.9, 'tfidf__min_df': 1, 'tfidf__ngram_range': (1, 1), 'tfidf__sublinear_tf': True}",0.671356742931385,0.701569264069264,0.67543016779658,0.7149321266968326,0.6904042954118692,0.6907385193811862,0.016203371610203052,13,0.9972378633109645,0.9972378633109645,0.9972100719371079,1.0,1.0,0.9983371597118074,0.0013577413342579065,
tuned_svc_linear,Tuned SVC Linear Kernel,0.2067549228668213,0.009599925126701327,0.033078908920288086,0.0015359124940613022,2.0,balanced,0.9,1,"(1, 2)",True,"{'classifier__C': 2, 'classifier__class_weight': 'balanced', 'tfidf__max_df': 0.9, 'tfidf__min_df': 1, 'tfidf__ngram_range': (1, 2), 'tfidf__sublinear_tf': True}",0.6665595494957842,0.5758570527426975,0.6515178755299571,0.6220594558073828,0.7382680976430976,0.6508524062437838,0.05355744083302659,67,1.0,1.0,1.0,1.0,1.0,1.0,0.0,
tuned_svc_linear,Tuned SVC Linear Kernel,0.10226945877075196,0.005479709812740763,0.021381568908691407,0.001480527832374896,2.0,balanced,0.9,2,"(1, 1)",True,"{'classifier__C': 2, 'classifier__class_weight': 'balanced', 'tfidf__max_df': 0.9, 'tfidf__min_df': 2, 'tfidf__ngram_range': (1, 1), 'tfidf__sublinear_tf': True}",0.6542144257284295,0.6709165616505158,0.6912400261237471,0.7478161136249372,0.7017852760736196,0.6931944806402499,0.03186501154555149,7,0.9766171038985947,0.9766137294350984,0.9814592654581441,0.9834154929808,0.9775786070454499,0.9791368397636175,0.002787248759003536,
tuned_svc_linear,Tuned SVC Linear Kernel,0.1381129264831543,0.01029869109873685,0.02637906074523926,0.002502408807021732,2.0,balanced,0.9,2,"(1, 2)",True,"{'classifier__C': 2, 'classifier__class_weight': 'balanced', 'tfidf__max_df': 0.9, 'tfidf__min_df': 2, 'tfidf__ngram_range': (1, 2), 'tfidf__sublinear_tf': True}",0.7219911745682758,0.6132478632478633,0.7053011936732867,0.6811342709947805,0.7560511508951406,0.6955451306758694,0.0478248169644345,3,0.9869762048703273,0.988156384625991,0.9896603112166114,0.9940796527287467,0.9829734313882831,0.9883691969659919,0.0036159724353694855,
tuned_svc_linear,Tuned SVC Linear Kernel,0.08300600051879883,0.004227730208230733,0.02042984962463379,0.0037308246594716142,2.0,balanced,0.9,3,"(1, 1)",True,"{'classifier__C': 2, 'classifier__class_weight': 'balanced', 'tfidf__max_df': 0.9, 'tfidf__min_df': 3, 'tfidf__ngram_range': (1, 1), 'tfidf__sublinear_tf': True}",0.666355056980057,0.636611882013952,0.6811473127262602,0.707211843617587,0.6924955965432645,0.6767643383762242,0.024142520225538706,37,0.9680882535178235,0.9677642825334782,0.9546975507386065,0.9713685228500019,0.9637564248956675,0.9651350069071155,0.0057503470591799225,
tuned_svc_linear,Tuned SVC Linear Kernel,0.11074895858764648,0.0030277881197339237,0.023636627197265624,0.0032373141329513438,2.0,balanced,0.9,3,"(1, 2)",True,"{'classifier__C': 2, 'classifier__class_weight': 'balanced', 'tfidf__max_df': 0.9, 'tfidf__min_df': 3, 'tfidf__ngram_range': (1, 2), 'tfidf__sublinear_tf': True}",0.6729129923574368,0.6719047251615717,0.6719116599631306,0.7263647980559745,0.7154759495378803,0.6917140250151987,0.024096995583223542,11,0.9716507600328864,0.9779018289678459,0.9777739298970539,0.9806060606060606,0.96794730691329,0.9751759772834273,0.004655024426626554,
tuned_svc_linear,Tuned SVC Linear Kernel,0.13187770843505858,0.004479882643284309,0.026059770584106447,0.003270867830704799,2.0,balanced,0.95,1,"(1, 1)",True,"{'classifier__C': 2, 'classifier__class_weight': 'balanced', 'tfidf__max_df': 0.95, 'tfidf__min_df': 1, 'tfidf__ngram_range': (1, 1), 'tfidf__sublinear_tf': True}",0.671356742931385,0.701569264069264,0.67543016779658,0.7149321266968326,0.6904042954118692,0.6907385193811862,0.016203371610203052,13,0.9972378633109645,0.9972378633109645,0.9972100719371079,1.0,1.0,0.9983371597118074,0.0013577413342579065,
tuned_svc_linear,Tuned SVC Linear Kernel,0.21478018760681153,0.012086309391581002,0.03271250724792481,0.0032894658807309848,2.0,balanced,0.95,1,"(1, 2)",True,"{'classifier__C': 2, 'classifier__class_weight': 'balanced', 'tfidf__max_df': 0.95, 'tfidf__min_df': 1, 'tfidf__ngram_range': (1, 2), 'tfidf__sublinear_tf': True}",0.6665595494957842,0.5758570527426975,0.6515178755299571,0.6220594558073828,0.7382680976430976,0.6508524062437838,0.05355744083302659,67,1.0,1.0,1.0,1.0,1.0,1.0,0.0,
tuned_svc_linear,Tuned SVC Linear Kernel,0.10524954795837402,0.008122005134738137,0.02076301574707031,0.0011749649061010602,2.0,balanced,0.95,2,"(1, 1)",True,"{'classifier__C': 2, 'classifier__class_weight': 'balanced', 'tfidf__max_df': 0.95, 'tfidf__min_df': 2, 'tfidf__ngram_range': (1, 1), 'tfidf__sublinear_tf': True}",0.6542144257284295,0.6709165616505158,0.6912400261237471,0.7478161136249372,0.7017852760736196,0.6931944806402499,0.03186501154555149,7,0.9766171038985947,0.9766137294350984,0.9814592654581441,0.9834154929808,0.9775786070454499,0.9791368397636175,0.002787248759003536,
tuned_svc_linear,Tuned SVC Linear Kernel,0.13857264518737794,0.006226738779619308,0.028745126724243165,0.0041921981183547724,2.0,balanced,0.95,2,"(1, 2)",True,"{'classifier__C': 2, 'classifier__class_weight': 'balanced', 'tfidf__max_df': 0.95, 'tfidf__min_df': 2, 'tfidf__ngram_range': (1, 2), 'tfidf__sublinear_tf': True}",0.7219911745682758,0.6132478632478633,0.7053011936732867,0.6811342709947805,0.7560511508951406,0.6955451306758694,0.0478248169644345,3,0.9869762048703273,0.988156384625991,0.9896603112166114,0.9940796527287467,0.9829734313882831,0.9883691969659919,0.0036159724353694855,
tuned_svc_linear,Tuned SVC Linear Kernel,0.09238877296447753,0.012164002493879564,0.020755720138549805,0.0020209163644792027,2.0,balanced,0.95,3,"(1, 1)",True,"{'classifier__C': 2, 'classifier__class_weight': 'balanced', 'tfidf__max_df': 0.95, 'tfidf__min_df': 3, 'tfidf__ngram_range': (1, 1), 'tfidf__sublinear_tf': True}",0.666355056980057,0.636611882013952,0.6811473127262602,0.707211843617587,0.6924955965432645,0.6767643383762242,0.024142520225538706,37,0.9680882535178235,0.9677642825334782,0.9546975507386065,0.9713685228500019,0.9637564248956675,0.9651350069071155,0.0057503470591799225,
tuned_svc_linear,Tuned SVC Linear Kernel,0.11354107856750488,0.00994669836835634,0.024038028717041016,0.004720663798877747,2.0,balanced,0.95,3,"(1, 2)",True,"{'classifier__C': 2, 'classifier__class_weight': 'balanced', 'tfidf__max_df': 0.95, 'tfidf__min_df': 3, 'tfidf__ngram_range': (1, 2), 'tfidf__sublinear_tf': True}",0.6729129923574368,0.6719047251615717,0.6719116599631306,0.7263647980559745,0.7154759495378803,0.6917140250151987,0.024096995583223542,11,0.9716507600328864,0.9779018289678459,0.9777739298970539,0.9806060606060606,0.96794730691329,0.9751759772834273,0.004655024426626554,
tuned_svc_linear,Tuned SVC Linear Kernel,0.1327465534210205,0.005669911307114736,0.024573898315429686,0.0016607404973268264,5.0,,0.9,1,"(1, 1)",True,"{'classifier__C': 5, 'classifier__class_weight': None, 'tfidf__max_df': 0.9, 'tfidf__min_df': 1, 'tfidf__ngram_range': (1, 1), 'tfidf__sublinear_tf': True}",0.6299529160017148,0.6969955589271885,0.6747532617041592,0.7151045544800199,0.6629977940322768,0.6759608170290717,0.02919218272199042,43,1.0,1.0,1.0,1.0,1.0,1.0,0.0,
tuned_svc_linear,Tuned SVC Linear Kernel,0.20561718940734863,0.0079682919564245,0.03111410140991211,0.0017931043486614274,5.0,,0.9,1,"(1, 2)",True,"{'classifier__C': 5, 'classifier__class_weight': None, 'tfidf__max_df': 0.9, 'tfidf__min_df': 1, 'tfidf__ngram_range': (1, 2), 'tfidf__sublinear_tf': True}",0.6710083776677062,0.5758570527426975,0.6561189993238675,0.6215435932827238,0.7382680976430976,0.6525592241320186,0.053933749576595434,59,1.0,1.0,1.0,1.0,1.0,1.0,0.0,
tuned_svc_linear,Tuned SVC Linear Kernel,0.11021108627319336,0.012777330901911181,0.021269798278808594,0.0011556710006660788,5.0,,0.9,2,"(1, 1)",True,"{'classifier__C': 5, 'classifier__class_weight': None, 'tfidf__max_df': 0.9, 'tfidf__min_df': 2, 'tfidf__ngram_range': (1, 1), 'tfidf__sublinear_tf': True}",0.6459422273375762,0.657005975331885,0.7086247086247086,0.7027076237602552,0.6606174219514435,0.6749795914011737,0.025586437771454376,47,0.9948425438497517,0.9971327438119282,0.9948175527229243,0.9976324628660583,0.993153832427404,0.9955158271356133,0.0016501201709928578,
tuned_svc_linear,Tuned SVC Linear Kernel,0.1466315746307373,0.010414981172035207,0.027894115447998045,0.004838591269315474,5.0,,0.9,2,"(1, 2)",True,"{'classifier__C': 5, 'classifier__class_weight': None, 'tfidf__max_df': 0.9, 'tfidf__min_df': 2, 'tfidf__ngram_range': (1, 2), 'tfidf__sublinear_tf': True}",0.6360810679782808,0.6078072254542842,0.6912280701754385,0.6809179812275787,0.7502763634764427,0.673262141662405,0.0489476355394646,49,0.9948425438497517,0.9971327438119282,0.9948175527229243,0.9976324628660583,0.993153832427404,0.9955158271356133,0.0016501201709928578,
tuned_svc_linear,Tuned SVC Linear Kernel,0.10125665664672852,0.010819030914725266,0.018323564529418947,0.001130967641188176,5.0,,0.9,3,"(1, 1)",True,"{'classifier__C': 5, 'classifier__class_weight': None, 'tfidf__max_df': 0.9, 'tfidf__min_df': 3, 'tfidf__ngram_range': (1, 1), 'tfidf__sublinear_tf': True}",0.6291423001949318,0.6408861377393537,0.6760458839406208,0.6722255709597481,0.6501744009705793,0.6536948587610467,0.018012444090559084,57,0.9920278483505528,0.9920806229138512,0.9890992942782636,0.9907923011749181,0.990277954750778,0.9908556042936727,0.0011222422107684004,
tuned_svc_linear,Tuned SVC Linear Kernel,0.12822990417480468,0.011896805525220808,0.023235416412353514,0.0032978691843192657,5.0,,0.9,3,"(1, 2)",True,"{'classifier__C': 5, 'classifier__class_weight': None, 'tfidf__max_df': 0.9, 'tfidf__min_df': 3, 'tfidf__ngram_range': (1, 2), 'tfidf__sublinear_tf': True}",0.6200046487185705,0.6679048550016292,0.694896331738437,0.6265932599265933,0.650738508803025,0.652027520837651,0.027436662359237973,65,0.9920278483505528,0.9948425438497517,0.9919733803752572,0.9948175527229243,0.990277954750778,0.9927878560098528,0.0017822456283201572,
tuned_svc_linear,Tuned SVC Linear Kernel,0.13205399513244628,0.0033568661707371163,0.0253542423248291,0.0008417107122621843,5.0,,0.95,1,"(1, 1)",True,"{'classifier__C': 5, 'classifier__class_weight': None, 'tfidf__max_df': 0.95, 'tfidf__min_df': 1, 'tfidf__ngram_range': (1, 1), 'tfidf__sublinear_tf': True}",0.6299529160017148,0.6969955589271885,0.6747532617041592,0.7151045544800199,0.6629977940322768,0.6759608170290717,0.02919218272199042,43,1.0,1.0,1.0,1.0,1.0,1.0,0.0,
tuned_svc_linear,Tuned SVC Linear Kernel,0.22131752967834473,0.012262093518559345,0.03639631271362305,0.004560512447204893,5.0,,0.95,1,"(1, 2)",True,"{'classifier__C': 5, 'classifier__class_weight': None, 'tfidf__max_df': 0.95, 'tfidf__min_df': 1, 'tfidf__ngram_range': (1, 2), 'tfidf__sublinear_tf': True}",0.6710083776677062,0.5758570527426975,0.6561189993238675,0.6215435932827238,0.7382680976430976,0.6525592241320186,0.053933749576595434,59,1.0,1.0,1.0,1.0,1.0,1.0,0.0,
tuned_svc_linear,Tuned SVC Linear Kernel,0.12162318229675292,0.006622702698709333,0.025153970718383788,0.0017133223888039129,5.0,,0.95,2,"(1, 1)",True,"{'classifier__C': 5, 'classifier__class_weight': None, 'tfidf__max_df': 0.95, 'tfidf__min_df': 2, 'tfidf__ngram_range': (1, 1), 'tfidf__sublinear_tf': True}",0.6459422273375762,0.657005975331885,0.7086247086247086,0.7027076237602552,0.6606174219514435,0.6749795914011737,0.025586437771454376,47,0.9948425438497517,0.9971327438119282,0.9948175527229243,0.9976324628660583,0.993153832427404,0.9955158271356133,0.0016501201709928578,
tuned_svc_linear,Tuned SVC Linear Kernel,0.16430330276489258,0.009585194575940549,0.03041214942932129,0.004744055646185648,5.0,,0.95,2,"(1, 2)",True,"{'classifier__C': 5, 'classifier__class_weight': None, 'tfidf__max_df': 0.95, 'tfidf__min_df': 2, 'tfidf__ngram_range': (1, 2), 'tfidf__sublinear_tf': True}",0.6360810679782808,0.6078072254542842,0.6912280701754385,0.6809179812275787,0.7502763634764427,0.673262141662405,0.0489476355394646,49,0.9948425438497517,0.9971327438119282,0.9948175527229243,0.9976324628660583,0.993153832427404,0.9955158271356133,0.0016501201709928578,
tuned_svc_linear,Tuned SVC Linear Kernel,0.10032491683959961,0.015305423783367906,0.021985912322998048,0.002086592551469011,5.0,,0.95,3,"(1, 1)",True,"{'classifier__C': 5, 'classifier__class_weight': None, 'tfidf__max_df': 0.95, 'tfidf__min_df': 3, 'tfidf__ngram_range': (1, 1), 'tfidf__sublinear_tf': True}",0.6291423001949318,0.6408861377393537,0.6760458839406208,0.6722255709597481,0.6501744009705793,0.6536948587610467,0.018012444090559084,57,0.9920278483505528,0.9920806229138512,0.9890992942782636,0.9907923011749181,0.990277954750778,0.9908556042936727,0.0011222422107684004,
tuned_svc_linear,Tuned SVC Linear Kernel,0.12212934494018554,0.008736843842374732,0.022443199157714845,0.00280971315483012,5.0,,0.95,3,"(1, 2)",True,"{'classifier__C': 5, 'classifier__class_weight': None, 'tfidf__max_df': 0.95, 'tfidf__min_df': 3, 'tfidf__ngram_range': (1, 2), 'tfidf__sublinear_tf': True}",0.6200046487185705,0.6679048550016292,0.694896331738437,0.6265932599265933,0.650738508803025,0.652027520837651,0.027436662359237973,65,0.9920278483505528,0.9948425438497517,0.9919733803752572,0.9948175527229243,0.990277954750778,0.9927878560098528,0.0017822456283201572,
tuned_svc_linear,Tuned SVC Linear Kernel,0.13620200157165527,0.005258794900548959,0.024596452713012695,0.002224276256165614,5.0,balanced,0.9,1,"(1, 1)",True,"{'classifier__C': 5, 'classifier__class_weight': 'balanced', 'tfidf__max_df': 0.9, 'tfidf__min_df': 1, 'tfidf__ngram_range': (1, 1), 'tfidf__sublinear_tf': True}",0.6299529160017148,0.6969955589271885,0.6747532617041592,0.7151045544800199,0.6629977940322768,0.6759608170290717,0.02919218272199042,43,1.0,1.0,1.0,1.0,1.0,1.0,0.0,
tuned_svc_linear,Tuned SVC Linear Kernel,0.21585650444030763,0.010685423204074389,0.033735036849975586,0.0032752348699504005,5.0,balanced,0.9,1,"(1, 2)",True,"{'classifier__C': 5, 'classifier__class_weight': 'balanced', 'tfidf__max_df': 0.9, 'tfidf__min_df': 1, 'tfidf__ngram_range': (1, 2), 'tfidf__sublinear_tf': True}",0.6710083776677062,0.5758570527426975,0.6561189993238675,0.6215435932827238,0.7382680976430976,0.6525592241320186,0.053933749576595434,59,1.0,1.0,1.0,1.0,1.0,1.0,0.0,
tuned_svc_linear,Tuned SVC Linear Kernel,0.10871901512145996,0.010868789096111463,0.021743202209472658,0.0016358399595479683,5.0,balanced,0.9,2,"(1, 1)",True,"{'classifier__C': 5, 'classifier__class_weight': 'balanced', 'tfidf__max_df': 0.9, 'tfidf__min_df': 2, 'tfidf__ngram_range': (1, 1), 'tfidf__sublinear_tf': True}",0.6420796531716918,0.6731142884009126,0.6983385720700493,0.6949634987609672,0.6478193036510885,0.6712630632109419,0.023235757546349593,51,0.993239188252708,0.9944268928485038,0.990451681528065,0.9976324628660583,0.9932100918645683,0.9937920634719806,0.0023218177936473383,
tuned_svc_linear,Tuned SVC Linear Kernel,0.13957128524780274,0.005800399527388612,0.026994943618774414,0.002379272232901023,5.0,balanced,0.9,2,"(1, 2)",True,"{'classifier__C': 5, 'classifier__class_weight': 'balanced', 'tfidf__max_df': 0.9, 'tfidf__min_df': 2, 'tfidf__ngram_range': (1, 2), 'tfidf__sublinear_tf': True}",0.6902380385727381,0.603923853923854,0.6915966386554623,0.6809179812275787,0.7235419058105123,0.6780436836380291,0.039760492568192564,33,0.993239188252708,0.9971599834122925,0.990451681528065,0.9976324628660583,0.9932100918645683,0.9943386815847383,0.002698151549322835,
tuned_svc_linear,Tuned SVC Linear Kernel,0.09013886451721191,0.008084081945831304,0.019932079315185546,0.0028116504457746665,5.0,balanced,0.9,3,"(1, 1)",True,"{'classifier__C': 5, 'classifier__class_weight': 'balanced', 'tfidf__max_df': 0.9, 'tfidf__min_df': 3, 'tfidf__ngram_range': (1, 1), 'tfidf__sublinear_tf': True}",0.6478006132967965,0.6133179784652715,0.7027597112556433,0.6440527065527065,0.6391262246525404,0.6494114468445916,0.02927754242792555,69,0.9838797327716616,0.9905327316538259,0.9837426800631373,0.9936346819429526,0.981144999291934,0.9865869651447022,0.004696241955061726,
tuned_svc_linear,Tuned SVC Linear Kernel,0.13416519165039062,0.007413863770171113,0.022965621948242188,0.0019005042440066768,5.0,balanced,0.9,3,"(1, 2)",True,"{'classifier__C': 5, 'classifier__class_weight': 'balanced', 'tfidf__max_df': 0.9, 'tfidf__min_df': 3, 'tfidf__ngram_range': (1, 2), 'tfidf__sublinear_tf': True}",0.656297606762003,0.6338890151464514,0.6961369419384686,0.6506443094678389,0.6494229784552364,0.6572781703539997,0.020802549677181384,53,0.9865593502828381,0.9905327316538259,0.984931087295402,0.9948175527229243,0.9850077022010247,0.9883696848312029,0.003812032615332392,
tuned_svc_linear,Tuned SVC Linear Kernel,0.13900861740112305,0.006465734913677751,0.023571586608886717,0.000847251457624359,5.0,balanced,0.95,1,"(1, 1)",True,"{'classifier__C': 5, 'classifier__class_weight': 'balanced', 'tfidf__max_df': 0.95, 'tfidf__min_df': 1, 'tfidf__ngram_range': (1, 1), 'tfidf__sublinear_tf': True}",0.6299529160017148,0.6969955589271885,0.6747532617041592,0.7151045544800199,0.6629977940322768,0.6759608170290717,0.02919218272199042,43,1.0,1.0,1.0,1.0,1.0,1.0,0.0,
tuned_svc_linear,Tuned SVC Linear Kernel,0.21226234436035157,0.011671968871861267,0.033138370513916014,0.0018039775224797869,5.0,balanced,0.95,1,"(1, 2)",True,"{'classifier__C': 5, 'classifier__class_weight': 'balanced', 'tfidf__max_df': 0.95, 'tfidf__min_df': 1, 'tfidf__ngram_range': (1, 2), 'tfidf__sublinear_tf': True}",0.6710083776677062,0.5758570527426975,0.6561189993238675,0.6215435932827238,0.7382680976430976,0.6525592241320186,0.053933749576595434,59,1.0,1.0,1.0,1.0,1.0,1.0,0.0,
tuned_svc_linear,Tuned SVC Linear Kernel,0.12204098701477051,0.00831171593077838,0.02363409996032715,0.0029855363703227365,5.0,balanced,0.95,2,"(1, 1)",True,"{'classifier__C': 5, 'classifier__class_weight': 'balanced', 'tfidf__max_df': 0.95, 'tfidf__min_df': 2, 'tfidf__ngram_range': (1, 1), 'tfidf__sublinear_tf': True}",0.6420796531716918,0.6731142884009126,0.6983385720700493,0.6949634987609672,0.6478193036510885,0.6712630632109419,0.023235757546349593,51,0.993239188252708,0.9944268928485038,0.990451681528065,0.9976324628660583,0.9932100918645683,0.9937920634719806,0.0023218177936473383,
tuned_svc_linear,Tuned SVC Linear Kernel,0.1495274543762207,0.008387079031765816,0.02642712593078613,0.002098799272381381,5.0,balanced,0.95,2,"(1, 2)",True,"{'classifier__C': 5, 'classifier__class_weight': 'balanced', 'tfidf__max_df': 0.95, 'tfidf__min_df': 2, 'tfidf__ngram_range': (1, 2), 'tfidf__sublinear_tf': True}",0.6902380385727381,0.603923853923854,0.6915966386554623,0.6809179812275787,0.7235419058105123,0.6780436836380291,0.039760492568192564,33,0.993239188252708,0.9971599834122925,0.990451681528065,0.9976324628660583,0.9932100918645683,0.9943386815847383,0.002698151549322835,
tuned_svc_linear,Tuned SVC Linear Kernel,0.09182276725769042,0.009161199020016542,0.02043004035949707,0.0025883150053227126,5.0,balanced,0.95,3,"(1, 1)",True,"{'classifier__C': 5, 'classifier__class_weight': 'balanced', 'tfidf__max_df': 0.95, 'tfidf__min_df': 3, 'tfidf__ngram_range': (1, 1), 'tfidf__sublinear_tf': True}",0.6478006132967965,0.6133179784652715,0.7027597112556433,0.6440527065527065,0.6391262246525404,0.6494114468445916,0.02927754242792555,69,0.9838797327716616,0.9905327316538259,0.9837426800631373,0.9936346819429526,0.981144999291934,0.9865869651447022,0.004696241955061726,
tuned_svc_linear,Tuned SVC Linear Kernel,0.12773032188415528,0.012299215393225026,0.02172064781188965,0.0010582700593635775,5.0,balanced,0.95,3,"(1, 2)",True,"{'classifier__C': 5, 'classifier__class_weight': 'balanced', 'tfidf__max_df': 0.95, 'tfidf__min_df': 3, 'tfidf__ngram_range': (1, 2), 'tfidf__sublinear_tf': True}",0.656297606762003,0.6338890151464514,0.6961369419384686,0.6506443094678389,0.6494229784552364,0.6572781703539997,0.020802549677181384,53,0.9865593502828381,0.9905327316538259,0.984931087295402,0.9948175527229243,0.9850077022010247,0.9883696848312029,0.003812032615332392,
tuned_svc_rbf,Tuned SVC RBF Kernel,0.14520320892333985,0.00815228685573691,0.03181605339050293,0.0037548712117149398,0.5,,0.95,1,"(1, 1)",True,"{'classifier__C': 0.5, 'classifier__class_weight': None, 'classifier__gamma': 'scale', 'tfidf__max_df': 0.95, 'tfidf__min_df': 1, 'tfidf__ngram_range': (1, 1), 'tfidf__sublinear_tf': True}",0.4863327741832415,0.48237853517041335,0.5074955908289241,0.48418280502296307,0.48760249902381886,0.48959844084587223,0.009125924494024646,54,0.5854145854145854,0.5890280010794497,0.5859537110933759,0.5834581147875292,0.5791305144113,0.584596985357248,0.00326565171702966,scale
tuned_svc_rbf,Tuned SVC RBF Kernel,0.22120823860168456,0.016996820368313396,0.03774847984313965,0.003281233189778493,0.5,,0.95,1,"(1, 2)",True,"{'classifier__C': 0.5, 'classifier__class_weight': None, 'classifier__gamma': 'scale', 'tfidf__max_df': 0.95, 'tfidf__min_df': 1, 'tfidf__ngram_range': (1, 2), 'tfidf__sublinear_tf': True}",0.4692611393119008,0.46235294117647063,0.49812054026503566,0.4713978914486529,0.4697469746974698,0.474175897379906,0.012366209898209227,57,0.5658895473992691,0.5637960148598447,0.5500937969471235,0.558443254538331,0.5440489696841772,0.556454316685749,0.008261099564260908,scale
tuned_svc_rbf,Tuned SVC RBF Kernel,0.11850314140319824,0.00946846937994464,0.024192953109741212,0.0018141259161958262,0.5,,0.95,2,"(1, 1)",True,"{'classifier__C': 0.5, 'classifier__class_weight': None, 'classifier__gamma': 'scale', 'tfidf__max_df': 0.95, 'tfidf__min_df': 2, 'tfidf__ngram_range': (1, 1), 'tfidf__sublinear_tf': True}",0.5111829064631425,0.5001627528481748,0.5266010157314506,0.5157314505140592,0.5188957639219419,0.5145147778957537,0.008761649000645992,50,0.5893712962280796,0.5914390201997889,0.5879224571689659,0.5876751652502361,0.574071114358342,0.5860958106410824,0.006159594360512922,scale
tuned_svc_rbf,Tuned SVC RBF Kernel,0.14985928535461426,0.005625345889797019,0.03076658248901367,0.003310675034511125,0.5,,0.95,2,"(1, 2)",True,"{'classifier__C': 0.5, 'classifier__class_weight': None, 'classifier__gamma': 'scale', 'tfidf__max_df': 0.95, 'tfidf__min_df': 2, 'tfidf__ngram_range': (1, 2), 'tfidf__sublinear_tf': True}",0.49069100473768446,0.48693985142583274,0.5125525638611687,0.4928996353866821,0.49200745317250166,0.4950181017167739,0.00899990181026004,53,0.5794681508967223,0.5764891830108351,0.5834361158190079,0.575662638903565,0.5639071528192867,0.5757926482898835,0.006537568063450761,scale
tuned_svc_rbf,Tuned SVC RBF Kernel,0.13155145645141603,0.006897483736263737,0.027102279663085937,0.002407900615211819,0.5,,0.95,1,"(1, 1)",True,"{'classifier__C': 0.5, 'classifier__class_weight': None, 'classifier__gamma': 0.1, 'tfidf__max_df': 0.95, 'tfidf__min_df': 1, 'tfidf__ngram_range': (1, 1), 'tfidf__sublinear_tf': True}",0.3642784330857725,0.3715912171320141,0.36957153231663037,0.3583918030961131,0.36590398290409337,0.3659473937069247,0.004579549913406126,68,0.3531585081585082,0.34733838387391,0.34587535420736754,0.3419248662027498,0.33793331038667485,0.3452460845658421,0.005135899169510681,0.1
tuned_svc_rbf,Tuned SVC RBF Kernel,0.21874675750732422,0.01954147835925284,0.03624458312988281,0.003225160590396972,0.5,,0.95,1,"(1, 2)",True,"{'classifier__C': 0.5, 'classifier__class_weight': None, 'classifier__gamma': 0.1, 'tfidf__max_df': 0.95, 'tfidf__min_df': 1, 'tfidf__ngram_range': (1, 2), 'tfidf__sublinear_tf': True}",0.285178760144364,0.30320117474302494,0.2738961669092673,0.2738961669092673,0.2545454545454546,0.27814354465027563,0.015939443998196398,72,0.2267790381173281,0.2187150517401064,0.22726172670033684,0.224591329068941,0.22726172670033684,0.2249217744654098,0.0032567708652916404,0.1
tuned_svc_rbf,Tuned SVC RBF Kernel,0.10171937942504883,0.006020110175493216,0.026276016235351564,0.004452460387555719,0.5,,0.95,2,"(1, 1)",True,"{'classifier__C': 0.5, 'classifier__class_weight': None, 'classifier__gamma': 0.1, 'tfidf__max_df': 0.95, 'tfidf__min_df': 2, 'tfidf__ngram_range': (1, 1), 'tfidf__sublinear_tf': True}",0.40230543548079095,0.4176895799236225,0.4248983739837398,0.419501833007846,0.44012745400349473,0.4209045352798988,0.012195912239683582,65,0.43532604540937236,0.43473684210526314,0.42538872128103966,0.42674910873440286,0.42784295682846407,0.43000873487170843,0.004178254947499337,0.1
tuned_svc_rbf,Tuned SVC RBF Kernel,0.14490070343017578,0.015784008869674782,0.030192136764526367,0.002867716199924687,0.5,,0.95,2,"(1, 2)",True,"{'classifier__C': 0.5, 'classifier__class_weight': None, 'classifier__gamma': 0.1, 'tfidf__max_df': 0.95, 'tfidf__min_df': 2, 'tfidf__ngram_range': (1, 2), 'tfidf__sublinear_tf': True}",0.4517755552238311,0.4350791052918712,0.44878938640132676,0.4597126379304597,0.44012745400349473,0.4470968277701967,0.008682300796114395,63,0.4429014014618972,0.45378091413897037,0.44445717012646146,0.44815113553298214,0.4362825016298008,0.4451146245780224,0.00579071622899822,0.1
tuned_svc_rbf,Tuned SVC RBF Kernel,0.12620692253112792,0.0030487757932633488,0.02866964340209961,0.0034606143448686353,0.5,,0.95,1,"(1, 1)",True,"{'classifier__C': 0.5, 'classifier__class_weight': None, 'classifier__gamma': 0.01, 'tfidf__max_df': 0.95, 'tfidf__min_df': 1, 'tfidf__ngram_range': (1, 1), 'tfidf__sublinear_tf': True}",0.21468926553672316,0.21468926553672316,0.2127659574468085,0.2127659574468085,0.2127659574468085,0.2135352806827744,0.0009422246876915652,78,0.21324831739284447,0.21324831739284447,0.21372965322009907,0.21372965322009907,0.21372965322009907,0.21353711888919724,0.00023580543433883848,0.01
tuned_svc_rbf,Tuned SVC RBF Kernel,0.2130878448486328,0.013861056577792352,0.0380922794342041,0.003097313078936946,0.5,,0.95,1,"(1, 2)",True,"{'classifier__C': 0.5, 'classifier__class_weight': None, 'classifier__gamma': 0.01, 'tfidf__max_df': 0.95, 'tfidf__min_df': 1, 'tfidf__ngram_range': (1, 2), 'tfidf__sublinear_tf': True}",0.21468926553672316,0.21468926553672316,0.2127659574468085,0.2127659574468085,0.2127659574468085,0.2135352806827744,0.0009422246876915652,78,0.21324831739284447,0.21324831739284447,0.21372965322009907,0.21372965322009907,0.21372965322009907,0.21353711888919724,0.00023580543433883848,0.01
tuned_svc_rbf,Tuned SVC RBF Kernel,0.0982433795928955,0.008520295528617659,0.025913810729980467,0.0033093700765003168,0.5,,0.95,2,"(1, 1)",True,"{'classifier__C': 0.5, 'classifier__class_weight': None, 'classifier__gamma': 0.01, 'tfidf__max_df': 0.95, 'tfidf__min_df': 2, 'tfidf__ngram_range': (1, 1), 'tfidf__sublinear_tf': True}",0.21468926553672316,0.21468926553672316,0.2127659574468085,0.2127659574468085,0.2127659574468085,0.2135352806827744,0.0009422246876915652,78,0.21324831739284447,0.21324831739284447,0.21372965322009907,0.21372965322009907,0.21372965322009907,0.21353711888919724,0.00023580543433883848,0.01
tuned_svc_rbf,Tuned SVC RBF Kernel,0.13718080520629883,0.004275078849551633,0.029436874389648437,0.0025193997376113603,0.5,,0.95,2,"(1, 2)",True,"{'classifier__C': 0.5, 'classifier__class_weight': None, 'classifier__gamma': 0.01, 'tfidf__max_df': 0.95, 'tfidf__min_df': 2, 'tfidf__ngram_range': (1, 2), 'tfidf__sublinear_tf': True}",0.21468926553672316,0.21468926553672316,0.2127659574468085,0.2127659574468085,0.2127659574468085,0.2135352806827744,0.0009422246876915652,78,0.21324831739284447,0.21324831739284447,0.21372965322009907,0.21372965322009907,0.21372965322009907,0.21353711888919724,0.00023580543433883848,0.01
tuned_svc_rbf,Tuned SVC RBF Kernel,0.14063925743103028,0.007270253132446031,0.029031848907470702,0.0046938740108962715,0.5,balanced,0.95,1,"(1, 1)",True,"{'classifier__C': 0.5, 'classifier__class_weight': 'balanced', 'classifier__gamma': 'scale', 'tfidf__max_df': 0.95, 'tfidf__min_df': 1, 'tfidf__ngram_range': (1, 1), 'tfidf__sublinear_tf': True}",0.508058608058608,0.5051282051282051,0.5535146865070139,0.556565927877034,0.468978556147072,0.5184491967435865,0.032909667869838864,48,0.9358350073657427,0.9306536994815046,0.9268752121146265,0.9297466187296696,0.9233544518063548,0.9292929978995798,0.0041464969868839525,scale
tuned_svc_rbf,Tuned SVC RBF Kernel,0.21585512161254883,0.008772293262715702,0.03834309577941895,0.005464146393753775,0.5,balanced,0.95,1,"(1, 2)",True,"{'classifier__C': 0.5, 'classifier__class_weight': 'balanced', 'classifier__gamma': 'scale', 'tfidf__max_df': 0.95, 'tfidf__min_df': 1, 'tfidf__ngram_range': (1, 2), 'tfidf__sublinear_tf': True}",0.4632612514982841,0.4411427801361094,0.4713978914486529,0.5069094672514908,0.4581564584596725,0.46817356975884195,0.021753174398334445,58,0.8760013168001756,0.8921503773255796,0.8651169886624951,0.8882791836090166,0.8637239165329053,0.8770543565860344,0.011620644230052527,scale
tuned_svc_rbf,Tuned SVC RBF Kernel,0.11681790351867676,0.006371089424089682,0.024721145629882812,0.0022788676630185172,0.5,balanced,0.95,2,"(1, 1)",True,"{'classifier__C': 0.5, 'classifier__class_weight': 'balanced', 'classifier__gamma': 'scale', 'tfidf__max_df': 0.95, 'tfidf__min_df': 2, 'tfidf__ngram_range': (1, 1), 'tfidf__sublinear_tf': True}",0.6168168168168168,0.5867465867465868,0.6490577385725742,0.6140132526649381,0.6375839008800052,0.6208436591361842,0.021455769523619647,9,0.9398845895303976,0.9373466248899041,0.9386223887317243,0.9424208906752692,0.9291960746619203,0.9374941136978432,0.004475258996607194,scale
tuned_svc_rbf,Tuned SVC RBF Kernel,0.16489672660827637,0.034488763768618196,0.030721330642700197,0.003424155563032548,0.5,balanced,0.95,2,"(1, 2)",True,"{'classifier__C': 0.5, 'classifier__class_weight': 'balanced', 'classifier__gamma': 'scale', 'tfidf__max_df': 0.95, 'tfidf__min_df': 2, 'tfidf__ngram_range': (1, 2), 'tfidf__sublinear_tf': True}",0.5781085710910272,0.531093456912722,0.5833333333333334,0.5973406465553063,0.599621089536138,0.5778994194857054,0.024779675366043905,17,0.927777140849629,0.929163087647591,0.9215522105617685,0.9283689066558649,0.9103392602933748,0.9234401212016456,0.007085926524374296,scale
tuned_svc_rbf,Tuned SVC RBF Kernel,0.13795146942138672,0.004733855204917822,0.028350257873535158,0.0021083213354237233,0.5,balanced,0.95,1,"(1, 1)",True,"{'classifier__C': 0.5, 'classifier__class_weight': 'balanced', 'classifier__gamma': 0.1, 'tfidf__max_df': 0.95, 'tfidf__min_df': 1, 'tfidf__ngram_range': (1, 1), 'tfidf__sublinear_tf': True}",0.3679008270525022,0.3715912171320141,0.3689922480620155,0.37327188940092165,0.3583918030961131,0.36802959694871334,0.005176815965087154,67,0.34733838387391,0.35889163908742844,0.3555772448410486,0.35172587553539936,0.33592186981463046,0.34989100263048334,0.007979525046365179,0.1
tuned_svc_rbf,Tuned SVC RBF Kernel,0.22288007736206056,0.0072722240326050375,0.03700714111328125,0.0013032412407714747,0.5,balanced,0.95,1,"(1, 2)",True,"{'classifier__C': 0.5, 'classifier__class_weight': 'balanced', 'classifier__gamma': 0.1, 'tfidf__max_df': 0.95, 'tfidf__min_df': 1, 'tfidf__ngram_range': (1, 2), 'tfidf__sublinear_tf': True}",0.2464390122535299,0.25648604269293923,0.2545454545454546,0.2545454545454546,0.24450274862568713,0.2513037425326131,0.004853715016570105,74,0.2187150517401064,0.2159909005754048,0.22190313226677513,0.21647250683402508,0.21919692849144137,0.21845570398155054,0.0021217805528658336,0.1
tuned_svc_rbf,Tuned SVC RBF Kernel,0.11767439842224121,0.006084564968591309,0.02738795280456543,0.00596009079448435,0.5,balanced,0.95,2,"(1, 1)",True,"{'classifier__C': 0.5, 'classifier__class_weight': 'balanced', 'classifier__gamma': 0.1, 'tfidf__max_df': 0.95, 'tfidf__min_df': 2, 'tfidf__ngram_range': (1, 1), 'tfidf__sublinear_tf': True}",0.6059023753012824,0.5478055407879969,0.6539086186145009,0.6302992445224934,0.5138251783893986,0.5903481915231344,0.052045356817754095,14,0.8092624635732534,0.6703215824217573,0.7928455788694219,0.7980522571052239,0.5404904710060253,0.7221944705951364,0.10395571967906317,0.1
tuned_svc_rbf,Tuned SVC RBF Kernel,0.1546401023864746,0.013365718297321584,0.029435348510742188,0.0020163741178596583,0.5,balanced,0.95,2,"(1, 2)",True,"{'classifier__C': 0.5, 'classifier__class_weight': 'balanced', 'classifier__gamma': 0.1, 'tfidf__max_df': 0.95, 'tfidf__min_df': 2, 'tfidf__ngram_range': (1, 2), 'tfidf__sublinear_tf': True}",0.5859649122807017,0.48105132962275815,0.5921258622025886,0.6158026755852842,0.4734785036292574,0.549684656664118,0.060011693264499545,34,0.7579017546061712,0.5725043893652288,0.6744678707477991,0.7963307217252699,0.4877036417659821,0.6577816756420902,0.11462726608564558,0.1
tuned_svc_rbf,Tuned SVC RBF Kernel,0.14047927856445314,0.014617388288706006,0.028734731674194335,0.0033499623565200537,0.5,balanced,0.95,1,"(1, 1)",True,"{'classifier__C': 0.5, 'classifier__class_weight': 'balanced', 'classifier__gamma': 0.01, 'tfidf__max_df': 0.95, 'tfidf__min_df': 1, 'tfidf__ngram_range': (1, 1), 'tfidf__sublinear_tf': True}",0.21468926553672316,0.21468926553672316,0.2127659574468085,0.2127659574468085,0.2127659574468085,0.2135352806827744,0.0009422246876915652,78,0.21324831739284447,0.21324831739284447,0.21372965322009907,0.21372965322009907,0.21372965322009907,0.21353711888919724,0.00023580543433883848,0.01
tuned_svc_rbf,Tuned SVC RBF Kernel,0.21720504760742188,0.010934056401376758,0.03865900039672852,0.004758356058330772,0.5,balanced,0.95,1,"(1, 2)",True,"{'classifier__C': 0.5, 'classifier__class_weight': 'balanced', 'classifier__gamma': 0.01, 'tfidf__max_df': 0.95, 'tfidf__min_df': 1, 'tfidf__ngram_range': (1, 2), 'tfidf__sublinear_tf': True}",0.21468926553672316,0.21468926553672316,0.2127659574468085,0.2127659574468085,0.2127659574468085,0.2135352806827744,0.0009422246876915652,78,0.21324831739284447,0.21324831739284447,0.21372965322009907,0.21372965322009907,0.21372965322009907,0.21353711888919724,0.00023580543433883848,0.01
tuned_svc_rbf,Tuned SVC RBF Kernel,0.11999225616455078,0.011637857952933938,0.02594313621520996,0.0019008769188080224,0.5,balanced,0.95,2,"(1, 1)",True,"{'classifier__C': 0.5, 'classifier__class_weight': 'balanced', 'classifier__gamma': 0.01, 'tfidf__max_df': 0.95, 'tfidf__min_df': 2, 'tfidf__ngram_range': (1, 1), 'tfidf__sublinear_tf': True}",0.21468926553672316,0.21468926553672316,0.2127659574468085,0.2127659574468085,0.2127659574468085,0.2135352806827744,0.0009422246876915652,78,0.21324831739284447,0.21324831739284447,0.21372965322009907,0.21372965322009907,0.21372965322009907,0.21353711888919724,0.00023580543433883848,0.01
tuned_svc_rbf,Tuned SVC RBF Kernel,0.152738618850708,0.012804955669213688,0.030526399612426758,0.003956233458521831,0.5,balanced,0.95,2,"(1, 2)",True,"{'classifier__C': 0.5, 'classifier__class_weight': 'balanced', 'classifier__gamma': 0.01, 'tfidf__max_df': 0.95, 'tfidf__min_df': 2, 'tfidf__ngram_range': (1, 2), 'tfidf__sublinear_tf': True}",0.21468926553672316,0.21468926553672316,0.2127659574468085,0.2127659574468085,0.2127659574468085,0.2135352806827744,0.0009422246876915652,78,0.21324831739284447,0.21324831739284447,0.21372965322009907,0.21372965322009907,0.21372965322009907,0.21353711888919724,0.00023580543433883848,0.01
tuned_svc_rbf,Tuned SVC RBF Kernel,0.1483463764190674,0.01264389765218804,0.027276372909545897,0.0030502721239746415,1.0,,0.95,1,"(1, 1)",True,"{'classifier__C': 1, 'classifier__class_weight': None, 'classifier__gamma': 'scale', 'tfidf__max_df': 0.95, 'tfidf__min_df': 1, 'tfidf__ngram_range': (1, 1), 'tfidf__sublinear_tf': True}",0.5262902908358692,0.5256131448592485,0.5498275603538761,0.544030303030303,0.5577655003069367,0.5407053598772467,0.012813175637637918,37,0.9798515660584627,0.9768490725775418,0.9796326604837243,0.9765950824774355,0.9796326604837243,0.9785122084161777,0.0014660216402249497,scale
tuned_svc_rbf,Tuned SVC RBF Kernel,0.22142353057861328,0.01746723333133325,0.03473658561706543,0.0032473202047407054,1.0,,0.95,1,"(1, 2)",True,"{'classifier__C': 1, 'classifier__class_weight': None, 'classifier__gamma': 'scale', 'tfidf__max_df': 0.95, 'tfidf__min_df': 1, 'tfidf__ngram_range': (1, 2), 'tfidf__sublinear_tf': True}",0.5267399267399268,0.5245946314211746,0.5409393939393939,0.5432233764655853,0.5434938444756116,0.5357982346083384,0.00834697942864563,43,0.9972100719371079,0.9972100719371079,0.997181462116527,1.0,0.9943336799433368,0.9971870571868159,0.0017919542196229337,scale
tuned_svc_rbf,Tuned SVC RBF Kernel,0.11656751632690429,0.008301287888536913,0.024977397918701173,0.0031972707487242153,1.0,,0.95,2,"(1, 1)",True,"{'classifier__C': 1, 'classifier__class_weight': None, 'classifier__gamma': 'scale', 'tfidf__max_df': 0.95, 'tfidf__min_df': 2, 'tfidf__ngram_range': (1, 1), 'tfidf__sublinear_tf': True}",0.5208702366353273,0.5293584632113084,0.5444364161849711,0.5393612235717499,0.5623787976729153,0.5392810274552543,0.014124489039889568,39,0.9637156736393377,0.9651947962368457,0.9680844770115723,0.9657347988063809,0.9605869743725376,0.9646633440133348,0.0024758625332279858,scale
tuned_svc_rbf,Tuned SVC RBF Kernel,0.15193119049072265,0.004245206015335396,0.030163955688476563,0.0023724956323528936,1.0,,0.95,2,"(1, 2)",True,"{'classifier__C': 1, 'classifier__class_weight': None, 'classifier__gamma': 'scale', 'tfidf__max_df': 0.95, 'tfidf__min_df': 2, 'tfidf__ngram_range': (1, 2), 'tfidf__sublinear_tf': True}",0.5264062883812332,0.5197935640558592,0.5409393939393939,0.5432804232804233,0.54808143353035,0.5357002206374519,0.010748039282431638,44,0.9714744654412422,0.9694681336809392,0.9700050749997632,0.9669018069604837,0.9617498514557338,0.9679198665076324,0.0034201149178531925,scale
tuned_svc_rbf,Tuned SVC RBF Kernel,0.1385348320007324,0.02196857776587389,0.02823014259338379,0.0022300133081991683,1.0,,0.95,1,"(1, 1)",True,"{'classifier__C': 1, 'classifier__class_weight': None, 'classifier__gamma': 0.1, 'tfidf__max_df': 0.95, 'tfidf__min_df': 1, 'tfidf__ngram_range': (1, 1), 'tfidf__sublinear_tf': True}",0.47992747992747997,0.47132100632612905,0.49200433231396534,0.46801379669399973,0.47108910891089106,0.47647114483449304,0.008720586453389812,56,0.5071933630989737,0.5141054061784897,0.4943841804825632,0.5049348677375529,0.49060063633934864,0.5022436907673856,0.00859970465190905,0.1
tuned_svc_rbf,Tuned SVC RBF Kernel,0.22190480232238768,0.019082948419914852,0.038817977905273436,0.003457642092130261,1.0,,0.95,1,"(1, 2)",True,"{'classifier__C': 1, 'classifier__class_weight': None, 'classifier__gamma': 0.1, 'tfidf__max_df': 0.95, 'tfidf__min_df': 1, 'tfidf__ngram_range': (1, 2), 'tfidf__sublinear_tf': True}",0.4688888888888889,0.4432151538010225,0.4713978914486529,0.46677833612506975,0.4581564584596725,0.4616873457446613,0.010254405344073566,59,0.44346555759283274,0.45989198259136915,0.4365134793863927,0.4439779261702927,0.4393787917627959,0.4446455475007366,0.008101371800083626,0.1
tuned_svc_rbf,Tuned SVC RBF Kernel,0.10787549018859863,0.0069397377211112676,0.027010726928710937,0.003661988665533471,1.0,,0.95,2,"(1, 1)",True,"{'classifier__C': 1, 'classifier__class_weight': None, 'classifier__gamma': 0.1, 'tfidf__max_df': 0.95, 'tfidf__min_df': 2, 'tfidf__ngram_range': (1, 1), 'tfidf__sublinear_tf': True}",0.5156015037593985,0.4826905943744431,0.511711542671295,0.5048838311996207,0.5035167164466712,0.5036808376902857,0.011389986353351679,52,0.5310062539526387,0.5286541899921143,0.5231184822213846,0.5228802397617289,0.518007622180368,0.5247333576216469,0.00460433579235637,0.1
tuned_svc_rbf,Tuned SVC RBF Kernel,0.14036378860473633,0.010463625631856393,0.032338285446166994,0.0038231742179989934,1.0,,0.95,2,"(1, 2)",True,"{'classifier__C': 1, 'classifier__class_weight': None, 'classifier__gamma': 0.1, 'tfidf__max_df': 0.95, 'tfidf__min_df': 2, 'tfidf__ngram_range': (1, 2), 'tfidf__sublinear_tf': True}",0.4854270077637775,0.46484851441674396,0.5023865971234392,0.48761923113980155,0.48655039905409403,0.4853663498995712,0.011976239093482983,55,0.4956402553435719,0.5077926360284769,0.4930431565571265,0.5077843474789812,0.49351720603192145,0.4995555202880156,0.006778865578612232,0.1
tuned_svc_rbf,Tuned SVC RBF Kernel,0.12623004913330077,0.008980741008415912,0.028829669952392577,0.0022975032393103994,1.0,,0.95,1,"(1, 1)",True,"{'classifier__C': 1, 'classifier__class_weight': None, 'classifier__gamma': 0.01, 'tfidf__max_df': 0.95, 'tfidf__min_df': 1, 'tfidf__ngram_range': (1, 1), 'tfidf__sublinear_tf': True}",0.21468926553672316,0.21468926553672316,0.2127659574468085,0.2127659574468085,0.2127659574468085,0.2135352806827744,0.0009422246876915652,78,0.21324831739284447,0.21324831739284447,0.21372965322009907,0.21372965322009907,0.21372965322009907,0.21353711888919724,0.00023580543433883848,0.01
tuned_svc_rbf,Tuned SVC RBF Kernel,0.21853561401367189,0.012862253755035037,0.036984729766845706,0.0011515246695324084,1.0,,0.95,1,"(1, 2)",True,"{'classifier__C': 1, 'classifier__class_weight': None, 'classifier__gamma': 0.01, 'tfidf__max_df': 0.95, 'tfidf__min_df': 1, 'tfidf__ngram_range': (1, 2), 'tfidf__sublinear_tf': True}",0.21468926553672316,0.21468926553672316,0.2127659574468085,0.2127659574468085,0.2127659574468085,0.2135352806827744,0.0009422246876915652,78,0.21324831739284447,0.21324831739284447,0.21372965322009907,0.21372965322009907,0.21372965322009907,0.21353711888919724,0.00023580543433883848,0.01
tuned_svc_rbf,Tuned SVC RBF Kernel,0.10447888374328614,0.004080833035999425,0.02559823989868164,0.001137858511438651,1.0,,0.95,2,"(1, 1)",True,"{'classifier__C': 1, 'classifier__class_weight': None, 'classifier__gamma': 0.01, 'tfidf__max_df': 0.95, 'tfidf__min_df': 2, 'tfidf__ngram_range': (1, 1), 'tfidf__sublinear_tf': True}",0.21468926553672316,0.21468926553672316,0.2127659574468085,0.2127659574468085,0.2127659574468085,0.2135352806827744,0.0009422246876915652,78,0.21324831739284447,0.21324831739284447,0.21372965322009907,0.21372965322009907,0.21372965322009907,0.21353711888919724,0.00023580543433883848,0.01
tuned_svc_rbf,Tuned SVC RBF Kernel,0.13453989028930663,0.009149817586272617,0.02888498306274414,0.0020755831151419418,1.0,,0.95,2,"(1, 2)",True,"{'classifier__C': 1, 'classifier__class_weight': None, 'classifier__gamma': 0.01, 'tfidf__max_df': 0.95, 'tfidf__min_df': 2, 'tfidf__ngram_range': (1, 2), 'tfidf__sublinear_tf': True}",0.21468926553672316,0.21468926553672316,0.2127659574468085,0.2127659574468085,0.2127659574468085,0.2135352806827744,0.0009422246876915652,78,0.21324831739284447,0.21324831739284447,0.21372965322009907,0.21372965322009907,0.21372965322009907,0.21353711888919724,0.00023580543433883848,0.01
tuned_svc_rbf,Tuned SVC RBF Kernel,0.14641318321228028,0.012423644551099683,0.029410886764526366,0.003486083435224537,1.0,balanced,0.95,1,"(1, 1)",True,"{'classifier__C': 1, 'classifier__class_weight': 'balanced', 'classifier__gamma': 'scale', 'tfidf__max_df': 0.95, 'tfidf__min_df': 1, 'tfidf__ngram_range': (1, 1), 'tfidf__sublinear_tf': True}",0.5071099478042583,0.527754940470753,0.576029740468488,0.5961312252236413,0.5413239326282805,0.5496699573190842,0.03229478621848062,35,0.9964423455332546,0.9940705758887578,0.9988165247437285,0.9964495742311854,0.996447791637248,0.9964453624068348,0.0015008034232699803,scale
tuned_svc_rbf,Tuned SVC RBF Kernel,0.23825335502624512,0.023290554395423813,0.036876869201660153,0.002351107217433886,1.0,balanced,0.95,1,"(1, 2)",True,"{'classifier__C': 1, 'classifier__class_weight': 'balanced', 'classifier__gamma': 'scale', 'tfidf__max_df': 0.95, 'tfidf__min_df': 1, 'tfidf__ngram_range': (1, 2), 'tfidf__sublinear_tf': True}",0.507353849956742,0.48923727759114094,0.5355432780847146,0.5241888178815103,0.5288800705467372,0.517040658812169,0.016736051155331756,49,1.0,1.0,1.0,1.0,1.0,1.0,0.0,scale
tuned_svc_rbf,Tuned SVC RBF Kernel,0.11738662719726563,0.012314581623964316,0.02518472671508789,0.0023478449560271107,1.0,balanced,0.95,2,"(1, 1)",True,"{'classifier__C': 1, 'classifier__class_weight': 'balanced', 'classifier__gamma': 'scale', 'tfidf__max_df': 0.95, 'tfidf__min_df': 2, 'tfidf__ngram_range': (1, 1), 'tfidf__sublinear_tf': True}",0.5856695524037576,0.5510240747394898,0.5962757852199422,0.6331661867074799,0.5888089938937396,0.5909889185928818,0.026218731383943636,13,0.98610503821102,0.984919219734465,0.9868916219909597,0.9905249765635462,0.9837385587039441,0.986435883040787,0.002307105038476925,scale
tuned_svc_rbf,Tuned SVC RBF Kernel,0.15989117622375487,0.020595807869585613,0.030391120910644533,0.0029190067332325333,1.0,balanced,0.95,2,"(1, 2)",True,"{'classifier__C': 1, 'classifier__class_weight': 'balanced', 'classifier__gamma': 'scale', 'tfidf__max_df': 0.95, 'tfidf__min_df': 2, 'tfidf__ngram_range': (1, 2), 'tfidf__sublinear_tf': True}",0.5492003998000999,0.5218187461204221,0.5970222455771589,0.596076443881322,0.5276895943562611,0.5583614859470528,0.03248733493023558,32,0.984919219734465,0.9864724936400696,0.9924518279613239,0.9905249765635462,0.9825552249718582,0.9873847485742526,0.0036268902682732597,scale
tuned_svc_rbf,Tuned SVC RBF Kernel,0.13992929458618164,0.014316292263839165,0.03019423484802246,0.0035705942225567108,1.0,balanced,0.95,1,"(1, 1)",True,"{'classifier__C': 1, 'classifier__class_weight': 'balanced', 'classifier__gamma': 0.1, 'tfidf__max_df': 0.95, 'tfidf__min_df': 1, 'tfidf__ngram_range': (1, 1), 'tfidf__sublinear_tf': True}",0.5025902668759812,0.5163923317376002,0.5959576221960262,0.5486870720902135,0.5851062029279851,0.5497466991655613,0.03666908686071255,33,0.8141760984952686,0.8133782593767503,0.8104554528993918,0.8247509217085006,0.7956494333383156,0.8116820331636454,0.009364210050464462,0.1
tuned_svc_rbf,Tuned SVC RBF Kernel,0.20973820686340333,0.0077364727961575395,0.036257600784301756,0.0026831879020565255,1.0,balanced,0.95,1,"(1, 2)",True,"{'classifier__C': 1, 'classifier__class_weight': 'balanced', 'classifier__gamma': 0.1, 'tfidf__max_df': 0.95, 'tfidf__min_df': 1, 'tfidf__ngram_range': (1, 2), 'tfidf__sublinear_tf': True}",0.4575577557755775,0.4432151538010225,0.4713978914486529,0.46677833612506975,0.44622721853176633,0.4570352711364178,0.011038974699433718,61,0.5208118273359184,0.5608289855009595,0.5291027841680894,0.5821387044517665,0.4670517909791359,0.5319868184871741,0.039234775754451695,0.1
tuned_svc_rbf,Tuned SVC RBF Kernel,0.10893812179565429,0.006629682409602049,0.025221872329711913,0.003049679496999774,1.0,balanced,0.95,2,"(1, 1)",True,"{'classifier__C': 1, 'classifier__class_weight': 'balanced', 'classifier__gamma': 0.1, 'tfidf__max_df': 0.95, 'tfidf__min_df': 2, 'tfidf__ngram_range': (1, 1), 'tfidf__sublinear_tf': True}",0.6331149331149332,0.619267400920827,0.6521996047028139,0.6281682362831136,0.6391670058336725,0.6343834361710721,0.011036582181144157,7,0.8000544253819494,0.8183443665765872,0.8208318776220747,0.7662565434791481,0.8141598632782566,0.8039294152676032,0.020161383567536648,0.1
tuned_svc_rbf,Tuned SVC RBF Kernel,0.14456214904785156,0.004938599021205466,0.030310916900634765,0.0028283536063308107,1.0,balanced,0.95,2,"(1, 2)",True,"{'classifier__C': 1, 'classifier__class_weight': 'balanced', 'classifier__gamma': 0.1, 'tfidf__max_df': 0.95, 'tfidf__min_df': 2, 'tfidf__ngram_range': (1, 2), 'tfidf__sublinear_tf': True}",0.609043561785654,0.5903758947323303,0.6119027069153256,0.5564313081554461,0.6426227228480045,0.602075238887352,0.02831776182438111,12,0.7474851137841325,0.7951545895998594,0.772522577238282,0.7237416734916425,0.8051640713624028,0.7688136050952638,0.030051102798260013,0.1
tuned_svc_rbf,Tuned SVC RBF Kernel,0.14111628532409667,0.010935879635430955,0.027521514892578126,0.0028442100464471844,1.0,balanced,0.95,1,"(1, 1)",True,"{'classifier__C': 1, 'classifier__class_weight': 'balanced', 'classifier__gamma': 0.01, 'tfidf__max_df': 0.95, 'tfidf__min_df': 1, 'tfidf__ngram_range': (1, 1), 'tfidf__sublinear_tf': True}",0.21468926553672316,0.21468926553672316,0.2127659574468085,0.2127659574468085,0.2127659574468085,0.2135352806827744,0.0009422246876915652,78,0.21324831739284447,0.21324831739284447,0.21372965322009907,0.21372965322009907,0.21372965322009907,0.21353711888919724,0.00023580543433883848,0.01
tuned_svc_rbf,Tuned SVC RBF Kernel,0.21306447982788085,0.010417334327109621,0.03624420166015625,0.0019781729098955416,1.0,balanced,0.95,1,"(1, 2)",True,"{'classifier__C': 1, 'classifier__class_weight': 'balanced', 'classifier__gamma': 0.01, 'tfidf__max_df': 0.95, 'tfidf__min_df': 1, 'tfidf__ngram_range': (1, 2), 'tfidf__sublinear_tf': True}",0.21468926553672316,0.21468926553672316,0.2127659574468085,0.2127659574468085,0.2127659574468085,0.2135352806827744,0.0009422246876915652,78,0.21324831739284447,0.21324831739284447,0.21372965322009907,0.21372965322009907,0.21372965322009907,0.21353711888919724,0.00023580543433883848,0.01
tuned_svc_rbf,Tuned SVC RBF Kernel,0.11788921356201172,0.006156557121766319,0.02453165054321289,0.0018099694088728837,1.0,balanced,0.95,2,"(1, 1)",True,"{'classifier__C': 1, 'classifier__class_weight': 'balanced', 'classifier__gamma': 0.01, 'tfidf__max_df': 0.95, 'tfidf__min_df': 2, 'tfidf__ngram_range': (1, 1), 'tfidf__sublinear_tf': True}",0.21468926553672316,0.21468926553672316,0.2127659574468085,0.2127659574468085,0.2127659574468085,0.2135352806827744,0.0009422246876915652,78,0.21324831739284447,0.21324831739284447,0.21372965322009907,0.21372965322009907,0.21372965322009907,0.21353711888919724,0.00023580543433883848,0.01
tuned_svc_rbf,Tuned SVC RBF Kernel,0.15731391906738282,0.015038049026025287,0.030393171310424804,0.0024669849375900292,1.0,balanced,0.95,2,"(1, 2)",True,"{'classifier__C': 1, 'classifier__class_weight': 'balanced', 'classifier__gamma': 0.01, 'tfidf__max_df': 0.95, 'tfidf__min_df': 2, 'tfidf__ngram_range': (1, 2), 'tfidf__sublinear_tf': True}",0.21468926553672316,0.21468926553672316,0.2127659574468085,0.2127659574468085,0.2127659574468085,0.2135352806827744,0.0009422246876915652,78,0.21324831739284447,0.21324831739284447,0.21372965322009907,0.21372965322009907,0.21372965322009907,0.21353711888919724,0.00023580543433883848,0.01
tuned_svc_rbf,Tuned SVC RBF Kernel,0.14046154022216797,0.006838126877697237,0.029093551635742187,0.0016613441638418242,2.0,,0.95,1,"(1, 1)",True,"{'classifier__C': 2, 'classifier__class_weight': None, 'classifier__gamma': 'scale', 'tfidf__max_df': 0.95, 'tfidf__min_df': 1, 'tfidf__ngram_range': (1, 1), 'tfidf__sublinear_tf': True}",0.5404094827586207,0.5191721724439617,0.5893656744508183,0.5960860844581775,0.5691428571428571,0.562835254250887,0.029184402339617534,26,1.0,1.0,1.0,1.0,1.0,1.0,0.0,scale
tuned_svc_rbf,Tuned SVC RBF Kernel,0.21877903938293458,0.006805329624582501,0.039181756973266604,0.004645670982045833,2.0,,0.95,1,"(1, 2)",True,"{'classifier__C': 2, 'classifier__class_weight': None, 'classifier__gamma': 'scale', 'tfidf__max_df': 0.95, 'tfidf__min_df': 1, 'tfidf__ngram_range': (1, 2), 'tfidf__sublinear_tf': True}",0.5402837902837903,0.5122242098986285,0.5308708385631462,0.5426433168687322,0.5660911665296428,0.538422664428788,0.017494072131129336,40,1.0,1.0,1.0,1.0,1.0,1.0,0.0,scale
tuned_svc_rbf,Tuned SVC RBF Kernel,0.12247695922851562,0.009198212700936802,0.023903465270996092,0.0026454900724032205,2.0,,0.95,2,"(1, 1)",True,"{'classifier__C': 2, 'classifier__class_weight': None, 'classifier__gamma': 'scale', 'tfidf__max_df': 0.95, 'tfidf__min_df': 2, 'tfidf__ngram_range': (1, 1), 'tfidf__sublinear_tf': True}",0.5261613984674329,0.5578429141444025,0.606425702811245,0.6051988162900507,0.5684902069134893,0.572823807725324,0.03032430127525287,18,0.9948425438497517,0.9971327438119282,0.9948175527229243,0.9976324628660583,0.993153832427404,0.9955158271356133,0.0016501201709928578,scale
tuned_svc_rbf,Tuned SVC RBF Kernel,0.14985427856445313,0.007047275369837738,0.03064560890197754,0.0018754301255543544,2.0,,0.95,2,"(1, 2)",True,"{'classifier__C': 2, 'classifier__class_weight': None, 'classifier__gamma': 'scale', 'tfidf__max_df': 0.95, 'tfidf__min_df': 2, 'tfidf__ngram_range': (1, 2), 'tfidf__sublinear_tf': True}",0.545487495469373,0.5139228286119407,0.5678407063022447,0.6051988162900507,0.5786355171830032,0.5622170727713225,0.030857198908932668,30,0.9948425438497517,0.9971327438119282,0.9948175527229243,0.9976324628660583,0.993153832427404,0.9955158271356133,0.0016501201709928578,scale
tuned_svc_rbf,Tuned SVC RBF Kernel,0.12754464149475098,0.007659596702885058,0.026900386810302733,0.0011933065206698149,2.0,,0.95,1,"(1, 1)",True,"{'classifier__C': 2, 'classifier__class_weight': None, 'classifier__gamma': 0.1, 'tfidf__max_df': 0.95, 'tfidf__min_df': 1, 'tfidf__ngram_range': (1, 1), 'tfidf__sublinear_tf': True}",0.5065681065681066,0.525258044930176,0.5308608225502703,0.5348497305197771,0.519400352733686,0.5233874114604031,0.009894660736635643,47,0.5757889801860488,0.5700668658415138,0.572705506783719,0.5752078200143372,0.5602500324767123,0.5708038410604662,0.005653122736088702,0.1
tuned_svc_rbf,Tuned SVC RBF Kernel,0.20768561363220214,0.01636494602711945,0.03784265518188477,0.0026595988033436325,2.0,,0.95,1,"(1, 2)",True,"{'classifier__C': 2, 'classifier__class_weight': None, 'classifier__gamma': 0.1, 'tfidf__max_df': 0.95, 'tfidf__min_df': 1, 'tfidf__ngram_range': (1, 2), 'tfidf__sublinear_tf': True}",0.5067811372402637,0.4788220551378446,0.5209030100334449,0.5139944334990775,0.5086995458325337,0.5058400363486328,0.014369559096922726,51,0.5455784137646847,0.5399979785257233,0.5331974808393014,0.5440144538990558,0.5292100458632522,0.5383996745784035,0.006278960331994137,0.1
tuned_svc_rbf,Tuned SVC RBF Kernel,0.09464669227600098,0.004103663985516704,0.02437558174133301,0.0034805828801820994,2.0,,0.95,2,"(1, 1)",True,"{'classifier__C': 2, 'classifier__class_weight': None, 'classifier__gamma': 0.1, 'tfidf__max_df': 0.95, 'tfidf__min_df': 2, 'tfidf__ngram_range': (1, 1), 'tfidf__sublinear_tf': True}",0.5065681065681066,0.519998163199706,0.5302727272727273,0.5485714285714286,0.5389251320285803,0.5288671115281097,0.01461029437630309,45,0.58176716557601,0.5732814968909502,0.5856155155822044,0.5764532577903683,0.561548431202199,0.5757331734083464,0.008268081990869243,0.1
tuned_svc_rbf,Tuned SVC RBF Kernel,0.13998284339904785,0.014923864169284554,0.02928190231323242,0.003807043352482913,2.0,,0.95,2,"(1, 2)",True,"{'classifier__C': 2, 'classifier__class_weight': None, 'classifier__gamma': 0.1, 'tfidf__max_df': 0.95, 'tfidf__min_df': 2, 'tfidf__ngram_range': (1, 2), 'tfidf__sublinear_tf': True}",0.5111829064631425,0.5087751823013225,0.5322990214294562,0.5476584022038568,0.5234136085626911,0.5246658241920937,0.014302405097468114,46,0.5685837984205349,0.5748497143710992,0.5740896815850342,0.5632308170239205,0.5524755801953584,0.5666459183191893,0.008233209093750844,0.1
tuned_svc_rbf,Tuned SVC RBF Kernel,0.1270749092102051,0.0068098274364922886,0.027600908279418947,0.001368022709422485,2.0,,0.95,1,"(1, 1)",True,"{'classifier__C': 2, 'classifier__class_weight': None, 'classifier__gamma': 0.01, 'tfidf__max_df': 0.95, 'tfidf__min_df': 1, 'tfidf__ngram_range': (1, 1), 'tfidf__sublinear_tf': True}",0.21468926553672316,0.22555308563565155,0.2127659574468085,0.2127659574468085,0.2127659574468085,0.21570804470256005,0.004978561523660368,77,0.21324831739284447,0.21324831739284447,0.21372965322009907,0.21372965322009907,0.21372965322009907,0.21353711888919724,0.00023580543433883848,0.01
tuned_svc_rbf,Tuned SVC RBF Kernel,0.22401437759399415,0.032309302213687635,0.038049840927124025,0.002009258910856629,2.0,,0.95,1,"(1, 2)",True,"{'classifier__C': 2, 'classifier__class_weight': None, 'classifier__gamma': 0.01, 'tfidf__max_df': 0.95, 'tfidf__min_df': 1, 'tfidf__ngram_range': (1, 2), 'tfidf__sublinear_tf': True}",0.21468926553672316,0.21468926553672316,0.2127659574468085,0.2127659574468085,0.2127659574468085,0.2135352806827744,0.0009422246876915652,78,0.21324831739284447,0.21324831739284447,0.21372965322009907,0.21372965322009907,0.21372965322009907,0.21353711888919724,0.00023580543433883848,0.01
tuned_svc_rbf,Tuned SVC RBF Kernel,0.10132346153259278,0.006335315158920103,0.02584981918334961,0.0013357840689943207,2.0,,0.95,2,"(1, 1)",True,"{'classifier__C': 2, 'classifier__class_weight': None, 'classifier__gamma': 0.01, 'tfidf__max_df': 0.95, 'tfidf__min_df': 2, 'tfidf__ngram_range': (1, 1), 'tfidf__sublinear_tf': True}",0.21468926553672316,0.23613205966147144,0.2342001178153665,0.2127659574468085,0.22362546243143258,0.22428257257836046,0.009631861766963748,76,0.22410891115394213,0.22410891115394213,0.22190313226677513,0.224591329068941,0.21919692849144137,0.22278184242700835,0.0020209009966083635,0.01
tuned_svc_rbf,Tuned SVC RBF Kernel,0.1599442958831787,0.04156950917433268,0.030789613723754883,0.0016769126516242982,2.0,,0.95,2,"(1, 2)",True,"{'classifier__C': 2, 'classifier__class_weight': None, 'classifier__gamma': 0.01, 'tfidf__max_df': 0.95, 'tfidf__min_df': 2, 'tfidf__ngram_range': (1, 2), 'tfidf__sublinear_tf': True}",0.22555308563565155,0.2464390122535299,0.22362546243143258,0.2127659574468085,0.2342001178153665,0.2285167271165578,0.011263246606578691,75,0.2267790381173281,0.2267790381173281,0.22726172670033684,0.224591329068941,0.224591329068941,0.226000492214575,0.0011639984033913853,0.01
tuned_svc_rbf,Tuned SVC RBF Kernel,0.14489493370056153,0.007936698360842175,0.028561162948608398,0.0021340068692779182,2.0,balanced,0.95,1,"(1, 1)",True,"{'classifier__C': 2, 'classifier__class_weight': 'balanced', 'classifier__gamma': 'scale', 'tfidf__max_df': 0.95, 'tfidf__min_df': 1, 'tfidf__ngram_range': (1, 1), 'tfidf__sublinear_tf': True}",0.5358230221222348,0.5191721724439617,0.5893656744508183,0.5960860844581775,0.5646383186705767,0.5610170544291537,0.02977357248048081,31,1.0,1.0,1.0,1.0,1.0,1.0,0.0,scale
tuned_svc_rbf,Tuned SVC RBF Kernel,0.22581353187561035,0.010318010836313292,0.04142465591430664,0.003581159518161142,2.0,balanced,0.95,1,"(1, 2)",True,"{'classifier__C': 2, 'classifier__class_weight': 'balanced', 'classifier__gamma': 'scale', 'tfidf__max_df': 0.95, 'tfidf__min_df': 1, 'tfidf__ngram_range': (1, 2), 'tfidf__sublinear_tf': True}",0.5402837902837903,0.5122242098986285,0.5308708385631462,0.5471280855896241,0.5706518437518984,0.5402317536174175,0.019209337427868914,38,1.0,1.0,1.0,1.0,1.0,1.0,0.0,scale
tuned_svc_rbf,Tuned SVC RBF Kernel,0.11934847831726074,0.003807501145927592,0.024124002456665038,0.0007700557463997578,2.0,balanced,0.95,2,"(1, 1)",True,"{'classifier__C': 2, 'classifier__class_weight': 'balanced', 'classifier__gamma': 'scale', 'tfidf__max_df': 0.95, 'tfidf__min_df': 2, 'tfidf__ngram_range': (1, 1), 'tfidf__sublinear_tf': True}",0.5261613984674329,0.5553420963936636,0.606425702811245,0.6005938505938505,0.5746742192094593,0.5726394534951302,0.029619275458286045,19,0.993239188252708,0.9971599834122925,0.990451681528065,0.9976324628660583,0.9932100918645683,0.9943386815847383,0.002698151549322835,scale
tuned_svc_rbf,Tuned SVC RBF Kernel,0.15664358139038087,0.00534786905401364,0.029032373428344728,0.002854587491926252,2.0,balanced,0.95,2,"(1, 2)",True,"{'classifier__C': 2, 'classifier__class_weight': 'balanced', 'classifier__gamma': 'scale', 'tfidf__max_df': 0.95, 'tfidf__min_df': 2, 'tfidf__ngram_range': (1, 2), 'tfidf__sublinear_tf': True}",0.545487495469373,0.5180383141762452,0.5678407063022447,0.6051988162900507,0.5756052141527003,0.5624341092781229,0.02929062581484117,29,0.993239188252708,0.9971599834122925,0.990451681528065,0.9976324628660583,0.9932100918645683,0.9943386815847383,0.002698151549322835,scale
tuned_svc_rbf,Tuned SVC RBF Kernel,0.12842273712158203,0.00675086169691813,0.029286766052246095,0.0009875513467679955,2.0,balanced,0.95,1,"(1, 1)",True,"{'classifier__C': 2, 'classifier__class_weight': 'balanced', 'classifier__gamma': 0.1, 'tfidf__max_df': 0.95, 'tfidf__min_df': 1, 'tfidf__ngram_range': (1, 1), 'tfidf__sublinear_tf': True}",0.6242323626628378,0.6344077238837228,0.6688780963198585,0.6628212912365917,0.6662181249045656,0.6513115198015152,0.018342766380959885,6,0.9117430700775544,0.8972635286711577,0.9084039513071729,0.9061077057555931,0.9008807110579774,0.904879793373891,0.0051967715450740035,0.1
tuned_svc_rbf,Tuned SVC RBF Kernel,0.21062464714050294,0.008914952992524096,0.03513941764831543,0.0015457040862472682,2.0,balanced,0.95,1,"(1, 2)",True,"{'classifier__C': 2, 'classifier__class_weight': 'balanced', 'classifier__gamma': 0.1, 'tfidf__max_df': 0.95, 'tfidf__min_df': 1, 'tfidf__ngram_range': (1, 2), 'tfidf__sublinear_tf': True}",0.6108645336963922,0.5537825059101654,0.5943334381461471,0.6400161020279159,0.6479341825136218,0.6093861524588485,0.033895957754521464,10,0.8900243309002432,0.8864063497058541,0.8832033757479808,0.8890036475833126,0.8745183258427582,0.8846312059560297,0.005579681372065145,0.1
tuned_svc_rbf,Tuned SVC RBF Kernel,0.10753111839294434,0.006979639028448041,0.023713016510009767,0.0016756242597447159,2.0,balanced,0.95,2,"(1, 1)",True,"{'classifier__C': 2, 'classifier__class_weight': 'balanced', 'classifier__gamma': 0.1, 'tfidf__max_df': 0.95, 'tfidf__min_df': 2, 'tfidf__ngram_range': (1, 1), 'tfidf__sublinear_tf': True}",0.60124383295115,0.6503787969696242,0.6814527251282781,0.7133798449612403,0.7062960476003955,0.6705502495221377,0.041088361310864775,4,0.8887032582743953,0.8783819724091751,0.8806979881633498,0.8796491446178072,0.8711097192396405,0.8797084165408735,0.0056140358438600746,0.1
tuned_svc_rbf,Tuned SVC RBF Kernel,0.13872308731079103,0.007286793279874495,0.030683135986328124,0.0034826519402406894,2.0,balanced,0.95,2,"(1, 2)",True,"{'classifier__C': 2, 'classifier__class_weight': 'balanced', 'classifier__gamma': 0.1, 'tfidf__max_df': 0.95, 'tfidf__min_df': 2, 'tfidf__ngram_range': (1, 2), 'tfidf__sublinear_tf': True}",0.6138450589317641,0.6296063012164707,0.6874059917538178,0.7035376575253877,0.6751896331335584,0.6619169285121997,0.034389019752508763,5,0.8774238954670652,0.8774604598617758,0.8750164065981121,0.8758722548626835,0.8492536882739389,0.8710053410127152,0.010915826080152045,0.1
tuned_svc_rbf,Tuned SVC RBF Kernel,0.1377338409423828,0.0031591620247668553,0.027773571014404298,0.002666670624146813,2.0,balanced,0.95,1,"(1, 1)",True,"{'classifier__C': 2, 'classifier__class_weight': 'balanced', 'classifier__gamma': 0.01, 'tfidf__max_df': 0.95, 'tfidf__min_df': 1, 'tfidf__ngram_range': (1, 1), 'tfidf__sublinear_tf': True}",0.21468926553672316,0.21468926553672316,0.2127659574468085,0.2127659574468085,0.2127659574468085,0.2135352806827744,0.0009422246876915652,78,0.21324831739284447,0.21324831739284447,0.21372965322009907,0.21372965322009907,0.21372965322009907,0.21353711888919724,0.00023580543433883848,0.01
tuned_svc_rbf,Tuned SVC RBF Kernel,0.21905975341796874,0.016100595811076923,0.035667705535888675,0.0018508852461700663,2.0,balanced,0.95,1,"(1, 2)",True,"{'classifier__C': 2, 'classifier__class_weight': 'balanced', 'classifier__gamma': 0.01, 'tfidf__max_df': 0.95, 'tfidf__min_df': 1, 'tfidf__ngram_range': (1, 2), 'tfidf__sublinear_tf': True}",0.21468926553672316,0.21468926553672316,0.2127659574468085,0.2127659574468085,0.2127659574468085,0.2135352806827744,0.0009422246876915652,78,0.21324831739284447,0.21324831739284447,0.21372965322009907,0.21372965322009907,0.21372965322009907,0.21353711888919724,0.00023580543433883848,0.01
tuned_svc_rbf,Tuned SVC RBF Kernel,0.11265406608581544,0.005894401564181028,0.024489974975585936,0.0007975139546552922,2.0,balanced,0.95,2,"(1, 1)",True,"{'classifier__C': 2, 'classifier__class_weight': 'balanced', 'classifier__gamma': 0.01, 'tfidf__max_df': 0.95, 'tfidf__min_df': 2, 'tfidf__ngram_range': (1, 1), 'tfidf__sublinear_tf': True}",0.2593470576003327,0.2861491628614916,0.3011695906432748,0.30123893805309737,0.24450274862568713,0.2784814995567767,0.02285662235956603,71,0.2464549105512961,0.25098014762621107,0.3044168303322871,0.28878744480248236,0.24547296244350938,0.2672224591511572,0.024562631044977662,0.01
tuned_svc_rbf,Tuned SVC RBF Kernel,0.1537407398223877,0.005979298592906605,0.029353857040405273,0.001803778269659266,2.0,balanced,0.95,2,"(1, 2)",True,"{'classifier__C': 2, 'classifier__class_weight': 'balanced', 'classifier__gamma': 0.01, 'tfidf__max_df': 0.95, 'tfidf__min_df': 2, 'tfidf__ngram_range': (1, 2), 'tfidf__sublinear_tf': True}",0.2351354339414041,0.2787567302985805,0.3152428040320417,0.2832251862533045,0.2545454545454546,0.27338112181415714,0.02718719629416893,73,0.22679846912670634,0.2582112639956311,0.2933174933174933,0.28878744480248236,0.23516815719863962,0.26045656568819053,0.027055098313678645,0.01
tuned_svc_rbf,Tuned SVC RBF Kernel,0.1424105644226074,0.012040633400470338,0.02708745002746582,0.0013926007612525464,5.0,,0.95,1,"(1, 1)",True,"{'classifier__C': 5, 'classifier__class_weight': None, 'classifier__gamma': 'scale', 'tfidf__max_df': 0.95, 'tfidf__min_df': 1, 'tfidf__ngram_range': (1, 1), 'tfidf__sublinear_tf': True}",0.5404094827586207,0.5191721724439617,0.5893656744508183,0.5960860844581775,0.5691428571428571,0.562835254250887,0.029184402339617534,26,1.0,1.0,1.0,1.0,1.0,1.0,0.0,scale
tuned_svc_rbf,Tuned SVC RBF Kernel,0.21960825920104982,0.01666403353099904,0.03764338493347168,0.004168239646128711,5.0,,0.95,1,"(1, 2)",True,"{'classifier__C': 5, 'classifier__class_weight': None, 'classifier__gamma': 'scale', 'tfidf__max_df': 0.95, 'tfidf__min_df': 1, 'tfidf__ngram_range': (1, 2), 'tfidf__sublinear_tf': True}",0.5402837902837903,0.5122242098986285,0.5308708385631462,0.5426433168687322,0.5660911665296428,0.538422664428788,0.017494072131129336,40,1.0,1.0,1.0,1.0,1.0,1.0,0.0,scale
tuned_svc_rbf,Tuned SVC RBF Kernel,0.12439947128295899,0.008841148373406705,0.026999521255493163,0.0033979172769972744,5.0,,0.95,2,"(1, 1)",True,"{'classifier__C': 5, 'classifier__class_weight': None, 'classifier__gamma': 'scale', 'tfidf__max_df': 0.95, 'tfidf__min_df': 2, 'tfidf__ngram_range': (1, 1), 'tfidf__sublinear_tf': True}",0.5261613984674329,0.5539031458277018,0.606425702811245,0.6051988162900507,0.5684902069134893,0.572035854061984,0.030751507795374507,20,0.9948425438497517,0.9971327438119282,0.9948175527229243,0.9976324628660583,0.993153832427404,0.9955158271356133,0.0016501201709928578,scale
tuned_svc_rbf,Tuned SVC RBF Kernel,0.15207185745239257,0.005909819193140628,0.032988357543945315,0.00392519624196147,5.0,,0.95,2,"(1, 2)",True,"{'classifier__C': 5, 'classifier__class_weight': None, 'classifier__gamma': 'scale', 'tfidf__max_df': 0.95, 'tfidf__min_df': 2, 'tfidf__ngram_range': (1, 2), 'tfidf__sublinear_tf': True}",0.545487495469373,0.5139228286119407,0.5678407063022447,0.6098094919786096,0.5786355171830032,0.5631392079090343,0.03216889816751136,25,0.9948425438497517,0.9971327438119282,0.9948175527229243,0.9976324628660583,0.993153832427404,0.9955158271356133,0.0016501201709928578,scale
tuned_svc_rbf,Tuned SVC RBF Kernel,0.13711585998535156,0.005568904205363329,0.026258468627929688,0.0027843594305848127,5.0,,0.95,1,"(1, 1)",True,"{'classifier__C': 5, 'classifier__class_weight': None, 'classifier__gamma': 0.1, 'tfidf__max_df': 0.95, 'tfidf__min_df': 1, 'tfidf__ngram_range': (1, 1), 'tfidf__sublinear_tf': True}",0.535944197995549,0.572,0.6113386613386614,0.6051988162900507,0.5774493705528189,0.5803862092354161,0.0269360934431244,15,0.9498445278135877,0.9478740273629088,0.9441544799560067,0.9594233918357232,0.9440270289506931,0.9490646911837839,0.005635897794958878,0.1
tuned_svc_rbf,Tuned SVC RBF Kernel,0.23617963790893554,0.01582352588673557,0.03827996253967285,0.005857202150230452,5.0,,0.95,1,"(1, 2)",True,"{'classifier__C': 5, 'classifier__class_weight': None, 'classifier__gamma': 0.1, 'tfidf__max_df': 0.95, 'tfidf__min_df': 1, 'tfidf__ngram_range': (1, 2), 'tfidf__sublinear_tf': True}",0.5493626743626744,0.5414758269720102,0.5355054302422723,0.6194414152429419,0.5796825396825397,0.5650935773004877,0.03113597018420971,23,0.9886673598866736,0.9828216374269007,0.9885477582846004,0.9856082614703304,0.9826368044331563,0.9856563643003323,0.00262990439803042,0.1
tuned_svc_rbf,Tuned SVC RBF Kernel,0.09710273742675782,0.008609892016556335,0.02489461898803711,0.0018617898196373786,5.0,,0.95,2,"(1, 1)",True,"{'classifier__C': 5, 'classifier__class_weight': None, 'classifier__gamma': 0.1, 'tfidf__max_df': 0.95, 'tfidf__min_df': 2, 'tfidf__ngram_range': (1, 1), 'tfidf__sublinear_tf': True}",0.5313697318007663,0.6083738569287702,0.6562663394886289,0.614427183842849,0.6073646299056136,0.6035603483933255,0.04036121196466885,11,0.9014967637540453,0.8827992023283472,0.8951525900093951,0.8921513990479507,0.8982605210807034,0.8939720952440883,0.00639614369721399,0.1
tuned_svc_rbf,Tuned SVC RBF Kernel,0.1351710319519043,0.00455676701952292,0.030833101272583006,0.003197202083680406,5.0,,0.95,2,"(1, 2)",True,"{'classifier__C': 5, 'classifier__class_weight': None, 'classifier__gamma': 0.1, 'tfidf__max_df': 0.95, 'tfidf__min_df': 2, 'tfidf__ngram_range': (1, 2), 'tfidf__sublinear_tf': True}",0.5499992430091899,0.5362371666362918,0.6118651771603472,0.614427183842849,0.5777777777777778,0.5780613096852911,0.031629091601796507,16,0.9157088019414338,0.8952197606936051,0.917383626737676,0.9125730783897151,0.891650491586471,0.9065071518697803,0.010843330562848611,0.1
tuned_svc_rbf,Tuned SVC RBF Kernel,0.1267688751220703,0.005280891832047428,0.026584768295288087,0.0018343901838719227,5.0,,0.95,1,"(1, 1)",True,"{'classifier__C': 5, 'classifier__class_weight': None, 'classifier__gamma': 0.01, 'tfidf__max_df': 0.95, 'tfidf__min_df': 1, 'tfidf__ngram_range': (1, 1), 'tfidf__sublinear_tf': True}",0.4062194269741439,0.38516001132823563,0.39952153110047844,0.40417763735299284,0.3875968992248062,0.39653510119613145,0.008606943850637077,66,0.3843954552321425,0.39660261765524923,0.38860411158474073,0.3866661270886167,0.3866661270886167,0.38858688772987315,0.004223718081566959,0.01
tuned_svc_rbf,Tuned SVC RBF Kernel,0.21963205337524414,0.02516171462439176,0.037693357467651366,0.0015729496773552564,5.0,,0.95,1,"(1, 2)",True,"{'classifier__C': 5, 'classifier__class_weight': None, 'classifier__gamma': 0.01, 'tfidf__max_df': 0.95, 'tfidf__min_df': 1, 'tfidf__ngram_range': (1, 2), 'tfidf__sublinear_tf': True}",0.34922394678492236,0.3603843311160384,0.35125448028673834,0.33492986657543616,0.34291101055806933,0.34774072706424086,0.00850707274990245,69,0.2672387490465294,0.2525449576937071,0.2677257748061794,0.2555178442867428,0.2628878280100098,0.2611830307686337,0.006149734975731138,0.01
tuned_svc_rbf,Tuned SVC RBF Kernel,0.10234713554382324,0.00472216849034223,0.025266551971435548,0.0024216340570427995,5.0,,0.95,2,"(1, 1)",True,"{'classifier__C': 5, 'classifier__class_weight': None, 'classifier__gamma': 0.01, 'tfidf__max_df': 0.95, 'tfidf__min_df': 2, 'tfidf__ngram_range': (1, 1), 'tfidf__sublinear_tf': True}",0.4632612514982841,0.4302184466019418,0.4649876350383965,0.45122112211221116,0.44203929539295395,0.45034555012875754,0.01308485217938128,62,0.46643004115226344,0.4697222222222222,0.45738870183314634,0.472576972121413,0.4462847681911934,0.4624805411040477,0.00957296508655532,0.01
tuned_svc_rbf,Tuned SVC RBF Kernel,0.1328965187072754,0.006100150899366483,0.03290057182312012,0.0031460844363472816,5.0,,0.95,2,"(1, 2)",True,"{'classifier__C': 5, 'classifier__class_weight': None, 'classifier__gamma': 0.01, 'tfidf__max_df': 0.95, 'tfidf__min_df': 2, 'tfidf__ngram_range': (1, 2), 'tfidf__sublinear_tf': True}",0.4575577557755775,0.4432151538010225,0.4705215419501134,0.46677833612506975,0.4639924935491438,0.46041305624018536,0.00958573139473093,60,0.4622596667766756,0.4699632884636779,0.4597429180398674,0.46278007197704696,0.45844532197058374,0.4626382534455703,0.003994576819731659,0.01
tuned_svc_rbf,Tuned SVC RBF Kernel,0.14181551933288575,0.006445703763901297,0.030728530883789063,0.0035846083795827237,5.0,balanced,0.95,1,"(1, 1)",True,"{'classifier__C': 5, 'classifier__class_weight': 'balanced', 'classifier__gamma': 'scale', 'tfidf__max_df': 0.95, 'tfidf__min_df': 1, 'tfidf__ngram_range': (1, 1), 'tfidf__sublinear_tf': True}",0.5404094827586207,0.5191721724439617,0.5893656744508183,0.5960860844581775,0.5691428571428571,0.562835254250887,0.029184402339617534,26,1.0,1.0,1.0,1.0,1.0,1.0,0.0,scale
tuned_svc_rbf,Tuned SVC RBF Kernel,0.22054057121276854,0.005686501677529128,0.03763656616210938,0.0038101142156691968,5.0,balanced,0.95,1,"(1, 2)",True,"{'classifier__C': 5, 'classifier__class_weight': 'balanced', 'classifier__gamma': 'scale', 'tfidf__max_df': 0.95, 'tfidf__min_df': 1, 'tfidf__ngram_range': (1, 2), 'tfidf__sublinear_tf': True}",0.5402837902837903,0.5122242098986285,0.5308708385631462,0.5426433168687322,0.5660911665296428,0.538422664428788,0.017494072131129336,40,1.0,1.0,1.0,1.0,1.0,1.0,0.0,scale
tuned_svc_rbf,Tuned SVC RBF Kernel,0.11803150177001953,0.00844630383649049,0.02572765350341797,0.0030327906177595467,5.0,balanced,0.95,2,"(1, 1)",True,"{'classifier__C': 5, 'classifier__class_weight': 'balanced', 'classifier__gamma': 'scale', 'tfidf__max_df': 0.95, 'tfidf__min_df': 2, 'tfidf__ngram_range': (1, 1), 'tfidf__sublinear_tf': True}",0.5215148106486689,0.5553420963936636,0.606425702811245,0.6051988162900507,0.5700348862338304,0.5717032624754917,0.031990473331378444,21,0.993239188252708,0.9971599834122925,0.990451681528065,0.9976324628660583,0.9932100918645683,0.9943386815847383,0.002698151549322835,scale
tuned_svc_rbf,Tuned SVC RBF Kernel,0.15170707702636718,0.006652343753544823,0.0458409309387207,0.02889629753877165,5.0,balanced,0.95,2,"(1, 2)",True,"{'classifier__C': 5, 'classifier__class_weight': 'balanced', 'classifier__gamma': 'scale', 'tfidf__max_df': 0.95, 'tfidf__min_df': 2, 'tfidf__ngram_range': (1, 2), 'tfidf__sublinear_tf': True}",0.545487495469373,0.5180383141762452,0.5678407063022447,0.6098094919786096,0.5801838610827375,0.564271973801842,0.031080532424002397,24,0.993239188252708,0.9971599834122925,0.990451681528065,0.9976324628660583,0.9932100918645683,0.9943386815847383,0.002698151549322835,scale
tuned_svc_rbf,Tuned SVC RBF Kernel,0.13415369987487794,0.006931693795278262,0.026706361770629884,0.0033986046956669858,5.0,balanced,0.95,1,"(1, 1)",True,"{'classifier__C': 5, 'classifier__class_weight': 'balanced', 'classifier__gamma': 0.1, 'tfidf__max_df': 0.95, 'tfidf__min_df': 1, 'tfidf__ngram_range': (1, 1), 'tfidf__sublinear_tf': True}",0.6453500130665485,0.6845360221483457,0.6863523573200992,0.6790330383757043,0.7028934001914869,0.679632966220437,0.018899305559065365,3,0.9727738144639008,0.9674215746136454,0.9798528527515497,0.9759527724388164,0.9754630797253748,0.9742928187986575,0.004112427630985466,0.1
tuned_svc_rbf,Tuned SVC RBF Kernel,0.21711187362670897,0.006690994831741234,0.03451647758483887,0.0019622282241266954,5.0,balanced,0.95,1,"(1, 2)",True,"{'classifier__C': 5, 'classifier__class_weight': 'balanced', 'classifier__gamma': 0.1, 'tfidf__max_df': 0.95, 'tfidf__min_df': 1, 'tfidf__ngram_range': (1, 2), 'tfidf__sublinear_tf': True}",0.6529100529100529,0.5531289910600256,0.620738703712484,0.6330990097420836,0.6938192303405125,0.6307391975530316,0.046042502334779974,8,0.9940705758887578,0.9940734866674429,0.9976336209779918,0.9952672419559837,0.9940826237186423,0.9950255098417637,0.0013833263775540844,0.1
tuned_svc_rbf,Tuned SVC RBF Kernel,0.10992708206176757,0.008673916706975392,0.024491405487060545,0.003022950669172265,5.0,balanced,0.95,2,"(1, 1)",True,"{'classifier__C': 5, 'classifier__class_weight': 'balanced', 'classifier__gamma': 0.1, 'tfidf__max_df': 0.95, 'tfidf__min_df': 2, 'tfidf__ngram_range': (1, 1), 'tfidf__sublinear_tf': True}",0.6673400673400675,0.6505787321063394,0.6909058573685257,0.7404525308380467,0.7065175301757997,0.6911589435657558,0.03124067991641033,2,0.9534407340232582,0.9444507117866943,0.9478861894539466,0.9579235331406727,0.9444882517862934,0.9496378840381731,0.005284080833434224,0.1
tuned_svc_rbf,Tuned SVC RBF Kernel,0.13793530464172363,0.004532340420978162,0.02903776168823242,0.0017758639154690239,5.0,balanced,0.95,2,"(1, 2)",True,"{'classifier__C': 5, 'classifier__class_weight': 'balanced', 'classifier__gamma': 0.1, 'tfidf__max_df': 0.95, 'tfidf__min_df': 2, 'tfidf__ngram_range': (1, 2), 'tfidf__sublinear_tf': True}",0.6873558751133567,0.6318824391611819,0.7009361009361009,0.7052917844173171,0.7332226303695131,0.691737765999494,0.03344002353867217,1,0.9613464373501083,0.9573863253494631,0.9683980463348715,0.9692377479506192,0.9572479660417405,0.9627233046053606,0.005196135279185267,0.1
tuned_svc_rbf,Tuned SVC RBF Kernel,0.14230213165283204,0.007855210292900558,0.029117298126220704,0.0026958586261180088,5.0,balanced,0.95,1,"(1, 1)",True,"{'classifier__C': 5, 'classifier__class_weight': 'balanced', 'classifier__gamma': 0.01, 'tfidf__max_df': 0.95, 'tfidf__min_df': 1, 'tfidf__ngram_range': (1, 1), 'tfidf__sublinear_tf': True}",0.4192546583850931,0.4416811258916522,0.4362102876954362,0.4298146435056703,0.39456440004296917,0.4243050231041642,0.016637494005420157,64,0.4080955051550341,0.41690890685187476,0.4261881967946177,0.4173261631696703,0.41366589209084587,0.41643693281240857,0.0058882717569199465,0.01
tuned_svc_rbf,Tuned SVC RBF Kernel,0.227239990234375,0.025074659354251728,0.03899679183959961,0.0020205411880670114,5.0,balanced,0.95,1,"(1, 2)",True,"{'classifier__C': 5, 'classifier__class_weight': 'balanced', 'classifier__gamma': 0.01, 'tfidf__max_df': 0.95, 'tfidf__min_df': 1, 'tfidf__ngram_range': (1, 2), 'tfidf__sublinear_tf': True}",0.30018630647414996,0.30320117474302494,0.32677934920087387,0.2832251862533045,0.30994152046783624,0.3046667074278379,0.014133316580502814,70,0.23728560423839393,0.2346846562848076,0.23516815719863962,0.23254994047266675,0.23516815719863962,0.2349713030786295,0.001508552697202188,0.01
tuned_svc_rbf,Tuned SVC RBF Kernel,0.11372504234313965,0.003226759475672145,0.025566720962524415,0.0012335942211604241,5.0,balanced,0.95,2,"(1, 1)",True,"{'classifier__C': 5, 'classifier__class_weight': 'balanced', 'classifier__gamma': 0.01, 'tfidf__max_df': 0.95, 'tfidf__min_df': 2, 'tfidf__ngram_range': (1, 1), 'tfidf__sublinear_tf': True}",0.6333384392910743,0.5487966424027806,0.6221236028928336,0.5811538650547939,0.4654394693200663,0.5701704037923098,0.060391023071682134,22,0.7782129557339642,0.718601691743394,0.7981891114422224,0.7209683050455339,0.540828231180209,0.7113600590290647,0.09081239792688757,0.01
tuned_svc_rbf,Tuned SVC RBF Kernel,0.1487417221069336,0.01213431528619645,0.031934356689453124,0.0021371046985191517,5.0,balanced,0.95,2,"(1, 2)",True,"{'classifier__C': 5, 'classifier__class_weight': 'balanced', 'classifier__gamma': 0.01, 'tfidf__max_df': 0.95, 'tfidf__min_df': 2, 'tfidf__ngram_range': (1, 2), 'tfidf__sublinear_tf': True}",0.5621808510638298,0.47528316896490824,0.6199197860962568,0.6053828817153337,0.4639924935491438,0.5453518362778944,0.06477079910478668,36,0.7728147352362087,0.6533845738942827,0.750180575374804,0.7479459772899912,0.4786685484291822,0.6805988820448938,0.10899310534770631,0.01
